best_model,calibration_method,test_accuracy,test_precision,test_recall,test_f1,test_auc,test_logloss
XGBoost,venn_abers,0.6853059367654863,0.5602649006622517,0.17176170311502986,0.2629195524773575,0.6823134093842338,0.5851121301805506
