model,threshold,accuracy,recall,f1,precision,specificity,tp,tn,fp,fn,auc,dual_min,meets_dual_target
LGB_tuned_best,0.53,0.6658671482589311,0.6786703601108033,0.6454896559983234,0.615402180738711,0.6554669121407385,10780,12817,6737,5104,0.7282631207789666,0.6658671482589311,0
OOF_meta_cal,0.47,0.6656131835882386,0.6764668849156383,0.6445710857828434,0.6155476626947755,0.6567965633629947,10745,12843,6711,5139,0.7282901784588569,0.6656131835882386,0
STACK_blend,0.47,0.6650488176533664,0.688806346008562,0.648317136762266,0.6123237071860309,0.6457502301319423,10941,12627,6927,4943,0.7283128349192791,0.6650488176533664,0
CAT_bal,0.53,0.6646537614989559,0.6753336691009821,0.6435299058131861,0.6145869141744013,0.6559783164569909,10727,12827,6727,5157,0.7280645829600185,0.6646537614989559,0
TwoStage_gate,0.5,0.6644562334217506,0.6777260135985897,0.6442057389066754,0.6138450134002394,0.653676997033855,10765,12782,6772,5119,0.7260460330337568,0.6644562334217506,0
XGB_bal,0.52,0.6640893955640838,0.6846512213548225,0.6462827598502406,0.6119864940911649,0.6473867239439501,10875,12659,6895,5009,0.72538206384134,0.6640893955640838,0
LGB_bal,0.52,0.6638636491901349,0.6830773105011332,0.6456027609187195,0.6120261732851986,0.6482561112815792,10850,12676,6878,5034,0.7249272056973763,0.6638636491901349,0
