strategy,model,threshold,cal_accuracy,cal_recall,cal_f1,test_accuracy,test_recall,test_f1,test_precision,test_auc,test_min_acc_rec_f1,meets_0_90_all,n_features,blend_members,blend_weights
S5_combined_top2_features,CAT_bal,0.525,0.6923964697895452,0.7240305689215963,0.6930840615051141,0.6947046843177189,0.7261534106991225,0.6953045599295345,0.6669699727024567,0.7651332988045313,0.6947046843177189,False,88,,
S4_probability_blend,blend_dirichlet_search,0.515,,,,0.6942294636795655,0.7427115765638268,0.6997333333333333,0.6614570204184522,0.76550627338893,0.6942294636795655,False,37,"['S1_highcol_interactions', 'S2_transform_copies', 'S3_domain_aggregates']","{'S1_highcol_interactions': 0.44968500036540143, 'S2_transform_copies': 0.5315595977823262, 'S3_domain_aggregates': 0.018755401852272428}"
S2_transform_copies,CAT_bal,0.515,0.693550577053632,0.7441268044155109,0.6996673320026613,0.6938900203665987,0.7428530993489952,0.6995402145665356,0.6609998740712757,0.765381960838075,0.6938900203665987,False,82,,
S1_highcol_interactions,CAT_bal,0.52,0.6930753564154786,0.7349278233795641,0.6967196619038036,0.693346911065852,0.7336541183130484,0.6965401410816258,0.6630003836807776,0.7647884847430165,0.693346911065852,False,43,,
S3_domain_aggregates,CAT_bal,0.5,0.6926001357773252,0.7659213133314464,0.7050547159979156,0.693346911065852,0.7649306538352675,0.7052913159783388,0.6542791429609006,0.765403547494633,0.693346911065852,False,42,,
