{
  "best_model": "CatBoost_GPU",
  "calibration_method": "isotonic",
  "test_accuracy": 0.7014848646618028,
  "test_precision": 0.5719786972552233,
  "test_recall": 0.4141797686146544,
  "test_f1": 0.480454232622161,
  "test_auc": 0.7475513222734806,
  "test_logloss": 0.5413730266863913,
  "best_k_imputer": 11,
  "collinearity_threshold": 0.7
}