target,count,label,proportion,percent
0,100365,No HTN,0.6638379776306478,66.38379776306478
1,50824,HTN,0.3361620223693523,33.61620223693523
