score,label
0.0023364904,0
0.36947834,0
0.13611722,0
0.49101016,1
0.44989482,1
0.33075354,0
0.0046066283,0
0.6270262,1
0.0045529767,0
0.79323375,1
0.8576507,0
0.0046393857,0
0.31876767,0
0.78488815,0
0.7006615,0
0.034526885,0
0.23697838,0
0.0027484559,0
0.40214476,0
0.4877582,0
0.15482114,0
0.008290693,0
0.2152118,0
0.5125032,0
0.6287517,0
0.10154691,0
0.6183624,0
0.41080981,1
0.57894766,1
0.11619167,0
0.7058714,0
0.55533034,1
0.5293696,0
0.0033746636,0
0.7291571,1
0.5374832,0
0.6290993,0
0.093982145,0
0.6109616,0
0.59474206,0
0.23523381,0
0.78093743,0
0.30440998,0
0.8754501,0
0.33299342,0
0.24005443,0
0.1390101,0
0.42902938,0
0.60469455,0
0.008016152,0
0.28527233,0
0.06303779,0
0.44094062,0
0.0130474605,0
0.0051258537,0
0.015663568,0
0.42348832,0
0.41991112,0
0.5862388,0
0.034916956,0
0.0061020693,0
0.5771571,0
0.03581483,0
0.0039455756,0
0.49151525,0
0.6767057,0
0.45238653,0
0.031845614,0
0.27700743,0
0.87612885,1
0.29726106,0
0.68677753,0
0.004180806,0
0.65066624,1
0.41584885,0
0.02551696,0
0.90145755,0
0.35942748,0
0.033919353,0
0.44072926,1
0.28378686,0
0.041955363,0
0.19842398,0
0.07506263,0
0.11710388,0
0.0045195455,0
0.08715695,0
0.81858224,0
0.005915663,0
0.0072532645,0
0.420569,1
0.032660462,0
0.13914314,0
0.014695747,0
0.0025642004,0
0.0032753432,0
0.15654716,0
0.8845573,1
0.59063244,0
0.483071,0
0.36959514,0
0.08307424,0
0.0019981624,0
0.11162047,0
0.0035442375,0
0.66813433,1
0.7975733,1
0.0029191705,0
0.0022810998,0
0.006826259,0
0.07370957,0
0.24296755,0
0.21119253,0
0.802964,1
0.045838766,0
0.3125732,1
0.008238988,0
0.6771722,0
0.012061385,0
0.4136103,1
0.5844821,0
0.0025967506,0
0.088035464,0
0.14363454,0
0.003440802,0
0.006340634,0
0.024099188,0
0.6778003,0
0.75192404,0
0.06960996,0
0.01632352,0
0.67502147,0
0.07407505,0
0.3821091,0
0.01820542,0
0.005796431,0
0.4695195,0
0.025273243,0
0.5122699,0
0.44988617,0
0.7210273,1
0.31149718,0
0.297821,0
0.0016948477,0
0.62054116,0
0.011897968,0
0.5992232,0
0.016121212,0
0.12895268,0
0.19778025,0
0.04578528,0
0.045210633,0
0.8148794,0
0.7302926,0
0.17356147,0
0.72554684,0
0.13735414,0
0.5348993,0
0.4084786,0
0.47912377,1
0.12160056,0
0.004996724,0
0.006600672,0
0.7463223,1
0.01473705,0
0.22912808,0
0.06790502,0
0.043074414,0
0.14995137,0
0.46957457,0
0.26907936,0
0.5539506,0
0.56401455,0
0.44003856,1
0.23374,0
0.15449443,0
0.08930625,0
0.61988837,0
0.0028952744,0
0.09876697,0
0.017721161,0
0.22663262,0
0.042034592,1
0.045022544,0
0.5990515,1
0.24458265,0
0.88122636,0
0.6336227,1
0.6844026,0
0.18118712,0
0.4549101,0
0.015124484,0
0.00834387,0
0.08936974,0
0.5967999,0
0.4286265,0
0.047616355,0
0.047007114,0
0.021759627,0
0.0028157188,0
0.002128353,0
0.048184585,0
0.24487121,0
0.00301961,0
0.46888953,0
0.69476825,0
0.05510979,0
0.44886824,0
0.07853377,0
0.0060046227,0
0.012070974,0
0.6320414,0
0.052350592,0
0.14046395,0
0.5962637,0
0.25593275,0
0.7978782,0
0.31734103,0
0.024272902,0
0.0058804583,0
0.72466487,1
0.72904027,0
0.6774993,0
0.004188574,0
0.580521,1
0.05218025,0
0.07027291,0
0.4353053,0
0.012550929,0
0.027000092,0
0.0019046828,0
0.0066535873,0
0.520968,0
0.5408143,1
0.09041614,0
0.003561478,0
0.0029190455,0
0.38111964,0
0.36008963,0
0.27449158,0
0.84145474,1
0.5166211,0
0.75594366,0
0.66974384,1
0.3840691,1
0.12087645,0
0.25168648,0
0.03791617,0
0.06956416,0
0.27070025,0
0.00675347,0
0.0049893567,0
0.0070465286,0
0.13029073,0
0.3602556,0
0.0059919693,0
0.077305205,0
0.828155,1
0.33065623,0
0.21335226,0
0.34372503,0
0.6602932,0
0.0036532087,0
0.7619972,0
0.07696636,0
0.003115697,0
0.12039175,0
0.72469264,0
0.021726994,0
0.61029214,0
0.009692211,0
0.012469831,0
0.0029724427,0
0.7513611,0
0.4487093,0
0.0049485867,0
0.0061582867,0
0.11327333,0
0.80034065,1
0.06940852,0
0.0026746793,0
0.80222803,1
0.18632443,0
0.52368706,0
0.5400446,0
0.75219506,1
0.72007227,0
0.022017956,0
0.0041936603,0
0.41345683,0
0.2945775,0
0.0042657726,0
0.10807465,0
0.009221674,0
0.32383665,1
0.09964477,0
0.021191008,0
0.016242057,0
0.8108497,1
0.30037794,0
0.23803218,0
0.8373224,1
0.033456936,0
0.40415168,0
0.54229677,0
0.72809446,0
0.23986468,0
0.004299637,0
0.0045969673,0
0.677837,0
0.50725067,1
0.07970618,0
0.46837723,0
0.6791498,0
0.77572286,0
0.092248045,0
0.029332357,0
0.8459765,0
0.50435114,1
0.5628096,0
0.6122748,0
0.075910226,0
0.034740526,0
0.6006227,0
0.27775866,0
0.00729643,0
0.77100056,1
0.019822508,0
0.00517138,0
0.006561943,0
0.13809352,0
0.8455448,1
0.350153,0
0.002235263,0
0.04861087,0
0.24856949,0
0.29980943,0
0.36103645,1
0.8394067,0
0.23821901,0
0.67803204,0
0.0017379251,0
0.46225926,0
0.0066155153,0
0.63899285,0
0.7730628,0
0.4480293,0
0.58792806,0
0.004487967,0
0.40537146,0
0.07098942,0
0.538132,0
0.31157726,0
0.7296132,1
0.0045582987,0
0.55739325,1
0.0024649117,0
0.053566333,0
0.64679,0
0.60919684,0
0.01273374,0
0.14343275,0
0.4290177,0
0.008457815,0
0.44512063,1
0.10991518,0
0.5765723,0
0.74788475,0
0.1406785,0
0.4926587,0
0.012737283,0
0.436871,0
0.68174213,1
0.7737034,0
0.6159146,1
0.43003607,0
0.55953014,0
0.06867827,0
0.89144385,1
0.071209274,0
0.40868133,0
0.4514026,0
0.13007148,0
0.76480776,1
0.070921175,0
0.5819508,0
0.46103483,0
0.015858045,0
0.17414121,0
0.6707982,0
0.004456064,0
0.7219856,0
0.7567869,0
0.14272952,0
0.010577458,0
0.6565051,0
0.23890102,0
0.46752873,0
0.018926628,0
0.6575359,1
0.5067427,1
0.20460099,0
0.010352639,0
0.023427844,0
0.34078526,1
0.7053136,0
0.0038229453,0
0.5741391,0
0.41178423,0
0.0032886362,0
0.74658674,1
0.7118213,0
0.14700177,0
0.121748075,0
0.8592773,1
0.0018812679,0
0.78658944,0
0.8365354,1
0.012069474,0
0.4102034,0
0.0030412031,0
0.1938746,0
0.14651532,0
0.027589308,0
0.0056979484,0
0.84804606,1
0.63613755,1
0.3368946,0
0.0051637883,0
0.7599179,0
0.24846612,0
0.20111677,0
0.0051950305,0
0.49944404,0
0.52621156,1
0.03130873,0
0.6637729,1
0.32844388,1
0.0024444724,0
0.14154714,0
0.0030596026,0
0.1107914,0
0.29852346,0
0.012090574,0
0.1048025,0
0.029737735,0
0.10047852,0
0.7935527,0
0.008648563,0
0.005326278,0
0.029896645,0
0.0070394757,0
0.27648497,0
0.0051550968,0
0.10440744,0
0.021713061,0
0.017203955,0
0.46746016,0
0.5606079,0
0.2798482,0
0.0026621798,0
0.002718273,0
0.7823428,1
0.4342628,0
0.038634557,0
0.0027475462,0
0.004045948,0
0.08078826,0
0.51504457,0
0.011944322,0
0.053637434,0
0.7423876,0
0.18868399,0
0.47238722,0
0.013497159,0
0.0029735041,0
0.08794354,0
0.038634453,0
0.003948794,0
0.78106016,0
0.091546915,0
0.75576097,1
0.77995145,0
0.64785385,0
0.009943613,0
0.0023144116,0
0.0045297453,0
0.022626081,0
0.5116557,0
0.0031412856,0
0.004798531,0
0.0035933973,0
0.67430615,1
0.6104938,0
0.58289886,1
0.0092342775,0
0.55007887,0
0.5010638,0
0.8410768,0
0.008040502,0
0.35398787,0
0.6898459,1
0.1002196,0
0.0030711594,0
0.6081997,0
0.7813813,0
0.7323956,0
0.11092146,0
0.76419216,0
0.18924263,0
0.69468564,1
0.8007556,0
0.10220803,0
0.046771396,0
0.6753571,1
0.014069989,0
0.7073232,1
0.13372794,0
0.750922,1
0.8189798,1
0.53820336,0
0.016933654,0
0.008517587,0
0.7198039,0
0.76248026,1
0.6819412,0
0.0055105956,0
0.011103924,0
0.3304773,0
0.03388828,0
0.01563945,0
0.03212846,0
0.023785375,0
0.019776925,0
0.0031940679,0
0.003566948,0
0.24348512,0
0.857057,1
0.15186389,0
0.2005406,0
0.0033178658,0
0.37982917,0
0.0039478606,0
0.01164308,0
0.82691467,1
0.13133451,0
0.5339589,0
0.003950884,0
0.3765062,0
0.798455,1
0.0026658005,0
0.39323702,0
0.025924109,0
0.5240227,1
0.07960015,0
0.87735,1
0.008055054,0
0.0037183636,0
0.04803533,0
0.0060818586,0
0.36441857,0
0.6211831,0
0.60043514,0
0.0068740635,0
0.70163465,0
0.0029110292,0
0.5488201,1
0.0183194,0
0.009669362,0
0.06298645,0
0.1124511,0
0.0029380708,0
0.81065047,0
0.010084659,0
0.8412375,1
0.18819492,1
0.016606715,0
0.71225667,1
0.6293204,0
0.0064461143,0
0.12272066,0
0.6618964,0
0.00390916,0
0.55244225,0
0.16519594,0
0.030170886,0
0.0035137148,0
0.0036021648,0
0.22847682,0
0.33976415,0
0.005987676,0
0.047795635,0
0.34899354,0
0.004052615,0
0.006206655,0
0.0035867435,0
0.16798587,0
0.31734592,0
0.2859803,0
0.033196524,0
0.6792328,0
0.014545214,0
0.008078592,0
0.67283493,0
0.19931248,0
0.51675445,0
0.4536683,1
0.7170997,0
0.00442523,0
0.009479913,0
0.005835519,0
0.18164401,0
0.7745691,0
0.1342325,0
0.07552335,0
0.018082077,0
0.011452281,0
0.0035483458,0
0.8231467,0
0.04098134,0
0.34733585,1
0.34899896,0
0.019550256,0
0.69914037,1
0.006444649,0
0.0071892496,0
0.06956256,0
0.3565378,0
0.046722323,0
0.0053343987,0
0.030007165,0
0.0019717398,0
0.08452865,1
0.41343835,0
0.0053758966,0
0.02778175,0
0.2770894,0
0.20849036,0
0.18171093,0
0.6633812,0
0.4530282,0
0.016679736,0
0.5041896,1
0.6318823,0
0.03693998,0
0.34003362,0
0.03423691,0
0.09344206,0
0.0084938565,0
0.0018352075,0
0.5178928,0
0.046713877,0
0.0019672231,0
0.48260555,0
0.2333713,0
0.75819886,0
0.6034169,0
0.6556833,0
0.9047127,1
0.0053423485,0
0.27918258,0
0.74577737,1
0.028316408,0
0.039211262,0
0.09504704,0
0.027885254,0
0.37740347,0
0.023710534,0
0.3534289,0
0.465242,1
0.45584103,0
0.6371651,0
0.7121217,1
0.012170819,0
0.7896697,1
0.74862045,1
0.045065884,0
0.01751856,0
0.0036225356,0
0.7135497,0
0.6946539,1
0.0035109243,0
0.113299124,0
0.0039531854,0
0.4193763,0
0.0055767777,0
0.91008586,0
0.0025567706,0
0.0070181293,0
0.7754847,1
0.81378627,0
0.27846408,0
0.011877239,0
0.88782626,1
0.1362703,0
0.36306813,1
0.6999281,0
0.7311405,0
0.28167185,0
0.5601765,1
0.84979737,0
0.002625034,0
0.06469405,0
0.069025114,0
0.026885053,0
0.02621365,0
0.75225633,1
0.0015535326,0
0.7263805,1
0.26218888,0
0.46084982,0
0.55414176,0
0.5258374,0
0.02761211,0
0.7048915,0
0.26293668,0
0.5588674,1
0.79637384,1
0.51932865,0
0.841653,0
0.0172662,0
0.0029880719,0
0.6402734,1
0.6996221,0
0.006295081,0
0.5739002,1
0.63217014,0
0.31621784,0
0.6612538,0
0.44007206,0
0.0029763752,0
0.0040486464,0
0.02593869,0
0.2430696,1
0.0069540357,0
0.76630867,0
0.023521964,0
0.75183743,0
0.0030675528,0
0.31980285,1
0.26150885,0
0.73960376,1
0.056173462,0
0.7089244,0
0.8076379,1
0.0045920233,0
0.005828806,0
0.7877134,0
0.5962662,0
0.8037016,1
0.4914648,0
0.014086753,0
0.00461549,0
0.086139314,0
0.36527807,0
0.0025650738,0
0.65096104,0
0.32378042,0
0.5497669,0
0.026963769,0
0.509882,0
0.32768655,0
0.6748017,1
0.0039317715,0
0.22913438,0
0.62462336,0
0.0021047776,0
0.84624916,0
0.069318615,0
0.15981573,0
0.17223325,0
0.71316093,0
0.173858,0
0.6331984,0
0.44495848,0
0.34520805,0
0.005417285,0
0.09214635,0
0.0032618078,0
0.006965098,0
0.63224095,0
0.038441036,0
0.27989894,1
0.0019321807,0
0.0033009863,0
0.029106732,0
0.0021040656,0
0.010382948,0
0.38951018,0
0.004181178,0
0.052384347,0
0.042069457,0
0.3458779,0
0.005232846,0
0.54192275,0
0.17283325,0
0.0074215513,0
0.035071682,0
0.036483884,0
0.36178637,1
0.7339113,0
0.2756939,0
0.014154729,0
0.0014495266,0
0.89924085,1
0.77541494,0
0.1336087,0
0.0054582986,0
0.006963179,0
0.5309428,0
0.018847458,0
0.06286174,0
0.84374607,1
0.6636381,1
0.49355215,0
0.26653945,0
0.01961177,0
0.003373013,0
0.31756118,0
0.0053339936,0
0.64287895,1
0.27841118,0
0.016325373,0
0.039217334,0
0.09140483,0
0.051475875,0
0.56409734,0
0.7161277,1
0.36848894,0
0.0023635533,0
0.19583586,1
0.20744883,0
0.028775835,0
0.744396,1
0.0020879952,0
0.0369562,0
0.57926375,0
0.19581899,0
0.58755183,0
0.3842912,0
0.2867583,0
0.23253033,0
0.004711444,0
0.23538837,0
0.50406265,0
0.022176225,0
0.05732074,0
0.0059873383,0
0.04377331,0
0.009142222,0
0.023550482,0
0.25379854,0
0.6963731,0
0.009597447,0
0.5565775,1
0.10707634,0
0.0043912292,0
0.47334015,0
0.010824905,0
0.7221578,0
0.25246656,0
0.32105628,0
0.6056192,1
0.054738868,0
0.6333167,0
0.17773813,0
0.28990725,0
0.09991419,0
0.0029374002,0
0.061102465,0
0.011575365,0
0.8001451,1
0.42193037,0
0.109006904,0
0.8773037,1
0.0030913083,0
0.006765927,0
0.5482985,0
0.013050778,0
0.6683521,0
0.35303527,0
0.011785077,0
0.5984718,1
0.78837544,0
0.0042087617,0
0.8719988,1
0.118498184,0
0.8134135,1
0.021649737,0
0.024779042,0
0.3149568,0
0.5526463,0
0.8034533,0
0.12054669,0
0.30363482,0
0.021024132,0
0.14106752,0
0.0020597626,0
0.627597,0
0.40951714,0
0.00840108,0
0.17815287,1
0.8082992,1
0.01944402,0
0.7751948,0
0.7929681,1
0.005224379,0
0.0038401082,0
0.6455429,0
0.73258567,1
0.7680217,0
0.4876448,0
0.089085035,1
0.0043192874,0
0.037671145,0
0.8420668,1
0.8458695,0
0.008336188,0
0.057522573,1
0.01677129,0
0.74894863,1
0.206659,0
0.8262232,1
0.18192859,0
0.69971913,0
0.008199775,0
0.6435212,1
0.8619043,1
0.5494235,1
0.009548616,0
0.63814145,0
0.7200967,1
0.016481867,0
0.55255115,0
0.69371945,1
0.04157414,0
0.006652891,0
0.56750053,1
0.652686,0
0.009147204,0
0.64116436,0
0.05752009,0
0.7951411,0
0.39490134,1
0.0060218265,0
0.020456368,0
0.19697736,0
0.743413,0
0.08717361,0
0.0050596213,0
0.0014262083,0
0.08539616,0
0.77315253,1
0.007062458,0
0.081273384,0
0.041365333,0
0.044315316,0
0.61186075,1
0.44162557,0
0.74196124,0
0.08118554,0
0.0077033043,0
0.0117983,0
0.43453178,0
0.011772888,0
0.07243588,0
0.07442469,0
0.13245426,0
0.0068161613,0
0.09256172,0
0.65279126,0
0.10515109,0
0.23004463,1
0.005308248,0
0.008607039,0
0.549401,0
0.00295025,0
0.204056,0
0.0014047734,0
0.3989248,0
0.45932835,0
0.608866,0
0.7785446,1
0.00661242,0
0.80208576,1
0.018673236,0
0.15597308,0
0.16246922,0
0.0025002537,0
0.059073754,0
0.6727588,0
0.5767642,0
0.73296136,0
0.49080405,0
0.7660355,0
0.0030047442,0
0.5894802,0
0.42421594,0
0.7553213,0
0.023106141,0
0.7298511,0
0.8185389,1
0.005129089,0
0.017266557,0
0.45344645,0
0.029246189,0
0.18496315,0
0.10584393,0
0.021635486,0
0.0039446796,0
0.46992558,0
0.61388266,1
0.87036777,0
0.52776283,0
0.62677145,1
0.7679177,1
0.3744267,0
0.65781003,0
0.02776222,0
0.018980334,0
0.016872086,0
0.5861566,0
0.6754401,1
0.013803982,0
0.37117603,0
0.15172829,0
0.0806997,0
0.08224605,0
0.45862353,0
0.07866429,0
0.003878339,0
0.004497758,0
0.007758935,0
0.75575787,1
0.5162517,0
0.12768412,0
0.0041952045,0
0.006431039,0
0.0076245177,0
0.6383661,0
0.0053632935,0
0.009737856,0
0.11823589,0
0.13281575,0
0.7398158,0
0.0020212529,0
0.14449506,0
0.78128785,0
0.67615485,0
0.6734824,1
0.40395117,0
0.7920194,0
0.04950723,0
0.65942204,0
0.01623023,0
0.08007171,0
0.59947866,1
0.4823175,1
0.038314365,0
0.7332676,1
0.35361153,0
0.130809,0
0.04951553,0
0.00894888,0
0.56931823,0
0.33373117,0
0.0026414806,0
0.71173024,0
0.59762794,0
0.007056107,0
0.55403733,0
0.80200577,0
0.054725345,0
0.49671957,1
0.72367567,0
0.021554397,0
0.6722765,0
0.632879,0
0.7954432,0
0.86436135,0
0.031728994,0
0.0040808152,0
0.030010171,0
0.78057337,0
0.3607374,1
0.79439884,0
0.31179553,0
0.053565197,0
0.6704006,0
0.063225426,0
0.0031528417,0
0.2862988,0
0.45802006,1
0.025134651,0
0.006394502,0
0.49597642,0
0.0040317844,0
0.045217033,0
0.3017527,0
0.035901494,0
0.50681037,0
0.38322848,0
0.27359405,0
0.5050948,0
0.015146014,0
0.0030713622,0
0.025867265,0
0.010839324,0
0.25636184,0
0.033143867,0
0.052297782,0
0.2600056,0
0.012141433,0
0.098903015,0
0.3422897,0
0.0022510344,0
0.013523864,0
0.4262006,0
0.37409508,1
0.5367916,0
0.34857878,1
0.020607702,0
0.036611892,0
0.051118795,0
0.033298742,0
0.16115116,0
0.0057995315,0
0.0029173389,0
0.34997037,0
0.13133101,0
0.4257575,0
0.46252343,1
0.0037916666,0
0.30631477,0
0.019481365,0
0.0036642586,0
0.13554412,0
0.028917609,0
0.3724221,0
0.77921474,0
0.002373131,0
0.074294455,0
0.17828493,0
0.061379243,0
0.6533993,1
0.0016249346,0
0.16051315,0
0.11477129,0
0.011687571,1
0.009106126,0
0.00391726,0
0.05768771,0
0.741048,1
0.0037110217,0
0.566015,0
0.8073299,0
0.40999675,0
0.47699,1
0.7712219,0
0.7737779,0
0.84025747,1
0.020839654,0
0.0056387954,0
0.0026681952,0
0.5295469,0
0.08928089,0
0.00437988,0
0.28214395,0
0.82940924,0
0.04349028,0
0.042395562,0
0.004825926,0
0.7979045,1
0.40822098,0
0.3236661,0
0.3306088,0
0.005502793,0
0.3419793,0
0.8214074,0
0.034057975,0
0.056429584,0
0.5684941,0
0.0047633583,0
0.007010936,0
0.21078211,0
0.847567,1
0.80912006,0
0.0029851457,0
0.008770599,0
0.07077779,0
0.004575221,0
0.10583013,0
0.11642267,0
0.06468909,0
0.15058286,0
0.28615096,0
0.592984,0
0.4677476,0
0.004963538,0
0.42512485,0
0.35427746,0
0.5366358,1
0.8155472,0
0.008379653,0
0.47001386,0
0.8324958,0
0.28874266,1
0.02084559,0
0.122942954,0
0.4382109,1
0.34414303,0
0.13431148,0
0.050130628,0
0.7695644,0
0.79316866,0
0.0017461493,0
0.5655143,0
0.13731724,0
0.37810326,0
0.14017974,0
0.7159199,1
0.0067068264,0
0.70516515,1
0.14242823,0
0.009976682,0
0.0049693016,0
0.6405399,0
0.3391001,1
0.69750196,0
0.0064348676,0
0.12542887,0
0.03525115,0
0.002597515,0
0.68093616,0
0.08342703,0
0.0131902965,0
0.006541316,0
0.002060594,0
0.5885619,0
0.71013224,0
0.39096716,1
0.4427394,0
0.034165744,0
0.0045368075,0
0.63969666,0
0.6611139,1
0.01115911,0
0.17740746,0
0.002351061,0
0.74040943,1
0.0033059886,0
0.69663197,0
0.016942568,0
0.5903838,1
0.028473245,0
0.5314518,0
0.015214305,0
0.0040739896,0
0.2889703,0
0.38661554,0
0.19952251,0
0.039181154,0
0.04609335,0
0.0027366155,0
0.02000038,0
0.42134136,0
0.008317564,0
0.78905267,1
0.6517006,1
0.65912503,0
0.5072567,0
0.59701186,0
0.040352713,0
0.01961602,0
0.5606603,1
0.034315478,0
0.2769489,0
0.4911578,0
0.73731256,1
0.016443817,0
0.0050617796,0
0.7568938,0
0.19061351,0
0.64881325,1
0.81982565,0
0.3071938,0
0.3332021,0
0.005297272,0
0.0192814,0
0.6883703,0
0.2569483,0
0.35665196,0
0.3898081,1
0.21022706,0
0.069792435,0
0.39329514,0
0.009338118,0
0.39475816,0
0.021587886,0
0.49530947,1
0.83578736,0
0.45182157,0
0.004708321,0
0.004583046,0
0.1393053,0
0.84440905,0
0.23143615,1
0.0431722,0
0.016979022,0
0.011466277,0
0.6447198,0
0.688579,1
0.004759905,0
0.6102951,1
0.5069321,0
0.6589063,1
0.20767331,0
0.4186315,0
0.031213831,0
0.40051186,0
0.007586034,0
0.5996914,1
0.0055773887,0
0.6080356,0
0.027422596,0
0.008737769,0
0.14029217,0
0.38671643,1
0.010012678,0
0.8213128,0
0.0063447366,0
0.0054181763,0
0.5435583,0
0.013666055,0
0.11302228,0
0.8272146,1
0.24142447,0
0.66024184,0
0.79655015,1
0.5371122,1
0.2227017,0
0.011583153,0
0.3879383,0
0.498917,1
0.1926615,0
0.71408397,0
0.035599798,0
0.50312316,0
0.06752993,0
0.0064116353,0
0.00823106,0
0.06617867,0
0.0047942568,0
0.64505076,0
0.27628848,0
0.15713657,0
0.67906183,1
0.008011326,0
0.2890693,0
0.0034917668,0
0.043030567,0
0.7451438,1
0.008971903,0
0.044952612,0
0.02944564,0
0.017513962,0
0.7717296,0
0.013518025,0
0.43537858,0
0.0034943374,0
0.102542326,0
0.012088041,0
0.090969995,1
0.6818143,0
0.7670531,0
0.028394584,0
0.10745778,0
0.5231261,0
0.77571017,1
0.005098493,0
0.027371772,0
0.015109922,0
0.004024362,0
0.044571932,0
0.5248985,0
0.0043235673,0
0.027476292,0
0.4704812,0
0.085580915,0
0.91446793,0
0.76700675,1
0.47009403,0
0.008829397,0
0.6508819,1
0.027255995,0
0.65804666,0
0.86085176,1
0.91483,1
0.002647093,0
0.00981061,0
0.22661945,0
0.45012408,0
0.77354175,1
0.025614645,0
0.0057191974,0
0.006473035,0
0.018959269,0
0.47590628,1
0.030477632,0
0.72935754,0
0.021525936,0
0.8328075,0
0.005366726,0
0.20526065,0
0.8016096,0
0.4444158,0
0.68357414,0
0.6920916,0
0.037267126,1
0.10023385,0
0.52377206,0
0.6643428,0
0.021758683,0
0.23713385,0
0.018531065,0
0.004437768,0
0.770561,0
0.003932485,0
0.72688824,1
0.37246484,0
0.008904512,0
0.16343294,0
0.02593198,0
0.12858841,0
0.106965266,0
0.7567482,0
0.067321725,0
0.15543294,0
0.0017922694,0
0.0016283094,0
0.5896206,0
0.04433278,0
0.0023860978,0
0.034881353,0
0.65847296,0
0.63622814,1
0.76056504,1
0.77700526,1
0.2615665,0
0.06858466,0
0.3034713,0
0.3086938,1
0.5642458,0
0.00636837,0
0.0113215335,0
0.1628843,0
0.62780976,1
0.8186272,0
0.39296544,1
0.012715553,0
0.7667161,0
0.05730974,0
0.62520343,1
0.50101036,0
0.011870855,0
0.052182313,0
0.4406985,0
0.106682934,0
0.5872855,0
0.006696491,0
0.21197966,0
0.19365701,0
0.0038031428,0
0.02342429,0
0.0025574141,0
0.010913522,0
0.77253217,0
0.069012195,0
0.8519385,1
0.00203343,0
0.21750663,0
0.35711706,1
0.010022807,0
0.1130438,0
0.050221696,0
0.4792654,0
0.12271324,0
0.39547995,0
0.0023475615,0
0.38619778,0
0.551975,0
0.8212405,1
0.13791075,0
0.76927614,0
0.80150545,1
0.13341576,0
0.052325107,0
0.9098801,1
0.00409473,0
0.53883,1
0.32224998,0
0.018536417,0
0.4742403,0
0.53458387,1
0.07446298,0
0.5937442,0
0.7157427,1
0.3955662,0
0.8188603,1
0.017418826,0
0.008682345,0
0.38456646,0
0.5159626,0
0.06459669,0
0.3024728,0
0.71428627,1
0.04927007,0
0.4411935,0
0.11372955,0
0.016881872,0
0.013624186,0
0.10632533,0
0.7923319,1
0.6898649,1
0.0130876545,0
0.008800645,0
0.41562584,0
0.059437048,0
0.009758615,0
0.8014076,0
0.0040734774,0
0.006674294,0
0.59246844,0
0.23002458,0
0.48024738,1
0.27640608,0
0.20575598,0
0.7910627,0
0.0070919306,0
0.38853782,0
0.36843133,1
0.02868796,0
0.3476735,0
0.64960957,1
0.021215921,0
0.78949404,1
0.0017902725,0
0.73311615,1
0.10422576,0
0.046185315,0
0.7102565,1
0.88878244,0
0.8671069,0
0.69145226,0
0.23779762,0
0.52321285,0
0.031550355,0
0.0031693864,0
0.5113514,0
0.06336268,0
0.01986375,0
0.6373167,0
0.124557935,0
0.67653924,0
0.71575284,0
0.7138428,1
0.69915503,0
0.010233589,0
0.62300175,0
0.45595247,0
0.01930672,0
0.012355217,0
0.80219257,1
0.7637529,0
0.015018465,0
0.0040332936,0
0.010353831,0
0.8986518,1
0.8262858,1
0.010027454,0
0.6569037,0
0.0068120426,0
0.8223782,0
0.5639027,0
0.34910953,0
0.012690687,0
0.022071276,0
0.0019643307,0
0.33510256,1
0.010096966,0
0.009821329,0
0.020773608,0
0.00265156,0
0.6978828,0
0.765406,1
0.48182744,1
0.0056140996,0
0.29023212,0
0.6768754,1
0.0042894664,0
0.6405286,0
0.0041362024,0
0.07585124,0
0.0044384953,0
0.07590688,0
0.0029326824,0
0.5744904,0
0.004175442,0
0.00790218,0
0.61660546,1
0.0216709,0
0.031144714,0
0.005794365,0
0.6912391,0
0.00457848,0
0.032157388,0
0.016117893,0
0.0023479562,0
0.012063857,0
0.7677521,0
0.012694934,0
0.04906902,0
0.5478636,0
0.0076877456,0
0.0058615967,0
0.8180178,1
0.0150911575,0
0.581651,0
0.011692332,0
0.6480877,0
0.09300305,0
0.2947756,0
0.6767554,1
0.567289,0
0.7293056,1
0.019758409,0
0.7789341,0
0.16027847,0
0.0698524,0
0.024319746,0
0.003910947,0
0.7683506,0
0.054944903,0
0.007762519,0
0.011727179,0
0.0632736,0
0.0130141,0
0.33056512,0
0.75934434,1
0.79939044,0
0.11594157,0
0.7875608,1
0.20100424,0
0.062233575,0
0.0029192136,0
0.08032384,0
0.0041082944,0
0.47105238,0
0.080896474,0
0.84068215,0
0.0029236805,0
0.25646412,1
0.7159757,0
0.7270691,0
0.017528277,0
0.0048432047,0
0.7550917,0
0.3902492,0
0.10238108,0
0.6291014,0
0.058109876,0
0.7109684,0
0.010428554,0
0.69670296,0
0.6211264,0
0.004192928,0
0.031713996,0
0.538931,0
0.6617483,0
0.5230309,0
0.12393121,0
0.015018676,0
0.13309146,1
0.7003145,0
0.019725509,0
0.0042267363,0
0.122468814,0
0.1307929,0
0.011130067,0
0.19066143,0
0.6205305,0
0.068258904,0
0.60725033,0
0.0085842805,0
0.13203962,0
0.620845,0
0.06400703,0
0.018370314,0
0.00162701,0
0.0072595538,0
0.0069620875,0
0.81636304,1
0.7492348,0
0.52950054,0
0.0034815029,0
0.0077607967,0
0.7079738,1
0.09501799,0
0.71811146,0
0.3522316,0
0.24807903,0
0.8159044,1
0.52198875,1
0.67366594,1
0.81603324,1
0.65248805,0
0.46139538,0
0.035234787,0
0.71211815,0
0.86720586,1
0.3135163,0
0.0066715693,0
0.0070058787,0
0.007823169,0
0.003783694,0
0.0151295,0
0.0024892385,0
0.621271,0
0.1694422,0
0.82848984,0
0.006531382,0
0.7927838,1
0.14275087,1
0.20389594,0
0.7145335,0
0.5649348,0
0.71674603,0
0.013896111,0
0.48841003,0
0.8433957,1
0.0027271786,0
0.06050212,0
0.6548791,0
0.18163455,0
0.12391199,0
0.041842714,0
0.033479378,0
0.3113942,0
0.012283499,0
0.041574094,0
0.6118687,0
0.5124788,0
0.16047828,0
0.6633831,0
0.6626785,0
0.025743159,0
0.52935886,0
0.36926794,0
0.04946418,0
0.01668849,0
0.5437786,0
0.8073981,0
0.860975,1
0.66855645,1
0.030606493,0
0.8875863,1
0.7425308,0
0.004321909,0
0.0077671,0
0.0030972387,0
0.7496527,0
0.84882754,0
0.30528608,0
0.28414422,0
0.013524455,0
0.0030276333,0
0.011342351,0
0.002621663,0
0.36360097,0
0.020701008,0
0.19694477,0
0.8271309,0
0.0038523045,0
0.7037456,0
0.005995741,0
0.008934563,0
0.6283044,1
0.013051785,0
0.0056681666,0
0.80536675,1
0.16864802,0
0.15863886,0
0.78634846,0
0.028503323,0
0.039756294,0
0.8228406,1
0.5801342,0
0.010386412,0
0.10844202,0
0.44988465,0
0.0052832505,0
0.00827638,0
0.69739467,0
0.0904701,0
0.6419798,0
0.4411204,1
0.0035483171,0
0.6000637,1
0.8728057,0
0.0031582129,0
0.004341776,0
0.0145986965,0
0.26087508,1
0.02360638,0
0.020137193,0
0.011162857,0
0.041216485,0
0.5082479,0
0.009957432,0
0.12558977,0
0.19503403,0
0.0035597696,0
0.073313326,1
0.7218353,1
0.52389115,1
0.7423311,0
0.010498474,0
0.0078092027,0
0.7482963,0
0.4753165,0
0.0045219213,0
0.0031357077,0
0.5047895,0
0.5861792,0
0.0018321996,0
0.0039385334,0
0.64745605,1
0.6556802,1
0.3373634,0
0.7890902,0
0.57766473,1
0.004331134,0
0.7109161,1
0.012012409,0
0.38917983,1
0.0033852647,0
0.38418096,0
0.35995424,0
0.69838315,0
0.7382044,0
0.8094678,1
0.3919545,0
0.7067101,0
0.016497921,0
0.6211326,1
0.38058597,0
0.2138371,0
0.15883708,0
0.00839809,0
0.5197905,0
0.8194326,1
0.782801,1
0.009955177,0
0.80096555,0
0.3141019,0
0.10130073,0
0.109050766,0
0.26043168,0
0.032997005,0
0.5491449,0
0.79307604,1
0.37454924,1
0.5985299,0
0.7776655,1
0.019542532,0
0.69560164,0
0.4763367,1
0.12885605,0
0.012573606,0
0.8298031,0
0.006807599,0
0.81537426,0
0.5622421,0
0.004133901,0
0.91270274,0
0.03942046,0
0.771488,0
0.7321359,1
0.11266844,0
0.57613266,0
0.006907933,0
0.84858525,0
0.0063911,0
0.0077475375,0
0.19890298,0
0.019161496,0
0.2973458,0
0.11520155,0
0.035134416,0
0.0015047573,0
0.019994007,0
0.32320526,0
0.029301304,0
0.011739426,0
0.005391559,0
0.044167265,0
0.6569386,0
0.0039413446,0
0.12661849,0
0.0046738456,0
0.012860538,0
0.006686001,0
0.11514547,0
0.64203525,0
0.48002928,0
0.002774705,0
0.7832071,0
0.007724884,0
0.5016901,0
0.03402856,0
0.027342793,0
0.5586425,0
0.41209316,0
0.3798104,1
0.5175202,0
0.020252094,1
0.01135523,0
0.1018945,1
0.20915969,0
0.0064238347,0
0.76613975,0
0.008070133,0
0.90421444,1
0.20665061,0
0.02611168,0
0.0049739867,0
0.08636022,0
0.7414572,1
0.78510344,0
0.22176924,0
0.012222683,0
0.7439667,0
0.04468435,0
0.11256004,0
0.09947553,0
0.008229829,0
0.3817333,0
0.6613825,1
0.7204607,0
0.023333551,0
0.0027532121,0
0.30924532,0
0.7548249,0
0.0065210443,0
0.8276195,1
0.014271203,0
0.0066728275,0
0.0058259415,0
0.72600406,1
0.010930634,0
0.72909117,0
0.5264134,0
0.002461447,0
0.47944924,0
0.37477976,0
0.80561227,0
0.592281,0
0.0030834547,0
0.18573199,0
0.046311565,0
0.009083587,0
0.002760733,0
0.4677895,1
0.11680588,0
0.47849333,1
0.47927383,1
0.0069375965,0
0.8124102,1
0.55238545,0
0.4857794,0
0.58394974,0
0.66433865,0
0.0077494252,0
0.74308705,0
0.77764255,0
0.79289657,1
0.39159116,0
0.015425415,0
0.78631485,0
0.050254587,0
0.003167683,0
0.04343585,0
0.0066573136,0
0.78844315,0
0.7287741,1
0.20127246,0
0.6773009,1
0.14894584,0
0.68522763,0
0.008883207,0
0.0064940355,0
0.0025699046,0
0.0025729365,0
0.022771573,0
0.039859947,0
0.16144,0
0.86059654,0
0.069687955,0
0.012317981,0
0.77719843,0
0.5750234,1
0.80996895,1
0.04221628,0
0.4387888,0
0.23297662,0
0.067477226,0
0.003437831,0
0.56067574,0
0.24425802,1
0.07974249,0
0.51872075,0
0.017210294,0
0.1920579,0
0.011217348,0
0.3368079,0
0.091197394,0
0.31034017,0
0.4551756,0
0.4620794,0
0.8169412,1
0.6107688,0
0.74185055,1
0.06950701,0
0.377565,0
0.16765039,0
0.0032399907,0
0.34388497,0
0.004275408,0
0.0056350883,0
0.5638954,1
0.6117849,0
0.23385815,0
0.08871725,0
0.6138382,1
0.5003685,0
0.0062309704,0
0.13261172,0
0.044920605,0
0.67209035,1
0.00291594,0
0.53957534,0
0.003574685,0
0.2292816,0
0.011684983,0
0.010001043,0
0.24718235,0
0.5755533,0
0.057982087,0
0.006448298,0
0.10852211,0
0.0024014602,0
0.0038137927,0
0.016960185,0
0.0012540957,0
0.5592376,1
0.11795727,0
0.57197684,0
0.0067725317,0
0.57328606,0
0.08677262,0
0.0045596794,0
0.02242485,0
0.08508377,0
0.5438586,0
0.4740012,0
0.075352214,0
0.106177054,0
0.2595323,0
0.11658692,0
0.035188157,0
0.7192461,0
0.74101275,0
0.76167524,0
0.75380534,1
0.3040103,1
0.6617852,0
0.06571638,0
0.5294427,0
0.6416906,1
0.79060274,0
0.0037427808,0
0.8130964,1
0.044001408,0
0.4433262,1
0.5576806,0
0.04023915,0
0.0049519665,0
0.67504036,0
0.6450097,0
0.44637588,0
0.037179016,0
0.01042608,0
0.7741686,0
0.021630753,0
0.17435995,0
0.657978,0
0.11532457,0
0.41721722,0
0.5993486,0
0.011761681,0
0.24578607,1
0.3796233,1
0.0036157297,0
0.6127154,0
0.6402293,0
0.785356,0
0.77223146,0
0.628593,0
0.09892918,0
0.019754212,0
0.37096244,0
0.6981008,0
0.60123885,1
0.78862476,0
0.8681353,1
0.001979537,0
0.5042098,0
0.0060997964,0
0.1418748,0
0.34367472,0
0.8259783,1
0.0037886978,0
0.8272266,0
0.45445743,1
0.0030147918,0
0.21988377,0
0.061156377,0
0.011307957,0
0.58695894,1
0.44540682,1
0.4292205,0
0.03023221,0
0.70674926,0
0.41482317,0
0.24725819,0
0.21963593,0
0.022777589,0
0.76709276,1
0.22772774,0
0.50192976,1
0.58076197,1
0.19401714,0
0.74988276,1
0.0047891447,0
0.011544402,0
0.90479463,1
0.42333448,0
0.7483231,0
0.110783406,0
0.8754652,1
0.41269448,0
0.005827267,0
0.004176005,0
0.58182746,1
0.0070238044,0
0.50099814,0
0.64632297,1
0.6833809,0
0.3312401,0
0.038175024,0
0.002296916,0
0.2583661,0
0.8491058,1
0.046215322,0
0.006740308,0
0.5543854,0
0.02461673,0
0.27892172,0
0.008695825,0
0.53930885,0
0.003803231,0
0.6571056,1
0.0034317004,0
0.12622823,0
0.029393163,0
0.33702403,0
0.5902242,0
0.59501505,1
0.077776894,0
0.008669791,0
0.0090502035,0
0.0026806402,0
0.0036039948,0
0.024813473,0
0.6376431,0
0.774893,0
0.16628432,0
0.005976635,0
0.64862764,0
0.8110213,1
0.6112921,1
0.7709504,0
0.06818411,0
0.024422517,0
0.6401537,0
0.014662001,0
0.012075934,0
0.26742682,0
0.012012437,0
0.0053118574,0
0.6593198,0
0.011587691,0
0.0071941284,0
0.65564,0
0.5447776,1
0.09065301,0
0.026452875,0
0.56128293,0
0.4726956,1
0.0020036108,0
0.49144706,0
0.003716311,0
0.0037161803,0
0.73485786,0
0.45446277,0
0.09171376,0
0.0018912517,0
0.30243117,0
0.6191469,0
0.80541825,1
0.8477628,0
0.39331865,0
0.004519846,0
0.53280306,0
0.85621,0
0.062572695,1
0.016748441,0
0.4393776,0
0.3411482,0
0.31204948,0
0.007766611,0
0.0028430438,0
0.4640425,0
0.004593615,0
0.009545936,0
0.6208571,0
0.5447248,0
0.011410833,0
0.07986863,0
0.09983948,0
0.7121571,0
0.8654676,0
0.0038334338,0
0.010043035,0
0.6918203,1
0.10100149,0
0.31357816,0
0.6901518,0
0.5819308,0
0.7902998,0
0.033183366,0
0.1932449,0
0.0018100723,0
0.6944572,1
0.40537938,0
0.018895596,0
0.006704768,0
0.01540878,0
0.20843115,0
0.050825678,0
0.15477234,0
0.46193817,0
0.0043294113,0
0.63302064,1
0.69804156,1
0.002199818,0
0.6956999,1
0.64312345,1
0.0056019477,0
0.7107088,0
0.2528501,0
0.025925253,0
0.0059171687,0
0.7561342,1
0.0036644393,0
0.00856492,0
0.04932358,0
0.8959505,1
0.0023352138,0
0.009584039,0
0.60415906,0
0.86634564,0
0.002717026,0
0.6028163,1
0.009564579,0
0.71209687,1
0.6352799,1
0.012625216,0
0.2837965,1
0.74921596,1
0.030288342,0
0.0074362694,0
0.0347943,0
0.1572062,0
0.013466495,0
0.5202131,0
0.42624968,0
0.84364444,1
0.002376882,0
0.7796144,0
0.0028320772,0
0.004697453,0
0.9162398,1
0.0032676854,0
0.51658726,0
0.01460505,0
0.56378996,1
0.5397368,0
0.7400566,1
0.6106736,1
0.0050382237,0
0.024119208,0
0.009449746,0
0.077517435,0
0.008729033,0
0.70309323,1
0.31174445,0
0.39133912,0
0.10436925,0
0.51510763,0
0.78437907,0
0.6017072,0
0.52257216,0
0.36558697,0
0.0032753013,0
0.05178241,0
0.06186809,0
0.004339134,0
0.008043708,0
0.72974235,0
0.005111668,0
0.5306371,0
0.19721289,0
0.47095865,0
0.05779225,0
0.30295524,1
0.04055247,0
0.003202392,0
0.011471008,0
0.004903258,0
0.0053410972,0
0.40306664,0
0.0031119285,0
0.0026394979,0
0.008725709,0
0.0033790763,0
0.5039811,0
0.90988684,1
0.005866495,0
0.4200651,1
0.010376365,0
0.52024525,0
0.8432509,1
0.059063416,0
0.0055807163,0
0.0017185909,0
0.004592041,0
0.35733426,0
0.82519305,0
0.003104488,0
0.3684141,1
0.013235476,0
0.009497427,0
0.020473503,1
0.31956998,0
0.004654474,0
0.008725825,0
0.53500545,0
0.010154756,0
0.14163762,0
0.09306686,0
0.85919034,0
0.31076849,0
0.0024718267,0
0.76773316,1
0.44708997,0
0.006914625,0
0.44590417,0
0.3709169,0
0.0027529043,0
0.019323934,0
0.6777973,0
0.86500496,1
0.003385797,0
0.025074927,0
0.5739368,0
0.011734542,0
0.004834035,0
0.446349,0
0.043281656,0
0.15645093,0
0.14611545,0
0.19044255,0
0.75652254,1
0.010239619,0
0.013186033,0
0.34336844,0
0.018545775,0
0.0043309056,0
0.0020829688,0
0.1168821,0
0.58258516,0
0.0009961122,0
0.090247184,0
0.36924982,0
0.8313532,0
0.017184261,0
0.38787118,0
0.691302,0
0.07308142,0
0.15853556,0
0.016229855,0
0.71831083,1
0.003985723,0
0.01869551,0
0.33341515,0
0.0050711897,0
0.0065010535,0
0.64405346,0
0.024654293,1
0.36499363,0
0.0067003523,0
0.016079606,0
0.7292375,0
0.7561904,1
0.09874966,0
0.7282484,0
0.778614,1
0.09541985,0
0.010408555,0
0.5550832,0
0.030487532,0
0.7377011,0
0.0042644707,0
0.23255648,0
0.004663374,0
0.0019295977,0
0.04764942,0
0.006413042,0
0.0027962576,0
0.5181455,0
0.40842935,0
0.29167098,0
0.006367824,0
0.7395113,1
0.010341755,0
0.5281489,1
0.012083428,0
0.43876797,0
0.002954704,0
0.22230086,0
0.29825434,0
0.39116523,0
0.01131649,0
0.0064632325,0
0.4279699,1
0.0025143474,0
0.0048791617,0
0.6252929,1
0.05210793,0
0.005216878,0
0.7128687,0
0.7813945,1
0.5943869,0
0.81164306,0
0.18791747,0
0.70834917,0
0.006451681,0
0.77753943,1
0.57821923,0
0.77300054,1
0.0015846082,0
0.7054731,1
0.1366734,0
0.15229955,0
0.005339175,0
0.060269695,0
0.45456797,0
0.40388152,0
0.038863786,0
0.5999203,0
0.724097,1
0.0030598915,0
0.5987834,0
0.059011616,0
0.9204513,0
0.79649895,1
0.0050633624,0
0.0026627823,0
0.7857809,0
0.02998039,0
0.7006994,0
0.013051269,0
0.004404968,0
0.7204992,0
0.0027127282,0
0.8399721,1
0.0017755596,0
0.023698414,0
0.012086565,0
0.22595972,0
0.55814105,0
0.6360233,0
0.83701384,0
0.020851674,0
0.18797828,0
0.72642183,1
0.54523546,0
0.032694045,0
0.006627879,0
0.042076577,0
0.5590652,1
0.7365661,1
0.020366875,0
0.69485515,1
0.19416253,0
0.88671553,0
0.60221213,0
0.0034706872,0
0.0056026806,0
0.7100593,1
0.015442174,0
0.14409745,0
0.19410849,0
0.03307153,0
0.004002051,0
0.41031197,0
0.2668357,0
0.10213455,0
0.01013011,0
0.47979328,0
0.23320846,0
0.6051898,1
0.035805274,0
0.6881824,0
0.7132191,1
0.002685637,0
0.772978,0
0.011245372,0
0.010440632,0
0.72924477,0
0.0027933856,0
0.004231204,0
0.14420551,1
0.7117196,1
0.73443204,0
0.6846518,0
0.7727349,1
0.003916955,0
0.1969775,0
0.5955195,1
0.2993385,0
0.7907457,1
0.65914637,0
0.0070339474,0
0.13795792,1
0.013313015,0
0.6404837,0
0.026266383,0
0.03557261,0
0.0073781987,0
0.74772376,0
0.5248505,0
0.0034400634,0
0.68788755,0
0.007260289,0
0.24940668,0
0.76066554,0
0.0034154558,0
0.009087823,0
0.5848991,1
0.0031019358,0
0.12306883,0
0.57410675,0
0.0042870212,0
0.68663335,1
0.30130127,0
0.0026287343,0
0.80055255,0
0.013437569,0
0.26033694,0
0.043434583,0
0.3451969,0
0.023277264,0
0.037204448,0
0.07316101,0
0.8569629,1
0.005300632,0
0.60252446,0
0.68664384,0
0.0046074,0
0.02371522,0
0.066477016,0
0.0075711478,0
0.026520262,0
0.15610167,0
0.18387848,0
0.1926868,0
0.3918003,0
0.8300279,1
0.1037287,0
0.043297946,0
0.0023183213,0
0.52552867,1
0.7980592,0
0.036978174,0
0.8319223,1
0.09205425,0
0.7242399,0
0.6494208,0
0.014619757,0
0.86139506,1
0.57683396,1
0.19513154,0
0.098562,0
0.76341605,1
0.8714113,0
0.0059436155,0
0.002122038,0
0.88135415,1
0.009122106,0
0.0025175738,0
0.019886954,0
0.14760114,0
0.004974605,0
0.014345031,0
0.09462356,0
0.071159855,0
0.62509125,0
0.12774464,0
0.0064887553,1
0.27115965,0
0.025595956,0
0.59370375,1
0.46635765,0
0.0051427963,0
0.35770866,1
0.030696033,0
0.7841798,0
0.64017177,0
0.5169894,1
0.0036022456,0
0.55040365,1
0.7109411,0
0.62557125,0
0.033679895,0
0.62075084,1
0.008903503,0
0.22446652,0
0.21711977,0
0.7191872,1
0.15791695,0
0.052675877,0
0.0075146803,0
0.61880356,1
0.5305626,0
0.23926519,0
0.2024223,0
0.6495805,0
0.40497506,1
0.0067490796,0
0.012271848,0
0.76882607,0
0.5832758,0
0.022817262,0
0.7231349,1
0.052170414,0
0.007811017,0
0.13096884,0
0.5837252,1
0.0034273246,0
0.004747353,0
0.0028593168,0
0.84774655,1
0.16865632,0
0.61711806,0
0.031287808,0
0.48891112,0
0.0089109205,0
0.002368454,0
0.49998283,0
0.564819,0
0.103679456,0
0.44698748,1
0.006405014,0
0.00380677,0
0.09919805,0
0.08155563,0
0.34254768,0
0.6674703,1
0.6654375,0
0.72679204,0
0.29485482,0
0.0057751136,0
0.82947195,0
0.794523,1
0.29524994,0
0.02467179,0
0.77202076,1
0.06767525,0
0.6881157,0
0.76172894,0
0.8339612,1
0.012001469,0
0.21241698,0
0.601098,0
0.25235388,0
0.6474138,0
0.06758852,0
0.29989538,0
0.012946594,0
0.0055715838,0
0.5289713,0
0.21325697,0
0.1620353,0
0.8084396,0
0.14328094,1
0.003529353,0
0.09874006,0
0.07578619,0
0.69409585,0
0.011411393,0
0.6826924,0
0.5606916,0
0.008776993,0
0.67312396,1
0.017460367,0
0.7875194,0
0.6148251,1
0.049604554,0
0.006600816,0
0.0027856696,0
0.02117003,0
0.0023978152,0
0.021906622,0
0.8720227,1
0.58989006,0
0.43215558,0
0.005105824,0
0.2803577,0
0.69520587,0
0.11006148,1
0.0991097,0
0.34788397,0
0.6511379,0
0.7820331,1
0.005893764,0
0.81975496,1
0.16770531,0
0.0054789446,0
0.19148369,0
0.0071248924,0
0.10703847,0
0.6493194,0
0.43508586,0
0.22790109,0
0.75445575,1
0.81092536,0
0.8465338,1
0.009953043,0
0.07132856,0
0.39215925,0
0.47476324,0
0.51898724,0
0.7511467,1
0.07390885,0
0.0029879282,0
0.017632343,0
0.34229484,0
0.18701087,0
0.04188708,0
0.0036564174,0
0.035436686,0
0.11444858,0
0.34068173,0
0.05897273,0
0.0187052,0
0.008718869,0
0.007240287,0
0.13594174,0
0.84953785,0
0.13034987,0
0.5844727,1
0.0028706056,0
0.507462,0
0.013234561,0
0.010989663,0
0.5296738,0
0.00647053,0
0.56528974,0
0.45919296,0
0.45048475,0
0.0034560105,0
0.12530632,0
0.8731295,1
0.45805717,0
0.62962484,0
0.0526722,0
0.01048729,0
0.6479323,0
0.8939224,1
0.69456726,0
0.0170502,0
0.7470517,0
0.21633147,0
0.0023973933,0
0.2132169,0
0.004209973,0
0.12130905,0
0.69790787,1
0.37632263,0
0.35182804,0
0.7107421,0
0.011427369,0
0.016870685,0
0.76758987,0
0.0028625163,0
0.0031998088,0
0.65962696,0
0.33931985,0
0.2624125,0
0.007946004,0
0.18521526,0
0.01252122,0
0.003940957,0
0.6068942,1
0.57723796,0
0.61587805,1
0.0074801454,0
0.31902137,0
0.6684106,0
0.019179733,0
0.003300315,0
0.8650213,1
0.5983803,0
0.005400738,0
0.7778246,1
0.68087965,1
0.7209749,1
0.687587,0
0.059013657,0
0.012004708,0
0.10685849,0
0.30471516,0
0.8104446,0
0.07008405,0
0.695725,1
0.59138596,0
0.13613638,0
0.043511756,0
0.15521386,0
0.16822037,0
0.17696406,0
0.04015504,0
0.005922074,0
0.09832716,0
0.033736687,0
0.0058780448,0
0.80685985,1
0.45181778,0
0.025092967,0
0.005088283,0
0.072151855,0
0.7564871,0
0.019902522,0
0.7228313,1
0.010643378,0
0.0016530675,0
0.007868286,0
0.0059523326,0
0.23480779,0
0.0031168035,0
0.16661435,0
0.5167904,0
0.6167738,0
0.0035815462,0
0.7084778,1
0.74227387,0
0.8640776,1
0.16168459,0
0.004356403,0
0.07860393,0
0.0852255,0
0.0032298598,0
0.8128897,1
0.5609151,0
0.05848095,0
0.7573716,1
0.06862744,0
0.04485288,0
0.88091654,1
0.14923622,0
0.0036287848,0
0.008358533,0
0.0033842544,0
0.028018547,0
0.005866339,0
0.0101554645,0
0.09808179,0
0.0031263402,0
0.65846676,0
0.7466456,0
0.1408444,0
0.0026047656,0
0.7630111,0
0.56897044,0
0.063748784,0
0.6513136,1
0.19881974,1
0.031907767,0
0.24125294,0
0.05926581,0
0.043535903,0
0.7379975,0
0.02947672,0
0.785443,1
0.4131479,0
0.2488171,0
0.2698703,0
0.661187,1
0.011046434,0
0.002942779,0
0.34501186,0
0.0243767,0
0.085681036,0
0.015397831,0
0.0022780846,0
0.010635504,0
0.044673696,0
0.017390504,0
0.16543368,0
0.14961515,0
0.0044370433,0
0.12700903,0
0.15393145,0
0.0018200835,0
0.005895172,0
0.47457802,0
0.7405565,0
0.06647064,0
0.55860215,0
0.8089537,0
0.020271873,0
0.006271531,0
0.34470928,0
0.5902756,0
0.0059394278,0
0.77456564,1
0.8385969,1
0.44303626,0
0.2115309,0
0.07582195,0
0.6889701,0
0.25180408,0
0.16226363,0
0.03370236,0
0.006135591,0
0.010338881,0
0.09249008,0
0.8392863,0
0.07306466,0
0.20776589,0
0.19523175,0
0.0026417722,0
0.2590211,0
0.011331956,0
0.4381666,0
0.7796137,0
0.28274605,0
0.002880552,0
0.24046218,0
0.017670922,0
0.0039660884,0
0.18219559,0
0.19999222,0
0.0137321325,0
0.0023730055,0
0.42817265,0
0.03934417,0
0.0013314468,0
0.0045230333,0
0.61506826,0
0.0025084107,0
0.0031430123,0
0.18068066,0
0.70625556,0
0.32396334,0
0.6739717,1
0.47034928,1
0.012923642,0
0.00855492,0
0.0032682463,0
0.84029394,1
0.051701285,1
0.053932536,0
0.6443888,0
0.40280426,0
0.030708078,0
0.06133382,0
0.63442135,0
0.078376666,0
0.73211753,0
0.20481925,0
0.107269794,0
0.009468779,0
0.008417219,0
0.50405127,0
0.18734796,0
0.10915121,0
0.010057001,0
0.07898338,0
0.007408321,0
0.6827255,0
0.09887615,0
0.24737054,0
0.6988316,0
0.106892996,0
0.8239044,1
0.0018681225,0
0.010396519,0
0.77205575,1
0.13991514,0
0.5353101,0
0.5702334,0
0.0050998833,0
0.60836047,0
0.7265363,0
0.16156165,0
0.0020421466,0
0.49475333,0
0.009250193,0
0.012310418,0
0.31757298,1
0.2902592,1
0.5091621,1
0.0080988575,0
0.037080396,0
0.25067407,1
0.33486554,0
0.45541918,0
0.00810587,0
0.35681203,0
0.18571977,0
0.64759904,1
0.037162412,0
0.32752487,0
0.026029823,0
0.0087153055,0
0.7384605,1
0.6880088,0
0.12453874,0
0.015628222,0
0.009749221,0
0.0074281585,0
0.0028681934,0
0.004339202,0
0.6223712,1
0.1092818,0
0.6933908,0
0.21957032,0
0.6772666,1
0.011926721,0
0.01773841,0
0.11646547,0
0.84700704,1
0.18557367,0
0.05910434,0
0.038836736,0
0.50854087,0
0.7711932,1
0.29968905,0
0.004843885,0
0.2140879,0
0.8271109,0
0.0072364863,0
0.03818907,0
0.086223714,0
0.529268,0
0.017045101,0
0.009249755,0
0.09376961,0
0.20465043,0
0.42147535,0
0.003964689,0
0.0100755235,0
0.09409674,0
0.0806983,0
0.7699647,1
0.078577824,0
0.002200464,0
0.6927539,0
0.73079926,1
0.6511852,1
0.47451705,0
0.84609884,1
0.33829513,1
0.0154122105,0
0.6407594,0
0.0049646827,0
0.028409319,0
0.0031292543,0
0.09943867,0
0.39446473,0
0.43293276,1
0.1484703,0
0.7078994,1
0.057816986,1
0.46218777,0
0.018952915,0
0.723552,1
0.0009775581,0
0.77101225,1
0.05766707,0
0.32416478,0
0.009258749,0
0.40363884,0
0.005730157,0
0.14191854,0
0.008173351,0
0.0014544133,0
0.57695466,1
0.2855458,0
0.36206,0
0.05240596,0
0.0035939098,0
0.55983275,1
0.075172886,0
0.009334912,0
0.16949338,0
0.010564531,0
0.11541828,0
0.030651864,0
0.61536384,0
0.6144887,0
0.6004396,0
0.33722112,0
0.8708555,0
0.5905421,0
0.2934045,0
0.04203946,0
0.09484285,0
0.31782737,0
0.0043655,0
0.6712389,1
0.027964145,0
0.004859889,0
0.42976248,0
0.0076632826,0
0.71626127,0
0.5825241,1
0.7386831,1
0.0030596026,0
0.0044114348,0
0.32086948,1
0.12378238,0
0.002953534,0
0.015914336,0
0.0022212828,0
0.034510177,0
0.04101931,0
0.53391975,1
0.59564155,0
0.7225678,1
0.087568514,0
0.0046123033,0
0.11161591,0
0.014462769,0
0.54208034,1
0.4982117,0
0.009294228,0
0.085469425,0
0.5218656,0
0.72939885,0
0.014439712,0
0.0051592216,0
0.0038416479,0
0.52113116,0
0.038226597,0
0.0016206562,0
0.05149541,0
0.42833295,0
0.5319976,1
0.003135259,0
0.75199336,0
0.14093314,0
0.37580642,0
0.0033764471,0
0.23779725,0
0.1405004,0
0.79671246,1
0.00881155,0
0.08396668,0
0.7186661,1
0.009179076,0
0.8761387,1
0.7870199,1
0.022991216,0
0.021370644,0
0.014391295,0
0.047021564,0
0.689765,0
0.07834324,0
0.039702054,0
0.003433619,0
0.7520892,0
0.06999045,0
0.031809505,0
0.022742257,0
0.7941978,0
0.002318575,0
0.028862102,0
0.6203383,0
0.015650634,0
0.6532278,0
0.71035415,0
0.84338516,0
0.75936496,0
0.74870026,1
0.019618776,0
0.014221523,0
0.018608388,0
0.11734341,0
0.3429843,1
0.14445579,0
0.0033037737,0
0.8748838,1
0.69208497,0
0.71305454,0
0.0027745888,0
0.52694464,0
0.69490653,0
0.0064687985,0
0.13591094,0
0.009448318,0
0.4016739,0
0.5084897,0
0.54833776,0
0.61481535,0
0.0201117,0
0.001958789,0
0.11508592,0
0.21815862,1
0.7060603,1
0.0031909174,0
0.007212362,0
0.01140008,0
0.015546501,0
0.7496522,1
0.24243578,1
0.082551055,0
0.60221136,0
0.7385269,1
0.008495298,0
0.024959464,0
0.48928756,0
0.0051268316,0
0.9281626,0
0.5893847,1
0.013330251,0
0.43129423,0
0.08831484,0
0.14072874,0
0.0052532745,0
0.84055567,1
0.5007173,0
0.278985,0
0.012377954,0
0.5120447,1
0.39631847,1
0.0027665996,0
0.44468683,0
0.009084492,0
0.5750167,1
0.0077728047,0
0.031795952,0
0.0061304616,0
0.0041868715,0
0.63175726,1
0.004599685,0
0.113256134,0
0.46651158,0
0.0027346925,0
0.16534127,0
0.17292835,0
0.026036104,0
0.29332075,0
0.6310923,1
0.005411576,0
0.077844314,0
0.006208158,0
0.8871881,0
0.7690552,0
0.44637185,0
0.7488314,0
0.010637511,0
0.16838919,0
0.6743074,0
0.055670884,0
0.3494896,0
0.013669333,0
0.009814353,0
0.024765523,0
0.60567087,1
0.59038484,0
0.09907513,0
0.2787284,0
0.0044777226,0
0.0022991803,0
0.005150279,0
0.09519332,0
0.0035187674,0
0.39931378,0
0.0031864978,0
0.015127852,0
0.02440388,0
0.0062341443,0
0.121075384,0
0.06479494,0
0.3489192,0
0.12133962,0
0.005151584,0
0.059965998,0
0.028422566,0
0.18541029,0
0.6411833,0
0.057022646,0
0.0091093015,0
0.011703869,0
0.0032719828,0
0.39837307,0
0.7974191,0
0.027225226,0
0.8280246,1
0.008114052,0
0.008260797,0
0.056926858,0
0.012534712,0
0.69503516,1
0.15940484,0
0.0011960668,0
0.0024043773,0
0.05836484,0
0.004468058,0
0.026511092,0
0.112441145,0
0.23492563,0
0.055371653,0
0.0020961862,0
0.17324002,0
0.48723534,0
0.05288701,0
0.5985111,0
0.6359215,1
0.41063187,0
0.5175377,1
0.041144036,0
0.004041828,0
0.41601765,0
0.7743242,0
0.18015523,0
0.0054273265,0
0.34782258,0
0.65787256,0
0.8156257,0
0.3151043,0
0.009797185,0
0.797895,0
0.3148662,1
0.0053457045,0
0.012140134,0
0.6735052,0
0.49786654,0
0.30863103,0
0.04158481,0
0.6184138,0
0.051338725,0
0.81323797,0
0.12081474,0
0.69142646,0
0.24681701,0
0.7779673,0
0.0035128633,0
0.001144287,0
0.20654526,0
0.032518066,0
0.6682828,0
0.7611968,0
0.0022952415,0
0.6643428,0
0.28485444,0
0.68426245,0
0.71941423,0
0.0025075173,0
0.81077474,1
0.5628086,0
0.11736132,0
0.6777628,0
0.53104615,0
0.70182055,0
0.0034950948,0
0.0032256197,0
0.18760379,0
0.016902898,0
0.8142608,0
0.4732389,1
0.0036953907,0
0.4870069,1
0.0030285995,0
0.0015642004,0
0.09358463,0
0.14194871,0
0.007308086,0
0.05883121,0
0.024497168,0
0.54715,0
0.050556656,0
0.008247365,0
0.65722024,1
0.021572055,0
0.6522217,0
0.5630569,1
0.611457,0
0.70471656,0
0.003143078,0
0.8283187,1
0.4279853,0
0.12572257,0
0.14225583,0
0.003920642,0
0.0140947625,0
0.7509982,1
0.83577555,1
0.8485867,0
0.011052327,0
0.80704784,0
0.041567422,0
0.004023164,0
0.11097736,0
0.009262774,0
0.005220522,0
0.0043461416,0
0.012068075,0
0.841067,1
0.028113073,0
0.0030427624,0
0.18383019,0
0.30493155,0
0.7617428,1
0.42512938,1
0.7115001,1
0.815162,0
0.085883416,0
0.82742494,1
0.063157,0
0.19354743,0
0.4221539,1
0.0033398215,0
0.03965734,0
0.02309759,0
0.6118904,1
0.8688174,0
0.09138323,0
0.017682407,0
0.017820558,0
0.049907103,0
0.06726606,0
0.0025407218,0
0.5603201,0
0.43713006,1
0.39816183,0
0.40036318,0
0.64670724,0
0.40343648,0
0.5216382,1
0.0044195196,0
0.21331969,0
0.017735658,0
0.004903716,0
0.06277978,0
0.7551391,1
0.2032639,0
0.016846651,0
0.6183301,0
0.11565565,0
0.8002395,1
0.00164095,0
0.5296421,0
0.016231652,0
0.009024445,0
0.69792366,0
0.056648754,0
0.220214,0
0.0053755403,0
0.0050614458,0
0.8347823,0
0.40689415,1
0.49878702,0
0.07396622,0
0.12950973,0
0.037282243,0
0.0048914645,0
0.0056845727,0
0.5589788,0
0.006300309,0
0.86456627,1
0.076306336,0
0.06882502,0
0.00815954,0
0.03404197,0
0.050199255,0
0.07795904,0
0.006960209,0
0.040233154,0
0.0625921,0
0.0044734753,0
0.51681715,0
0.047197074,0
0.7158644,1
0.018147422,0
0.32860306,0
0.017714117,0
0.031096723,0
0.003743768,0
0.44343448,0
0.7835025,1
0.8115423,0
0.0065226755,0
0.2980559,0
0.113794915,0
0.012444431,0
0.12862185,0
0.005194247,0
0.019639125,0
0.005643169,0
0.013643469,0
0.005793244,0
0.005467262,0
0.05020429,0
0.0122803645,0
0.7963538,0
0.711606,1
0.7949687,1
0.3067995,0
0.11768539,0
0.01069518,0
0.7038941,0
0.24098785,0
0.05717023,0
0.40642706,0
0.0016648704,0
0.098267734,0
0.01905259,0
0.68721664,0
0.6708451,1
0.22661692,0
0.50889254,0
0.0015775536,0
0.002611572,0
0.023940159,0
0.54264694,1
0.0050692176,0
0.045490265,0
0.03185254,0
0.5426064,0
0.84851253,1
0.0051048845,0
0.66278183,1
0.7256827,0
0.582026,1
0.67696005,0
0.014522135,0
0.7425149,1
0.22643265,0
0.0038691668,0
0.055197183,0
0.0016058718,0
0.010007895,0
0.0037812789,0
0.004184496,0
0.007339129,0
0.0015644104,0
0.59463155,0
0.006698238,0
0.34387895,0
0.016932653,0
0.010690307,0
0.2779737,0
0.636779,1
0.052381437,0
0.6243912,1
0.60642314,1
0.6981241,0
0.6297998,0
0.004858625,0
0.30919427,0
0.05020017,0
0.0049277665,0
0.71381617,1
0.25100031,0
0.33874813,0
0.069456264,0
0.15217336,0
0.0100060385,0
0.73311025,0
0.42603323,0
0.6867156,0
0.5493031,0
0.51804525,0
0.018905332,0
0.6893609,0
0.26439592,0
0.37191144,0
0.0147885615,0
0.005333561,0
0.013928433,0
0.43113387,0
0.0055952156,0
0.7269895,1
0.5555682,0
0.16716185,0
0.01969322,0
0.795603,0
0.8118711,1
0.01737792,0
0.44702783,0
0.6062477,0
0.02779657,0
0.011071858,0
0.8545594,1
0.004242276,0
0.44178945,1
0.19530489,0
0.008601361,0
0.3636998,0
0.010809751,0
0.13007894,0
0.5214011,0
0.010270958,0
0.4360875,1
0.15489124,0
0.047482852,0
0.007298813,0
0.5877869,0
0.03843407,0
0.52310526,0
0.002997183,0
0.45942903,0
0.18393175,0
0.008360746,0
0.8048267,0
0.8196087,0
0.68758374,1
0.21622828,0
0.00318724,0
0.005730929,0
0.34482554,0
0.029511956,0
0.0031958292,0
0.015282124,0
0.0053498717,0
0.0031011957,0
0.22815302,0
0.3055767,0
0.003087619,0
0.011315242,0
0.5508,1
0.5800688,0
0.22033088,0
0.026754685,0
0.58773476,0
0.22261746,0
0.68150055,0
0.6555912,1
0.21611542,0
0.005799009,0
0.659642,0
0.25268388,0
0.015313938,0
0.82375187,1
0.0125914095,0
0.6986426,0
0.013875133,0
0.25077274,0
0.016607657,0
0.08634051,0
0.006648859,0
0.0070011565,0
0.43495092,0
0.009694134,0
0.009350879,0
0.28264782,0
0.053562995,0
0.010978934,0
0.023555351,0
0.22072668,0
0.01145967,0
0.5176749,0
0.041980665,0
0.6414695,0
0.02311753,0
0.6694209,0
0.57374585,0
0.035221674,0
0.62471145,1
0.64022744,0
0.056935754,0
0.0029658065,0
0.26857913,1
0.24815112,0
0.38093162,0
0.32739356,0
0.527503,0
0.0705788,0
0.009728894,0
0.18538171,0
0.009530278,0
0.0050249654,0
0.24328636,0
0.5621789,0
0.2814291,0
0.8475475,1
0.49458665,0
0.008703708,0
0.5277945,0
0.005225147,0
0.17227367,1
0.21981859,0
0.8791829,0
0.25520247,0
0.80077547,1
0.68126726,0
0.007534426,0
0.1166225,0
0.12815338,0
0.47767994,0
0.23316148,0
0.3967056,0
0.4479951,0
0.59599763,0
0.21854931,1
0.13494141,0
0.010214679,0
0.0056083766,0
0.014327391,0
0.00822026,0
0.019169677,0
0.79610145,0
0.57094955,0
0.6721178,0
0.049705397,0
0.7798274,1
0.25053456,1
0.047007803,0
0.9050741,1
0.49568406,0
0.6925393,0
0.650148,0
0.23343557,0
0.58837926,0
0.6395332,0
0.005507623,0
0.42789426,0
0.47354236,1
0.031413805,0
0.0036199358,0
0.002944187,0
0.84615517,1
0.012623041,0
0.34282315,0
0.0036996242,0
0.02309724,0
0.8812225,0
0.013830114,0
0.26647586,0
0.7448517,0
0.49600488,0
0.84170645,1
0.008490347,0
0.015101388,0
0.66328824,0
0.36940637,0
0.48591256,0
0.0040598097,0
0.0075675407,0
0.83133924,1
0.0033453652,0
0.72834885,1
0.003010335,0
0.0033493745,0
0.011701089,0
0.014339288,0
0.5530574,1
0.061288964,0
0.1489094,0
0.058856506,0
0.07728107,0
0.18978041,0
0.006466724,0
0.33855078,0
0.54708016,1
0.78121334,0
0.62846565,0
0.21073876,0
0.0037501405,0
0.06051829,0
0.40675864,0
0.008915714,0
0.010845113,0
0.2620344,0
0.4529305,0
0.8245487,1
0.2928437,0
0.0030637183,0
0.0049003595,0
0.003772527,0
0.43491635,1
0.7369497,1
0.35621113,0
0.32959867,0
0.004285208,0
0.04324672,0
0.0017028075,0
0.3614338,0
0.050833385,0
0.28577942,0
0.47459698,0
0.57696015,1
0.49668664,0
0.80209166,1
0.5890046,0
0.3455135,0
0.6945069,1
0.002740552,0
0.082126185,0
0.7470503,0
0.6340348,0
0.0033395642,0
0.09275364,0
0.15238838,0
0.009320495,0
0.008983102,0
0.3305423,0
0.30612105,0
0.017462494,0
0.6227747,0
0.08102159,0
0.51865125,0
0.09468925,0
0.006627776,0
0.0045800316,0
0.75826275,1
0.23811112,0
0.6447184,1
0.6401423,0
0.01974516,0
0.61359847,0
0.0075978544,0
0.66558325,0
0.51324165,0
0.8225653,1
0.72608024,1
0.028935771,0
0.0019799815,0
0.0038726048,0
0.75271946,1
0.030886492,0
0.29581156,0
0.0013926069,0
0.013326903,0
0.0143735185,0
0.5255685,1
0.048891116,0
0.0052342615,0
0.10082075,0
0.007464691,0
0.6627702,0
0.017325453,0
0.7848976,0
0.06748248,0
0.014841373,0
0.895598,1
0.39755344,0
0.8482437,1
0.027117768,0
0.49445173,1
0.82810855,1
0.012097798,0
0.028125944,0
0.08348278,0
0.544269,0
0.6523559,0
0.1390027,0
0.8223392,1
0.67619264,1
0.0020023705,0
0.63685673,0
0.7487083,0
0.76343566,0
0.14831828,0
0.52765167,0
0.75183094,0
0.23171034,0
0.076308645,0
0.006117871,0
0.1542625,0
0.008469667,0
0.20362309,0
0.13776428,0
0.011173869,0
0.007512217,0
0.08673088,0
0.09897071,0
0.053154297,0
0.122704536,0
0.4712736,0
0.8583819,1
0.20129754,0
0.14847983,0
0.7475172,1
0.005390626,0
0.7313708,0
0.5901148,0
0.19747888,0
0.004888689,0
0.40952104,0
0.76589423,1
0.42311677,0
0.6381317,0
0.017009992,0
0.7768657,0
0.65506834,0
0.59457606,1
0.663335,0
0.008693149,0
0.49417204,0
0.14139502,0
0.015606024,0
0.7606304,0
0.5856339,0
0.015168727,0
0.10415195,0
0.34839895,0
0.12462091,0
0.81822294,0
0.5654829,0
0.5480307,0
0.22778735,0
0.004568056,0
0.2695385,0
0.28435004,0
0.11217754,0
0.018078992,0
0.008227401,0
0.32278526,0
0.6724707,0
0.3466153,0
0.0072622867,0
0.005938414,0
0.0058276625,0
0.5223388,0
0.029985184,0
0.0085123,0
0.05540366,0
0.017121375,0
0.5245606,0
0.8131145,0
0.10188176,0
0.013917049,0
0.006669718,0
0.5580618,0
0.025193606,0
0.26539272,0
0.0030335058,0
0.0033001315,0
0.058812656,0
0.010320556,0
0.0032604018,0
0.20259523,0
0.17971161,0
0.5096948,1
0.81914896,1
0.0034723897,0
0.33699268,0
0.007275227,0
0.82020795,0
0.7553842,1
0.016766982,0
0.0030309758,0
0.24754263,1
0.089811064,0
0.36249736,0
0.049599674,0
0.008103847,0
0.0021505184,0
0.5332995,0
0.07427526,0
0.0103559075,0
0.57490957,0
0.7102596,0
0.49890414,1
0.034319248,1
0.62393254,0
0.021847583,0
0.20258243,0
0.016212262,0
0.9088087,0
0.28100714,0
0.0863686,0
0.7185906,1
0.0038550596,0
0.350009,0
0.5084787,1
0.022923326,0
0.27413392,0
0.0038070178,0
0.23635605,0
0.0032807402,0
0.6136845,0
0.094545566,0
0.022291642,0
0.3578489,0
0.27283263,1
0.003433258,0
0.010833839,0
0.35725796,0
0.0026150618,0
0.009673692,0
0.71884537,0
0.0020893745,0
0.013597895,0
0.013484245,0
0.66884637,0
0.020476367,0
0.013531639,0
0.01698836,0
0.009608772,0
0.22941306,0
0.31372994,0
0.005461312,0
0.5583182,0
0.3010227,0
0.5377924,0
0.41672403,0
0.035837658,0
0.5080404,0
0.14943488,0
0.59344125,0
0.7862971,0
0.31769842,0
0.49681994,1
0.8164768,1
0.010427142,0
0.096751265,0
0.45180133,0
0.016216833,0
0.017566117,0
0.061527096,0
0.5152841,1
0.52318233,0
0.834626,1
0.74973,1
0.8233425,1
0.55050564,1
0.843788,1
0.67675453,0
0.013233808,0
0.022383977,0
0.0064624334,0
0.19740738,0
0.0057228426,0
0.011715143,0
0.36515334,0
0.2288913,0
0.6235736,1
0.07840666,0
0.0037953046,0
0.6541792,1
0.004427909,0
0.36013782,0
0.28361252,0
0.0025082296,0
0.54068434,0
0.0021216392,0
0.7670373,0
0.8417644,1
0.2882352,0
0.6997697,0
0.19608499,1
0.046391062,0
0.03539818,0
0.00600165,0
0.58993924,0
0.8434662,0
0.5042778,0
0.09387126,0
0.6746584,0
0.025935682,0
0.85810393,1
0.83305174,1
0.05267354,0
0.6752394,1
0.4794474,0
0.033411838,0
0.62402356,1
0.0038148565,0
0.76017517,1
0.012491817,0
0.78322357,0
0.57597774,0
0.69069695,0
0.035251543,0
0.87611663,1
0.04677345,0
0.0039902045,0
0.03866136,0
0.8151409,0
0.04547152,0
0.27925873,0
0.05822874,0
0.8408377,0
0.0027549618,0
0.81841594,0
0.0061465106,0
0.4592618,0
0.006468826,0
0.005490345,0
0.007147041,0
0.052271947,0
0.29431367,0
0.78323656,0
0.0072376337,0
0.5088559,0
0.37470543,0
0.003912305,0
0.78853375,0
0.76410776,1
0.82522964,1
0.8954131,0
0.055072308,0
0.02066572,0
0.20156953,0
0.012697415,0
0.25690144,0
0.0046644383,0
0.8999824,1
0.40240064,0
0.039132923,0
0.0048957462,0
0.5727598,1
0.6320571,0
0.006145922,0
0.0019020913,0
0.8527574,1
0.08226986,0
0.4610813,0
0.83587456,0
0.40196297,1
0.0037352727,0
0.54917926,0
0.5974848,0
0.13093412,1
0.7572958,0
0.013227943,0
0.013716062,0
0.7627603,0
0.58683676,0
0.60347676,1
0.5104233,0
0.846448,0
0.0022863203,0
0.7043789,1
0.0030563981,0
0.2897471,0
0.018507948,0
0.30663705,0
0.035766445,0
0.10810775,0
0.026637148,0
0.013896385,0
0.005379432,0
0.5796682,0
0.8155823,0
0.3727014,0
0.04001399,0
0.009453451,0
0.52106744,1
0.3394318,1
0.5181275,0
0.08992769,0
0.20162368,0
0.0046021547,0
0.06122416,0
0.1564215,0
0.0035355133,0
0.044230863,0
0.6916238,1
0.36967066,1
0.8016731,0
0.584557,0
0.011704724,0
0.77312714,0
0.17731668,0
0.45723036,0
0.0054352474,0
0.034415554,0
0.0078107133,0
0.031435646,0
0.03224748,0
0.46953934,1
0.37457493,0
0.005375053,0
0.46090454,1
0.50469565,0
0.5910745,0
0.004319039,0
0.7230922,0
0.42663556,0
0.008499814,0
0.23245642,0
0.27486086,0
0.819924,0
0.6025744,0
0.7199107,0
0.092461124,0
0.20375448,0
0.00767049,0
0.7131987,0
0.75645405,0
0.0029069767,0
0.661746,1
0.0033104918,0
0.63812095,0
0.59072715,1
0.0043314714,0
0.01595841,0
0.2093236,0
0.8468606,0
0.47364077,0
0.62300324,1
0.06362441,0
0.0048594004,0
0.022972517,0
0.0051935893,0
0.5137874,0
0.52160025,0
0.0031671724,0
0.0032113502,0
0.3950223,0
0.33877686,0
0.51789033,0
0.0028471886,0
0.7859189,1
0.53245026,0
0.71988684,0
0.7836083,0
0.008660804,0
0.31638047,0
0.7628771,1
0.24600142,0
0.5554812,1
0.0034693235,0
0.5360982,1
0.00718895,0
0.05542888,0
0.6520774,1
0.36793146,0
0.52321196,0
0.27283895,1
0.32793647,0
0.4221526,0
0.3657851,0
0.11530873,0
0.82956856,1
0.015245142,0
0.0029413244,0
0.8202275,0
0.19877966,0
0.7046015,1
0.68763226,0
0.7312497,1
0.02345507,0
0.62944853,0
0.0026394941,0
0.68557674,1
0.595499,0
0.029699298,0
0.004042009,0
0.00240893,0
0.64597034,1
0.019766478,0
0.80364513,0
0.0070170327,0
0.82630664,0
0.2586009,0
0.7009374,1
0.011992527,0
0.14728868,0
0.14278321,0
0.00205321,0
0.012578681,0
0.57826346,0
0.08469508,0
0.5918069,0
0.7186139,1
0.020938141,0
0.002714873,0
0.003452741,0
0.010847547,0
0.35817307,0
0.33088404,0
0.0049332078,0
0.28229812,0
0.23600866,0
0.15582201,1
0.62296575,0
0.62670517,0
0.21310115,1
0.054071005,0
0.015175461,0
0.33546194,0
0.19680257,0
0.008129917,0
0.019988775,0
0.011808,0
0.7802842,1
0.011772555,0
0.014771731,1
0.7920461,0
0.004107916,0
0.039010786,0
0.5252923,0
0.09221204,0
0.06722279,0
0.20768131,0
0.059327565,0
0.046954863,0
0.0041619735,0
0.60579634,0
0.03761754,0
0.1554564,0
0.006568856,0
0.005844547,0
0.6320154,0
0.40990776,0
0.1205687,0
0.4185998,1
0.42040396,1
0.011056863,0
0.0709338,0
0.32359007,0
0.0026150504,0
0.04570354,0
0.51794136,0
0.0868487,0
0.020789772,0
0.019383352,0
0.71926254,1
0.002520923,0
0.076743476,0
0.074994914,0
0.64571744,1
0.045768045,0
0.7071147,0
0.6214495,0
0.08375215,0
0.12421937,0
0.007473221,0
0.023536496,0
0.24294846,0
0.496287,0
0.7966347,0
0.021707295,0
0.60727644,1
0.18181999,0
0.008446074,0
0.6965221,0
0.18576372,0
0.7860944,1
0.0028536436,0
0.60324395,0
0.013407203,0
0.018732695,0
0.05623663,0
0.7088329,0
0.810484,1
0.5095522,1
0.34619832,1
0.1957984,0
0.013763813,0
0.25593743,0
0.0049596205,0
0.70981926,0
0.43170384,0
0.02311795,0
0.8023259,1
0.08167665,0
0.6034995,1
0.005437482,0
0.49076778,1
0.52658325,0
0.26512453,0
0.81214887,1
0.4742233,0
0.0075050103,0
0.5453282,0
0.009380179,0
0.16921303,0
0.6284412,0
0.47053465,0
0.0041163317,0
0.13609755,0
0.5764392,1
0.42614055,0
0.3537747,0
0.4294754,0
0.5099004,0
0.8418666,0
0.40750748,0
0.011303726,0
0.4305319,0
0.11453909,0
0.016001163,0
0.7582243,0
0.4939231,1
0.47293398,0
0.34082776,1
0.5128655,0
0.36206022,0
0.055864412,0
0.010907646,0
0.04224089,0
0.0109539125,0
0.55342644,1
0.37438866,0
0.0029593797,0
0.14362183,0
0.72067523,0
0.011433619,0
0.005526575,0
0.009477894,0
0.797508,0
0.0035353824,0
0.40308234,0
0.80460477,0
0.5053266,0
0.8010735,0
0.72258043,1
0.005981416,0
0.6795288,0
0.38741696,0
0.08694349,0
0.73662215,1
0.34462324,1
0.019554589,0
0.55773544,0
0.022550575,0
0.018514473,0
0.74663043,0
0.7914018,0
0.52062565,0
0.3210614,0
0.7721516,0
0.06493213,0
0.6142336,0
0.0054302616,0
0.53851503,0
0.010281604,0
0.009100233,0
0.41719556,0
0.14561725,0
0.3048398,0
0.018367872,0
0.0062670247,0
0.6426809,0
0.42460868,1
0.6787515,0
0.0039910893,0
0.118201725,0
0.39061773,0
0.44571668,0
0.045859016,0
0.6504256,0
0.13315338,0
0.58224165,0
0.006696574,0
0.4237359,0
0.5192247,0
0.03769931,0
0.080420196,0
0.006709616,0
0.03810549,0
0.036003575,0
0.73947805,1
0.6646998,0
0.678956,1
0.110583775,0
0.031675253,0
0.837853,0
0.121730804,0
0.004734957,0
0.006105541,0
0.3098668,0
0.5997877,0
0.09155388,0
0.08983995,0
0.446653,0
0.005808835,0
0.56256,1
0.09435111,0
0.064132966,0
0.08655082,0
0.06338026,0
0.010165521,0
0.0086743655,0
0.71062016,1
0.0042130626,0
0.38829866,0
0.0062604113,0
0.54547656,0
0.005484188,0
0.8366141,0
0.6624702,1
0.028228736,0
0.022353446,0
0.7605403,1
0.005693538,0
0.08509355,0
0.051445264,0
0.02790788,0
0.00675204,0
0.76482946,0
0.39221722,0
0.051696084,0
0.014619419,0
0.10115262,0
0.6056226,0
0.7148582,1
0.866009,1
0.7047179,0
0.47587693,0
0.67389584,0
0.30902314,1
0.0036762601,0
0.0037236803,0
0.0035342015,0
0.1731317,0
0.7777875,1
0.76262033,1
0.06663391,0
0.77673125,1
0.3605125,0
0.7065794,0
0.61992013,0
0.6029155,0
0.009561977,0
0.26926485,0
0.0022147158,0
0.00481572,0
0.22307388,0
0.13945524,0
0.0048133214,0
0.015783153,0
0.6121604,0
0.0062784743,0
0.85728514,1
0.14133002,0
0.8700133,1
0.003178734,0
0.77599,0
0.009154532,0
0.18552703,0
0.69378036,0
0.23988536,0
0.69788957,1
0.004121077,0
0.7065499,1
0.31133536,0
0.0030414087,0
0.38956264,0
0.829561,0
0.49695086,0
0.5907438,0
0.72774434,1
0.6829177,0
0.011228095,0
0.027685702,0
0.7160262,0
0.0033314337,0
0.77605873,0
0.43836606,0
0.6230479,1
0.53462166,0
0.08938972,0
0.71870047,0
0.50654495,0
0.862198,1
0.014553929,0
0.39436862,0
0.013584355,0
0.7088661,0
0.4027531,1
0.011452589,0
0.48818803,0
0.06553516,0
0.0033489543,0
0.681257,1
0.36431214,0
0.7166355,0
0.36815378,0
0.107329585,0
0.01871388,0
0.27014372,0
0.8236073,0
0.006084041,0
0.5860991,0
0.39394972,0
0.010793158,0
0.11652221,0
0.31454068,0
0.35620493,0
0.008969265,0
0.0025722573,0
0.6611321,0
0.82723343,0
0.44647932,0
0.21051621,0
0.4334799,0
0.7726066,0
0.34403622,0
0.047011316,0
0.5318735,0
0.05119946,0
0.7775782,0
0.23268358,0
0.0044621415,0
0.09389996,0
0.003768089,0
0.8099994,0
0.69763786,0
0.0069634393,0
0.06944029,0
0.853148,0
0.005402606,0
0.005348395,0
0.45280254,0
0.064140715,0
0.0069171963,0
0.0722624,0
0.006119425,0
0.006687914,0
0.92453116,0
0.17641984,0
0.04304109,0
0.7793572,0
0.2794418,0
0.63699394,0
0.4429006,0
0.003522511,0
0.0045828978,0
0.7323618,0
0.35133818,0
0.011512701,0
0.79843205,1
0.52274317,0
0.020189205,0
0.010051671,0
0.69189215,1
0.69241595,0
0.019718856,0
0.5187116,0
0.005355686,0
0.7862637,0
0.006603771,1
0.0071852314,0
0.7060733,0
0.14055298,0
0.5648903,0
0.021060115,0
0.0024746328,0
0.5488449,0
0.5430962,0
0.004148792,0
0.922877,1
0.76823944,1
0.0075350534,0
0.19822355,0
0.05565202,0
0.019859359,0
0.2738262,0
0.005977981,0
0.0087316595,0
0.031333387,0
0.8646092,1
0.6399799,0
0.0041590575,0
0.5351079,0
0.77608734,1
0.45606327,1
0.6911196,0
0.14839493,0
0.023988364,0
0.0066112606,0
0.41864264,1
0.06850819,0
0.4139911,0
0.12060264,0
0.64104587,0
0.044475455,0
0.5190978,1
0.009049451,0
0.02482734,0
0.123752505,0
0.38365033,1
0.2010509,0
0.3003381,0
0.15667546,0
0.0061242846,0
0.12432527,0
0.32903716,0
0.008639247,0
0.006182867,0
0.0062416648,0
0.7432326,1
0.13917519,0
0.0029341984,0
0.0020599451,0
0.20857218,0
0.005698151,0
0.54429156,0
0.14365119,0
0.19849004,1
0.44856375,0
0.061573926,0
0.0023030667,0
0.0026815683,0
0.6963055,1
0.09494141,0
0.0779417,0
0.44423112,0
0.038954556,0
0.36117,0
0.59630823,0
0.018887956,0
0.30035993,1
0.5200781,0
0.12303672,0
0.31594443,0
0.09094907,0
0.010576825,0
0.7920086,1
0.049229067,0
0.5251037,0
0.8349984,0
0.004402643,0
0.6829054,0
0.00453807,0
0.87287354,0
0.0044873897,0
0.8637855,1
0.6470888,0
0.013793904,0
0.73802423,1
0.65196127,0
0.6515603,1
0.79521775,1
0.7410783,1
0.036150783,0
0.013327762,0
0.09971616,0
0.25608552,0
0.42314526,1
0.06215577,0
0.016981218,0
0.005433098,0
0.71093506,1
0.6494857,1
0.0019623572,0
0.34684768,0
0.60526246,0
0.00783853,0
0.60805774,0
0.052653752,0
0.0027901796,0
0.56752867,0
0.67055863,1
0.3877745,0
0.27825022,0
0.5488377,1
0.329729,0
0.0016919973,0
0.6485622,0
0.44167575,1
0.03184568,0
0.17544329,0
0.005701997,0
0.82167965,1
0.60045344,0
0.6031299,1
0.0056471834,0
0.036504455,0
0.071401015,0
0.008888347,0
0.150625,0
0.7376919,0
0.74746215,1
0.014472968,0
0.7260004,0
0.08222665,0
0.6963087,0
0.031667568,0
0.6595573,1
0.0031251651,0
0.00415517,0
0.7779198,0
0.5876606,0
0.002336576,0
0.54323596,0
0.84749705,1
0.0067029106,0
0.19654429,0
0.005651767,0
0.7610889,0
0.012842923,0
0.028367702,0
0.731912,1
0.8704845,0
0.43400785,0
0.2897166,0
0.53132284,1
0.38769972,0
0.3958805,1
0.024439655,0
0.014281699,0
0.11415722,0
0.42835194,0
0.0051131784,0
0.7717452,1
0.62938315,0
0.43899417,0
0.54310554,0
0.6880273,0
0.65322244,0
0.28606907,0
0.0028235456,0
0.73743504,0
0.004825076,0
0.007861674,0
0.8145144,0
0.8237544,0
0.6162748,1
0.0074515566,0
0.7887555,1
0.045763493,0
0.66795224,0
0.7306889,1
0.023763921,0
0.11213582,0
0.3221224,1
0.04383889,0
0.6492703,0
0.71331,0
0.7789703,1
0.18059862,0
0.8677184,1
0.0037110168,0
0.78526974,0
0.13947704,0
0.050728645,0
0.72468996,0
0.3805435,0
0.07954275,1
0.59395164,0
0.015458285,0
0.40556538,1
0.005516416,0
0.8548083,1
0.08849021,0
0.0048815617,0
0.007538885,0
0.69897544,0
0.034356546,0
0.07427344,0
0.2015946,0
0.8226983,1
0.8091188,0
0.22229536,0
0.021424146,0
0.6170074,0
0.052294012,0
0.028677544,0
0.0074501564,0
0.0017676575,0
0.0055112885,0
0.77105045,1
0.08180587,0
0.39617354,0
0.5361513,0
0.028687382,0
0.022164207,0
0.7446646,1
0.017523196,0
0.03522153,0
0.0045960294,0
0.075575076,0
0.006160838,0
0.7517823,1
0.2644583,0
0.013996479,0
0.048749227,0
0.0047753854,0
0.3924197,1
0.030460346,0
0.007733309,0
0.69527745,0
0.669316,1
0.79369813,0
0.7213825,1
0.011657844,0
0.76548046,1
0.06895726,0
0.008944516,0
0.7760636,1
0.16700967,1
0.005589281,0
0.0015766165,0
0.0029543457,0
0.51390964,1
0.009303629,0
0.06397464,0
0.0043116244,0
0.24679966,0
0.11439286,0
0.6900574,1
0.0048929085,0
0.06267232,0
0.23141026,0
0.065253995,0
0.0018123835,0
0.7810139,1
0.16990888,0
0.498229,0
0.2942904,0
0.003759628,0
0.029318122,0
0.9277389,0
0.5180839,0
0.75985694,1
0.42219564,0
0.54505205,0
0.8330536,0
0.57607394,0
0.5778096,0
0.0042110384,0
0.013686709,0
0.019121135,0
0.19536686,0
0.7443592,0
0.78422076,0
0.083103135,0
0.041750934,0
0.83708626,0
0.19948909,0
0.0033775095,0
0.64618194,1
0.7639866,0
0.003437862,0
0.0064044707,0
0.25929558,0
0.10860346,0
0.11980074,0
0.32137924,0
0.09884341,0
0.01415113,0
0.007821345,0
0.7733931,0
0.025173554,0
0.012342271,0
0.22019203,0
0.039338086,0
0.56920564,1
0.25993183,0
0.7480696,0
0.7914607,1
0.6335499,0
0.07185766,0
0.72427374,0
0.03680135,0
0.05671197,0
0.6691593,0
0.5574262,1
0.63829935,0
0.0065310732,0
0.60194135,0
0.23880178,0
0.006427612,0
0.009744784,0
0.56203884,1
0.46463358,0
0.12200956,0
0.27018043,0
0.004099273,0
0.044405647,0
0.09852966,0
0.10900741,0
0.875306,0
0.43910798,0
0.5599398,0
0.012268981,0
0.08133844,0
0.022534141,0
0.2837417,0
0.35288104,0
0.22813259,1
0.4121424,0
0.82751656,0
0.02825952,0
0.0046650297,0
0.721434,1
0.13928892,0
0.5978258,0
0.3003921,0
0.2538574,0
0.5981775,0
0.0028236385,0
0.6137507,0
0.013543752,0
0.023201462,0
0.34506848,1
0.047105692,0
0.6461953,1
0.05122863,0
0.8529869,1
0.26505536,0
0.7279559,0
0.12656944,0
0.650037,0
0.0046670428,0
0.055996105,0
0.0051345616,0
0.06330904,0
0.5864341,1
0.56205875,0
0.86758024,1
0.48516232,0
0.7255054,0
0.0396513,0
0.009327052,0
0.02238118,0
0.004929078,0
0.4375142,0
0.34212807,1
0.09269341,0
0.694464,0
0.3000645,0
0.0023942443,0
0.010097143,0
0.091022015,0
0.013384396,0
0.73278046,0
0.004777951,0
0.3045476,0
0.01337048,0
0.02388641,0
0.19727504,0
0.7662533,1
0.006772454,0
0.008535069,0
0.0064711315,0
0.0059595434,0
0.7982805,0
0.002981142,0
0.63871413,0
0.50524324,1
0.41817805,1
0.009138552,0
0.16046646,0
0.26909262,1
0.47952545,0
0.109638266,0
0.49279508,0
0.3285514,0
0.5557071,0
0.25021425,0
0.0031113059,0
0.60308325,0
0.24519753,0
0.16863662,1
0.48482898,0
0.010685926,0
0.0062908833,0
0.07481284,0
0.16041952,0
0.24221916,0
0.6432217,0
0.010785651,0
0.016834114,0
0.13699009,0
0.0050491304,0
0.0031972725,0
0.8732294,1
0.0041599125,0
0.6535846,1
0.10034724,0
0.5876406,0
0.0032095998,0
0.019965852,0
0.41189212,0
0.0067522707,0
0.153464,0
0.07959211,0
0.2225091,0
0.061770268,0
0.78101593,1
0.7961994,0
0.6463997,1
0.3184046,1
0.07225283,0
0.46359843,0
0.6302862,0
0.55121505,0
0.48423818,1
0.05902614,0
0.5185895,0
0.011597209,0
0.73848414,0
0.0062251263,0
0.63399076,1
0.70748365,0
0.0037816921,0
0.66208506,0
0.52441645,0
0.01929184,0
0.021726264,0
0.8451289,0
0.522632,0
0.7546733,0
0.5175939,0
0.7552776,0
0.0070973756,0
0.56383467,0
0.8511954,1
0.1289433,0
0.0046469355,0
0.0022466357,0
0.1160456,0
0.7457407,1
0.010744596,0
0.87408894,0
0.037750658,0
0.0020026679,0
0.6260757,0
0.0043739625,0
0.7859228,0
0.4546112,0
0.6640892,0
0.092300676,0
0.45877594,0
0.21156833,0
0.38739127,0
0.06392974,0
0.18201108,0
0.81146455,1
0.6220936,0
0.13744023,0
0.32250062,0
0.04501634,0
0.15476581,0
0.6583101,0
0.0035377783,0
0.81862974,1
0.003811672,0
0.24764127,1
0.03370028,0
0.17769745,0
0.0072598974,0
0.694839,0
0.0046915803,0
0.008410822,0
0.75875825,1
0.6463671,0
0.08392483,0
0.7199198,1
0.015509152,0
0.5253705,1
0.029504519,0
0.611319,0
0.5800529,0
0.027021471,0
0.05133795,0
0.14535308,0
0.60031396,0
0.6310209,0
0.253232,0
0.005401825,0
0.5320963,0
0.62819195,0
0.03919389,0
0.025112653,0
0.28664488,0
0.34293756,0
0.26788592,0
0.46151996,1
0.0017566225,0
0.80288225,1
0.0716559,0
0.5519454,0
0.13609129,0
0.8559774,0
0.0021248083,0
0.5835562,1
0.006784686,0
0.005486149,0
0.6274501,0
0.32375288,0
0.41404158,0
0.0038151625,0
0.011154717,0
0.047076996,0
0.004959625,0
0.4638998,0
0.63517463,0
0.03855069,0
0.0041979,0
0.24423651,0
0.6587817,0
0.07675275,0
0.263631,0
0.8336016,0
0.7600837,1
0.32977068,0
0.0026882805,0
0.577404,1
0.76403815,1
0.73748976,0
0.042705245,0
0.22362186,0
0.568449,0
0.023036174,0
0.18394947,0
0.011816349,0
0.7674611,0
0.0032798063,0
0.004844635,0
0.08027967,0
0.098280735,0
0.85667706,1
0.7236932,1
0.7903831,0
0.4105081,0
0.46248096,0
0.10572,0
0.5176625,1
0.58531237,0
0.21917841,0
0.1617879,0
0.44568917,0
0.0047944435,0
0.1288133,0
0.005947691,0
0.13181491,0
0.3723124,1
0.41747826,0
0.58493894,1
0.17433979,0
0.012200188,0
0.009838826,0
0.0033157584,0
0.47405437,0
0.15051252,0
0.78093255,1
0.27034447,0
0.63536584,0
0.81270134,0
0.0038747962,0
0.39158818,1
0.5103895,1
0.807837,0
0.01301867,0
0.739475,0
0.00853544,0
0.49329305,0
0.016000353,0
0.43661967,1
0.73388106,1
0.8704233,1
0.6157996,0
0.6190358,1
0.70195884,1
0.82324564,0
0.46531317,0
0.042534415,0
0.036303733,0
0.2241678,0
0.14877029,0
0.0032999604,0
0.0054976577,0
0.6179608,0
0.5431107,0
0.616835,0
0.010590981,0
0.64154893,0
0.15899824,0
0.0111645255,0
0.58047307,0
0.37965894,1
0.013019687,0
0.28540513,0
0.62695354,0
0.34902626,0
0.08740014,0
0.7642745,0
0.20183139,0
0.08268807,0
0.0052573774,0
0.6932089,1
0.003161176,0
0.013698564,0
0.3962477,0
0.003704663,0
0.05983737,0
0.5193178,0
0.55727845,0
0.021575052,0
0.15515414,0
0.03608824,0
0.82193947,1
0.45383656,0
0.43006623,0
0.6060492,0
0.0021714703,0
0.376813,1
0.6423322,0
0.6056635,0
0.09884677,0
0.45348495,0
0.7256769,0
0.14172095,0
0.7010183,0
0.022520924,0
0.5814568,0
0.040893305,0
0.6347563,1
0.06600792,0
0.038844034,0
0.013624493,0
0.0029972373,0
0.62742186,1
0.5358092,0
0.04506052,0
0.7114154,0
0.061451793,0
0.5639866,0
0.5666728,1
0.3768388,0
0.014047894,0
0.3959064,1
0.0029435807,0
0.006325801,0
0.49719074,1
0.5598447,0
0.54244196,1
0.008740582,0
0.34799373,0
0.055712268,0
0.015654154,0
0.05942261,0
0.06318868,0
0.05209672,0
0.0026482,0
0.7938732,1
0.4202478,1
0.23072073,0
0.3843803,0
0.0046172687,0
0.16126955,1
0.0029815102,0
0.8545837,0
0.01071012,0
0.5970155,0
0.051218282,0
0.44159085,1
0.0039021662,0
0.5070427,0
0.75837344,1
0.2712194,0
0.0086697135,0
0.5105106,0
0.45246133,0
0.024854524,0
0.04497918,0
0.5703564,0
0.002976068,0
0.6524046,0
0.0042160484,0
0.06784138,0
0.86525774,0
0.16954215,1
0.10870958,0
0.8057316,0
0.044261992,0
0.021912012,0
0.92060924,1
0.42743254,0
0.4632598,0
0.008632495,0
0.4381263,1
0.072948575,0
0.014740769,0
0.33829206,0
0.6746987,1
0.13627419,0
0.87921107,0
0.06294452,0
0.009270934,0
0.5718667,0
0.0046775937,0
0.7082773,0
0.0070728976,0
0.0083767725,0
0.25404745,0
0.106136374,0
0.7792249,0
0.0119758025,0
0.006596677,0
0.73869884,1
0.4927002,1
0.5268458,0
0.7248546,0
0.79973024,1
0.9070936,0
0.5977149,1
0.050851554,0
0.78595805,0
0.07192159,0
0.286628,0
0.0025315988,0
0.21594176,0
0.60092014,1
0.004082405,0
0.072883464,0
0.0029132252,0
0.64154196,0
0.04032301,0
0.54860055,0
0.4957295,0
0.5222429,0
0.12355891,0
0.29314792,0
0.0038909675,0
0.01643368,0
0.10544564,0
0.0053523285,0
0.5784778,0
0.07391673,0
0.73918706,0
0.9030222,0
0.041994307,0
0.0048814574,0
0.7772301,0
0.5906777,0
0.08244182,0
0.007933327,0
0.09553912,0
0.71555847,1
0.036677264,0
0.6618111,0
0.14866096,0
0.00658259,0
0.19614892,0
0.23565269,0
0.8945556,0
0.27016586,0
0.008237048,0
0.16993783,0
0.01409785,0
0.62775564,0
0.45341274,0
0.002233935,0
0.36212993,1
0.0034710187,0
0.24296309,0
0.0032560534,0
0.0018370101,0
0.053899407,0
0.0016649242,0
0.08393754,0
0.3079137,0
0.009053651,0
0.5697246,0
0.024933603,0
0.86227936,1
0.63172054,0
0.07608557,0
0.0030924913,0
0.23709214,0
0.015909936,0
0.39361578,0
0.013747045,0
0.72790694,0
0.039374575,0
0.037136193,0
0.039728582,0
0.026285814,0
0.04319823,0
0.76735765,0
0.052079435,0
0.16692519,0
0.46246642,1
0.1611584,0
0.016245287,0
0.0030019218,0
0.0042373096,0
0.00718911,0
0.00684384,0
0.004416837,0
0.1746416,0
0.339201,0
0.76368946,0
0.0033274211,0
0.5748481,1
0.75126487,0
0.2554568,0
0.63697904,0
0.46959707,0
0.5076057,0
0.0020637373,0
0.7686754,1
0.69871163,0
0.012236433,0
0.07100446,0
0.006878847,0
0.0019611472,0
0.74912935,1
0.028862912,0
0.004271425,0
0.0022659914,0
0.5143079,0
0.1152292,0
0.38652778,0
0.002331901,0
0.012387705,0
0.61775804,0
0.002973029,0
0.14178571,0
0.062013973,0
0.0036916987,0
0.010841445,0
0.5676925,1
0.07771304,0
0.8867375,1
0.7061578,1
0.009281608,0
0.119122006,0
0.8027873,1
0.5309701,1
0.0125754485,0
0.34771305,0
0.12078485,0
0.5646171,0
0.014369965,0
0.0048540304,0
0.07989316,0
0.7139488,1
0.7799875,0
0.0029761402,0
0.028950555,0
0.76397854,1
0.010239125,0
0.005226572,0
0.010266161,0
0.4278746,1
0.21421413,0
0.009068333,0
0.035774305,0
0.058438376,1
0.010268854,0
0.77346367,0
0.47607797,0
0.75910085,1
0.0077222413,0
0.7508298,0
0.20193191,0
0.6652363,1
0.27965197,0
0.0053749406,0
0.4160656,0
0.016499275,0
0.16245574,0
0.70871,1
0.19900107,0
0.0037393852,0
0.6843721,0
0.10126433,0
0.0032084454,0
0.44288617,0
0.7436421,1
0.7924186,1
0.010871432,0
0.004852169,0
0.47722676,0
0.0021494892,0
0.18907529,0
0.015487971,0
0.78914165,0
0.04139759,0
0.7337632,1
0.1269854,1
0.8132955,1
0.61340827,1
0.82182276,1
0.01510148,0
0.041260708,0
0.0012792429,0
0.79180634,1
0.013534802,0
0.4694063,1
0.025981626,0
0.004648299,0
0.037320588,0
0.618637,0
0.7232368,0
0.29793948,0
0.56700605,0
0.71230906,1
0.2538381,0
0.034384154,0
0.18400545,0
0.040625546,0
0.029044798,0
0.0023201627,0
0.012047132,0
0.5717232,1
0.2584706,0
0.6641632,1
0.4693794,0
0.08208801,0
0.021260306,0
0.018277086,0
0.7585642,0
0.27386627,0
0.6422745,1
0.43313354,1
0.67356324,0
0.0068444908,0
0.08014219,0
0.12617737,1
0.044534713,0
0.002259126,0
0.53120965,1
0.3571222,0
0.7310242,0
0.0030755629,0
0.4617272,1
0.20026512,0
0.765001,1
0.13455941,0
0.004624263,0
0.006493608,0
0.037872005,0
0.78713566,1
0.33887658,1
0.3029605,0
0.5940538,0
0.006011517,0
0.00425451,0
0.112652354,0
0.003627189,1
0.677022,0
0.10185268,0
0.48774555,0
0.26756436,0
0.25261995,0
0.0146622015,0
0.45737436,1
0.010062951,0
0.82492447,0
0.2638954,0
0.05600388,0
0.06208775,0
0.7439653,0
0.38870844,0
0.006592663,0
0.6825725,0
0.81372523,0
0.26886207,0
0.6785895,0
0.025667094,0
0.18387507,0
0.1664906,0
0.008182131,0
0.4973151,0
0.6895836,0
0.5573744,0
0.83280987,1
0.003690389,0
0.28911388,0
0.20116296,0
0.19298276,0
0.0039014604,0
0.31135416,0
0.009165936,0
0.74603665,1
0.0038696593,0
0.00343649,0
0.004662181,0
0.7395935,0
0.037139736,0
0.3474624,0
0.07267777,0
0.014958035,0
0.003616587,0
0.026833715,0
0.0038615654,0
0.026908634,0
0.009348605,0
0.08568968,0
0.79117966,1
0.23460622,0
0.69821954,0
0.85521525,1
0.038612407,0
0.40480205,1
0.04219125,0
0.5614483,0
0.28950554,0
0.010015509,0
0.51236075,0
0.014200541,0
0.276528,0
0.09829914,0
0.01161792,0
0.0018282039,0
0.015052968,0
0.42672938,0
0.41123927,0
0.17474376,0
0.73134667,0
0.005711938,0
0.066999644,0
0.50495845,0
0.0023626103,0
0.65604585,1
0.84076667,0
0.013336368,0
0.49355495,0
0.6049064,1
0.0025738482,0
0.013348112,0
0.0033925807,0
0.6731629,1
0.0060614166,0
0.0063702497,0
0.006945742,0
0.027765486,0
0.028066404,0
0.3176667,0
0.0567319,0
0.050791755,0
0.0106459055,0
0.1507785,1
0.75092953,0
0.12475704,0
0.0065826336,0
0.39870533,0
0.8572692,0
0.1876974,0
0.6503784,0
0.14956126,0
0.24859938,1
0.0022975707,0
0.06566926,0
0.8443134,0
0.62887925,0
0.40424836,0
0.69236904,0
0.07686714,0
0.43795496,0
0.014157425,0
0.0064532217,0
0.0626328,0
0.7750403,1
0.14581372,0
0.12227369,0
0.0061386162,0
0.04564036,0
0.5974283,0
0.016724743,0
0.030157201,0
0.77114,1
0.031473465,0
0.57146955,1
0.8068638,1
0.40328354,1
0.24145743,1
0.69258195,1
0.31490496,0
0.6017223,0
0.042437967,0
0.01787822,0
0.44372505,1
0.3867186,0
0.14217123,0
0.43204567,0
0.14197408,0
0.6363198,0
0.0037895706,0
0.6489154,0
0.41207817,0
0.059203316,0
0.84666824,0
0.075171284,0
0.68844867,0
0.15240768,0
0.4130946,0
0.80610216,1
0.72294426,0
0.19535957,0
0.18713959,0
0.00974418,0
0.7582191,1
0.448674,1
0.0050256997,0
0.04018541,0
0.07980183,0
0.117007576,0
0.008973585,0
0.72729415,0
0.004133813,0
0.0054594325,0
0.18314396,0
0.41012418,0
0.39956582,0
0.004149809,0
0.85647446,0
0.0029595175,0
0.70797676,1
0.7815027,1
0.82183933,0
0.13196008,0
0.4755341,0
0.737876,0
0.77656084,0
0.008019277,0
0.0080753025,0
0.47156116,0
0.14780939,0
0.11136056,1
0.87067103,1
0.59078234,0
0.79483515,0
0.19918713,0
0.02786238,0
0.0075441953,0
0.0025569992,0
0.0064166496,0
0.7832993,1
0.10828112,0
0.011751547,0
0.79829395,1
0.0061367108,0
0.80131143,0
0.7734975,0
0.43936822,1
0.5745744,0
0.7608333,1
0.046296045,0
0.8005711,1
0.028439566,0
0.07038737,0
0.004827467,0
0.036242843,0
0.4403243,0
0.013791479,0
0.15082051,0
0.009520673,0
0.83996415,0
0.6771805,1
0.03586619,0
0.44955787,0
0.7750616,1
0.5131316,0
0.0032761232,0
0.65938026,0
0.0398461,0
0.053639036,0
0.74348617,0
0.002106504,0
0.6772483,1
0.8808655,1
0.017936073,0
0.1252908,0
0.028135126,0
0.5641089,0
0.1699319,0
0.012554246,0
0.7884804,0
0.775683,1
0.010567906,0
0.0052361535,0
0.46045187,0
0.8025613,0
0.10348122,0
0.46887022,0
0.00354649,0
0.57194513,0
0.27151942,0
0.50815636,0
0.0035739052,0
0.5695041,0
0.7423678,0
0.013527242,0
0.4820863,0
0.6371704,0
0.7042676,0
0.012494706,1
0.008114993,0
0.43043685,0
0.045887075,0
0.05241238,0
0.9141084,0
0.011906054,0
0.3583423,0
0.6907142,1
0.543139,0
0.40308073,0
0.0027406758,0
0.29153928,0
0.6784701,0
0.5067782,0
0.037694048,0
0.20679855,0
0.007123304,0
0.4095132,0
0.008671172,0
0.711161,0
0.003624979,0
0.4636321,0
0.03557833,0
0.26453584,0
0.7447456,0
0.064406574,0
0.51185054,0
0.45759413,0
0.011050321,0
0.50317454,0
0.89698124,1
0.6426325,0
0.012523627,0
0.240143,0
0.64108163,1
0.074250616,0
0.8258317,0
0.0055542607,0
0.7683215,1
0.2777277,0
0.0037713877,0
0.7273185,0
0.62565464,0
0.6390728,0
0.005475407,0
0.82428765,1
0.80329794,0
0.75274605,1
0.16601731,0
0.094815955,0
0.7563305,1
0.0018786751,0
0.3154288,0
0.22730994,0
0.6577911,1
0.0080271475,0
0.2505442,1
0.002067664,0
0.81839985,0
0.078949146,0
0.00895179,0
0.7423443,0
0.29196715,1
0.83113605,0
0.7861986,1
0.34871805,0
0.6572041,1
0.7884835,0
0.39085674,1
0.007915458,0
0.6185988,0
0.7715105,0
0.6245843,0
0.02505813,0
0.011268581,0
0.030429719,0
0.145956,0
0.7633148,1
0.27963212,0
0.6019784,0
0.023424225,1
0.010889043,0
0.018598218,0
0.32094112,0
0.87435955,0
0.85717475,1
0.032814745,0
0.5615881,0
0.0051806634,0
0.0012960637,0
0.009432992,0
0.6130783,1
0.74735856,1
0.008561576,0
0.63705504,0
0.5335402,0
0.026513875,0
0.011089346,0
0.57625335,0
0.54592794,0
0.7132286,1
0.00783913,0
0.5627947,0
0.0048340503,0
0.0035663552,0
0.005866384,0
0.5566851,0
0.04636523,0
0.8303225,1
0.29797807,0
0.45526913,0
0.26575196,0
0.0031234648,0
0.12555544,0
0.04726576,0
0.2175139,0
0.4192512,1
0.012315957,0
0.016092474,0
0.003428556,0
0.625927,0
0.008669332,0
0.0048300195,0
0.6319818,0
0.8001933,0
0.0048236726,0
0.0037159352,0
0.68985265,0
0.0043587736,0
0.81588984,0
0.021463776,0
0.64318603,0
0.0029010163,0
0.013785547,0
0.16585563,0
0.030633926,0
0.0055478597,0
0.002763786,0
0.06583382,0
0.78079087,0
0.22156999,0
0.016197287,0
0.21828657,1
0.57660127,0
0.08100952,0
0.7861118,0
0.0071803615,0
0.13552606,0
0.08795595,0
0.76006687,1
0.12152274,0
0.0024178769,0
0.0039981147,0
0.85990226,0
0.7569652,0
0.76868135,0
0.10336155,0
0.18028352,0
0.027700255,0
0.056904707,0
0.11490973,0
0.45661643,1
0.0046434347,0
0.5054288,0
0.62112856,0
0.7490987,1
0.069970354,0
0.35397038,1
0.4729408,0
0.7075172,0
0.015776178,0
0.090508,0
0.7450962,0
0.009080411,0
0.44712707,0
0.007444489,0
0.26542154,0
0.34510404,0
0.0759919,0
0.04335938,0
0.5052069,0
0.57021445,0
0.01036174,0
0.0032560735,0
0.29068843,0
0.07370218,0
0.5349883,0
0.59310675,0
0.55505973,0
0.025587287,0
0.015587231,0
0.5977634,0
0.002140138,0
0.013461182,0
0.55982673,0
0.68035734,0
0.8036663,0
0.4940745,0
0.6848936,0
0.8823543,1
0.70024824,0
0.8082423,1
0.040213816,0
0.013274468,0
0.3258862,0
0.005895946,0
0.74304134,0
0.21576086,1
0.78534687,0
0.12105011,0
0.037647616,0
0.7403071,0
0.011651029,0
0.026905308,0
0.076901086,0
0.023452532,0
0.8011915,1
0.057188522,0
0.0044227666,0
0.056081943,0
0.006747012,0
0.752928,0
0.0029651567,0
0.5295801,0
0.8355233,0
0.61443543,0
0.036337774,0
0.5156229,0
0.0031544694,0
0.3070708,0
0.6231957,0
0.334587,0
0.34896857,0
0.0028597629,0
0.5575031,0
0.065638445,0
0.0028355455,0
0.011056675,0
0.27685678,1
0.12421699,0
0.0047859526,0
0.18679379,0
0.004894373,0
0.015983185,0
0.25371498,1
0.5859289,1
0.45766214,0
0.23637456,0
0.36940694,0
0.5916213,0
0.7804984,0
0.08361743,0
0.011867203,0
0.76317686,0
0.6776569,0
0.0078114895,0
0.33287987,0
0.6764834,1
0.40979457,0
0.17872368,0
0.0030353467,0
0.006661392,0
0.6680988,0
0.76320934,1
0.0061145113,0
0.15300125,0
0.2893572,0
0.73814416,0
0.22817755,0
0.36563942,0
0.088146955,0
0.21243986,0
0.005846656,0
0.35226882,0
0.43032622,0
0.46868166,0
0.008871443,0
0.31961542,0
0.004350981,0
0.338858,1
0.4086225,0
0.010577947,0
0.039382234,0
0.040876165,0
0.0023438046,0
0.0087046875,0
0.6191572,1
0.0015751348,0
0.0075874133,0
0.8380233,0
0.421497,1
0.17750186,0
0.44416177,0
0.042576272,0
0.0035568094,0
0.59194237,0
0.6929456,0
0.012995407,0
0.37238967,0
0.7872783,1
0.080500245,0
0.012639943,0
0.4231076,0
0.031186022,0
0.090145916,0
0.32629845,0
0.6091627,0
0.017441291,0
0.2249422,0
0.002382625,0
0.029530292,0
0.86849886,1
0.5183694,0
0.451607,0
0.5115003,0
0.5898267,0
0.66848886,1
0.505326,1
0.4710268,0
0.1940515,1
0.06709757,0
0.8171293,0
0.5619111,1
0.56831515,0
0.5508993,1
0.0030379707,0
0.009676132,0
0.7052556,0
0.009949172,0
0.0186847,0
0.7207119,0
0.57577693,1
0.014026676,0
0.01755575,0
0.01075938,0
0.018919142,0
0.4279304,0
0.0029599888,0
0.54682714,0
0.006958383,0
0.636113,1
0.007507593,0
0.56414187,1
0.006523636,0
0.11204062,0
0.26657853,0
0.7630898,1
0.051914237,0
0.51593584,0
0.2611334,0
0.0028482946,0
0.14784837,0
0.103407845,0
0.08399804,0
0.0067330264,0
0.63490504,0
0.6058612,1
0.04967915,0
0.72984874,0
0.7235247,0
0.00936521,0
0.373034,0
0.003711158,0
0.4919009,0
0.014988057,0
0.77171385,0
0.015126678,0
0.024339814,0
0.0040217866,0
0.71690065,0
0.022054952,0
0.45551082,0
0.0028555088,0
0.004209723,0
0.0064871176,0
0.64833945,0
0.0064440165,0
0.7273188,0
0.0055788723,0
0.0064934357,0
0.681452,1
0.08540281,0
0.008044378,0
0.19170599,0
0.78663117,1
0.63406765,1
0.0038977466,0
0.06259551,0
0.002884705,0
0.27054766,0
0.0044149333,0
0.0032053872,0
0.15079111,0
0.0061612995,0
0.0050427318,0
0.010271103,0
0.47599638,1
0.004342071,0
0.04436282,0
0.003576829,0
0.77870375,0
0.23273724,1
0.6096884,1
0.6718143,0
0.0068150316,0
0.3587034,0
0.0072105867,0
0.57034326,0
0.013199138,0
0.12336184,0
0.3479124,0
0.09690143,0
0.32174802,0
0.45946074,0
0.2850846,0
0.021740438,0
0.85147756,0
0.51240385,1
0.024129048,0
0.6817781,0
0.66579705,0
0.0059948266,0
0.781765,0
0.052624002,0
0.37922564,0
0.28327227,0
0.9143545,1
0.046403375,0
0.324133,0
0.055463403,0
0.69116765,0
0.031063473,0
0.7778568,1
0.21789543,0
0.40710244,0
0.0064568887,0
0.0027570466,0
0.33950534,1
0.583339,0
0.5126267,0
0.80524576,0
0.56812435,0
0.56268245,1
0.0026289744,0
0.0031856606,0
0.18957523,0
0.7825016,0
0.7885417,1
0.0073473216,0
0.0041387137,0
0.07436357,0
0.59956133,0
0.012573991,0
0.75261,0
0.007922208,0
0.05026171,0
0.015262319,0
0.006898867,0
0.21585205,1
0.08821021,0
0.018167203,0
0.045078482,0
0.60211915,1
0.10586279,0
0.2106968,1
0.71826303,0
0.0031134528,0
0.004311897,0
0.7294237,1
0.30255327,0
0.07023854,0
0.0020196768,0
0.65492314,0
0.57034653,0
0.0023791704,0
0.6928101,0
0.40448603,0
0.2110483,0
0.011226804,0
0.7591856,0
0.54797333,0
0.0816464,1
0.011277239,0
0.90663046,1
0.2772708,0
0.45925903,0
0.7917795,0
0.0023660767,0
0.5713987,1
0.7286048,1
0.27388716,1
0.025834445,0
0.7542716,0
0.7498877,0
0.6252057,0
0.008794096,0
0.07109382,0
0.21615513,0
0.2646042,0
0.60450697,0
0.0037178898,0
0.047711734,0
0.0062634293,0
0.36136192,0
0.003597942,0
0.515201,0
0.7665669,0
0.5248069,0
0.33555877,1
0.7229093,0
0.0820169,0
0.033174697,0
0.80182076,1
0.7681355,0
0.676714,0
0.68468416,0
0.4485007,0
0.56874365,1
0.008501068,0
0.45499983,0
0.02061929,0
0.022719996,0
0.001680336,0
0.066543005,0
0.6902092,0
0.24530354,0
0.01492003,0
0.0050816787,0
0.83673567,0
0.40416282,0
0.73493624,1
0.09079066,0
0.6652833,0
0.7556887,0
0.587315,1
0.53598106,0
0.0028653976,0
0.8029211,0
0.21525067,0
0.68630254,0
0.51491547,0
0.82686055,1
0.024895122,0
0.80677354,0
0.9000998,0
0.71544474,1
0.03583654,0
0.0067419424,0
0.029789917,0
0.1394407,0
0.00230791,0
0.2361487,0
0.74143887,0
0.6522202,0
0.48929092,0
0.0849953,0
0.010297462,0
0.02818026,0
0.68555593,0
0.20466141,1
0.022040028,0
0.013704081,0
0.19450074,0
0.0068382374,0
0.514361,0
0.009223421,0
0.34844446,0
0.12727451,0
0.8337911,1
0.5475778,0
0.60859895,0
0.74681216,1
0.7935901,0
0.30512756,0
0.6010875,1
0.34563196,0
0.7046155,1
0.0026097526,0
0.052770935,0
0.23326614,0
0.035548855,0
0.39540458,0
0.08587679,0
0.08393585,0
0.27017087,0
0.012708629,0
0.29341725,0
0.3861565,0
0.003414057,0
0.80226177,1
0.12727308,0
0.48728237,0
0.45239234,0
0.03071628,0
0.44300023,0
0.18214698,0
0.5112151,1
0.23368943,0
0.004204627,0
0.30807537,0
0.8138341,1
0.69764525,0
0.6633611,0
0.004943635,0
0.4477557,0
0.40440616,0
0.13265932,0
0.1811223,0
0.3037097,1
0.60435516,0
0.007916749,0
0.0028049548,0
0.18413529,0
0.2884189,0
0.0041955467,0
0.79849267,1
0.40349922,0
0.005463864,0
0.0330919,0
0.02378474,0
0.0039174147,0
0.79436296,0
0.021855421,0
0.5660644,1
0.028899878,0
0.385691,1
0.09984342,0
0.39804965,1
0.44814992,0
0.2960277,0
0.41632587,0
0.47904977,0
0.0043759933,0
0.4557126,1
0.018257419,0
0.08171723,0
0.0044793854,0
0.3112473,1
0.026521178,0
0.6718635,1
0.50593597,0
0.8061533,1
0.03695997,0
0.20637003,0
0.08922953,0
0.7300094,0
0.40365905,1
0.7614963,1
0.43933794,0
0.007994826,0
0.01635673,0
0.044174615,0
0.18926492,0
0.4759544,0
0.45145693,0
0.018656725,0
0.47346464,1
0.06793503,0
0.024688654,0
0.44012052,0
0.004988843,0
0.28085044,0
0.0067394455,0
0.19549704,0
0.6948223,1
0.042264145,0
0.62332296,0
0.791689,1
0.0028059485,0
0.012594742,0
0.27756527,0
0.0024203393,0
0.01090941,0
0.014653661,0
0.0047134003,0
0.014149772,0
0.090169445,0
0.16363105,0
0.021504497,0
0.31052586,0
0.41007972,0
0.027909098,0
0.6539173,0
0.005560085,0
0.8800456,0
0.1813029,0
0.14414288,0
0.02142983,0
0.6456657,0
0.0026922708,0
0.77209234,0
0.0063127344,0
0.23130365,0
0.0053236187,0
0.0068784985,0
0.0042129564,0
0.0042907414,0
0.002012623,0
0.004348336,0
0.10300767,0
0.0020177048,0
0.44800332,0
0.25886515,0
0.7584878,0
0.38161466,0
0.0053554415,0
0.5418135,0
0.041181184,0
0.7850321,0
0.013497541,0
0.42132378,0
0.024060769,0
0.48137212,0
0.016048834,0
0.29736874,0
0.0077916095,0
0.77542573,1
0.59695005,0
0.7134281,0
0.52429706,0
0.7995096,1
0.0042711515,0
0.16565168,0
0.45797625,1
0.31958866,0
0.42744708,0
0.005791023,0
0.73680615,0
0.6758422,1
0.152912,0
0.32887226,1
0.5990933,1
0.45598504,0
0.0028132708,0
0.52541304,0
0.013120382,0
0.0144743025,0
0.023481844,0
0.026465207,0
0.40892324,0
0.17858125,0
0.0031262035,0
0.0069391113,0
0.48833063,0
0.007522238,0
0.0055403826,0
0.76814747,1
0.01680924,0
0.003603663,0
0.04204075,0
0.25789618,0
0.11644593,0
0.6644713,1
0.335,0
0.57296354,1
0.5274193,0
0.12289328,0
0.50748885,0
0.7562766,1
0.7491142,0
0.07782879,0
0.45265177,0
0.014946447,0
0.041358165,0
0.675487,1
0.7895057,0
0.25534678,0
0.86986774,1
0.73922366,1
0.03317763,0
0.23541921,0
0.31276438,0
0.23624305,0
0.36914802,0
0.1411837,0
0.6054097,1
0.08800609,0
0.003114761,0
0.77804166,1
0.09230007,0
0.8541774,0
0.23433435,0
0.58031595,0
0.0061174794,0
0.038700186,0
0.74142826,1
0.014823728,0
0.004435342,0
0.933058,1
0.27071676,0
0.050186943,0
0.6020264,1
0.5357342,0
0.042343307,0
0.6838456,0
0.47862208,0
0.06200396,0
0.26043406,1
0.046291087,0
0.77030116,0
0.44447085,0
0.46853125,1
0.005644753,0
0.5937537,0
0.3732102,0
0.7528266,1
0.004924517,0
0.012461748,0
0.026811304,0
0.26983663,0
0.48274258,0
0.0054911226,0
0.0025111814,0
0.5430211,0
0.0055991914,0
0.007976305,0
0.005049533,0
0.4305496,0
0.25825536,0
0.79569364,1
0.6255869,0
0.003565498,0
0.0044087153,0
0.05476889,0
0.4118657,0
0.10230839,0
0.0028537468,0
0.3316346,1
0.63740885,0
0.54251164,0
0.0030464893,0
0.6558219,0
0.44046515,0
0.6378493,1
0.8072549,1
0.026709748,0
0.2916766,0
0.6637937,0
0.63841146,1
0.0028093304,0
0.42335123,1
0.88427466,0
0.022462927,0
0.050192714,0
0.25833842,0
0.78331524,1
0.015170437,0
0.7888028,0
0.0033936,0
0.14667673,0
0.06492551,0
0.18664153,0
0.0143133765,0
0.7970847,0
0.014597105,0
0.81725186,0
0.010219867,0
0.41803625,1
0.12504265,0
0.006747178,0
0.618394,0
0.010423118,0
0.44975784,0
0.0067204805,0
0.011668167,0
0.1645885,0
0.027826944,0
0.0025596605,0
0.04831473,0
0.124657944,0
0.54501796,0
0.03997451,0
0.0065952954,0
0.035738636,0
0.2714408,0
0.006912278,0
0.75048864,0
0.012523715,0
0.38307637,1
0.15192215,0
0.27677965,0
0.19996461,0
0.22279719,0
0.012186036,0
0.07775931,0
0.005798025,0
0.0036943324,0
0.7992802,0
0.20541674,0
0.5723068,0
0.6765535,0
0.5012427,0
0.7495153,0
0.13866639,0
0.6636564,1
0.5387784,0
0.0075340234,0
0.07565342,0
0.7058804,0
0.0031272974,0
0.004112233,0
0.037889827,0
0.047743015,0
0.017270409,0
0.45185,0
0.5698344,1
0.7780342,0
0.023725081,0
0.5567897,0
0.5486372,0
0.61830765,0
0.24941373,0
0.022586534,0
0.88229525,0
0.6250648,1
0.011475735,0
0.51685894,1
0.53329307,1
0.22643337,0
0.60265034,0
0.62069416,1
0.06336398,0
0.02603559,0
0.42383745,0
0.78359014,1
0.38496438,0
0.7788954,0
0.0037102147,0
0.002103492,0
0.2818957,0
0.6977332,1
0.55858415,0
0.70728886,0
0.65694076,0
0.01755539,0
0.44311422,0
0.035760127,0
0.28764054,0
0.7765727,0
0.040089175,0
0.8562531,1
0.46046996,0
0.0018597674,0
0.3609567,0
0.60674965,0
0.069662064,0
0.14077067,0
0.008412663,0
0.046566322,0
0.30772144,0
0.5979349,0
0.05453752,0
0.31799397,0
0.8958047,0
0.008400008,0
0.3499813,0
0.39408696,0
0.0095270295,0
0.7108767,1
0.57838917,0
0.039033525,0
0.01726833,0
0.0040991097,0
0.6718457,1
0.048234135,0
0.035873238,0
0.37667486,0
0.5699875,1
0.43622887,0
0.043243833,0
0.66742015,1
0.19402742,0
0.0030780975,0
0.52908283,0
0.71972424,0
0.07266909,0
0.7273333,0
0.7864073,0
0.71072996,0
0.007130339,0
0.26900485,0
0.017471518,0
0.61948854,1
0.003129927,0
0.046449233,0
0.7046399,0
0.0019055543,0
0.6961697,0
0.8345412,1
0.53363514,0
0.5839072,0
0.82099944,0
0.06639168,0
0.2431807,0
0.6886857,0
0.5738803,1
0.014867894,0
0.05642804,0
0.87444997,0
0.18298745,0
0.63824075,0
0.004940718,0
0.80008423,0
0.087557785,0
0.46739784,0
0.0018806905,0
0.031720605,0
0.71042204,0
0.6973369,1
0.2037094,0
0.011896684,0
0.14696178,0
0.0029600535,0
0.64888483,0
0.049094737,0
0.8321143,1
0.8243174,1
0.58160704,0
0.755474,0
0.3313373,0
0.5155514,0
0.042545546,1
0.24531858,0
0.0045433957,0
0.61887753,0
0.020395527,0
0.5210772,0
0.026598902,0
0.34948084,0
0.0033535997,0
0.3707237,0
0.009353199,0
0.010102506,0
0.0027121296,0
0.07972141,0
0.23586206,0
0.6357411,0
0.72674406,1
0.09968323,0
0.09617752,0
0.0059171445,0
0.47883692,0
0.46019277,0
0.00233756,0
0.026452465,1
0.036728628,0
0.001963253,0
0.0051373052,0
0.53537077,0
0.007850431,0
0.18837675,0
0.0051086177,0
0.0049632485,0
0.684544,0
0.014531249,0
0.010887298,0
0.026176553,0
0.65718484,0
0.6775094,1
0.51338977,0
0.0042399964,0
0.51114994,0
0.51004314,0
0.0013589232,0
0.68218523,0
0.5892448,0
0.0025647043,0
0.8325297,1
0.23076434,0
0.0028276045,0
0.20760037,0
0.11073965,0
0.071389325,0
0.43278795,1
0.6997692,0
0.7480527,0
0.009748594,0
0.024893196,0
0.5110608,0
0.006831382,0
0.012971937,0
0.6497878,0
0.0099503,0
0.46114746,1
0.01816588,0
0.015085865,0
0.004681456,0
0.7541184,0
0.0072116,0
0.007718318,0
0.004644118,0
0.2216096,0
0.21614283,0
0.04189089,0
0.043585166,0
0.51153,1
0.6157384,0
0.002939946,0
0.18215162,0
0.14279945,0
0.54983884,0
0.004654076,0
0.3380362,1
0.6369483,0
0.010746983,0
0.7787055,1
0.023255227,1
0.52029765,0
0.02610697,0
0.751241,0
0.04346451,0
0.005891233,0
0.0069904434,0
0.3461362,0
0.0106738955,0
0.26413742,0
0.3760828,0
0.8153009,0
0.44915012,1
0.0031357077,0
0.81786376,0
0.012509906,0
0.48348868,0
0.5038244,0
0.02338714,0
0.0052816817,0
0.05417245,0
0.005218702,0
0.7232044,0
0.15844262,0
0.0059139137,0
0.0025674417,0
0.84247047,1
0.5172241,0
0.8005531,1
0.011803894,0
0.3869521,0
0.008889927,0
0.006118016,0
0.07849222,0
0.09187953,0
0.56099886,0
0.11308101,0
0.69789463,0
0.35818204,0
0.0049564186,0
0.121345095,0
0.7720579,1
0.07005663,0
0.7806183,0
0.0059280787,0
0.00666601,0
0.0072010728,0
0.0932836,0
0.024192937,0
0.011174516,0
0.9025347,0
0.012603717,0
0.16272889,0
0.63092285,0
0.47206524,0
0.37963653,0
0.8088053,0
0.016378833,0
0.0033357972,0
0.6193853,1
0.044503246,0
0.002232968,0
0.70291334,1
0.40813306,0
0.77964574,1
0.02118194,0
0.019290335,0
0.0048642126,0
0.53771937,0
0.01209128,0
0.010505891,0
0.0976545,0
0.20055406,0
0.6028488,0
0.8200646,0
0.06472902,0
0.049644597,0
0.06791861,0
0.007790658,0
0.0030874442,0
0.15089539,0
0.27399412,0
0.6607731,0
0.23499934,0
0.6974651,0
0.26790288,0
0.004975842,0
0.022137703,0
0.5134399,0
0.7754885,0
0.0019650673,0
0.2665165,0
0.3884591,1
0.8156392,1
0.0086761415,0
0.43498087,0
0.625766,1
0.7683835,1
0.82979006,1
0.004137617,0
0.044064835,0
0.0036334358,0
0.6528758,0
0.5890706,0
0.55775625,0
0.35847914,0
0.1046166,0
0.74445236,1
0.42981684,0
0.0021046314,0
0.0021689928,0
0.005571946,0
0.72093046,0
0.014661644,0
0.010788159,0
0.7606771,0
0.5309426,1
0.0029633667,0
0.0047753737,0
0.8018427,1
0.005441037,0
0.12443671,0
0.75722975,1
0.7347332,0
0.0056462944,0
0.07662929,0
0.4794992,0
0.3887735,0
0.0043647643,0
0.6692718,0
0.19169721,0
0.6321831,1
0.0025083905,0
0.8016825,1
0.7115285,1
0.726253,1
0.06804542,0
0.12311312,0
0.10070827,0
0.023473226,0
0.16226713,1
0.0035823428,0
0.34094244,1
0.782418,1
0.6433753,0
0.7628247,1
0.003139099,0
0.0022779524,0
0.2563847,0
0.16457745,0
0.87796986,0
0.075932674,0
0.12563556,0
0.365662,0
0.36265996,0
0.3058148,0
0.02819178,0
0.6542293,0
0.44389918,1
0.002499961,0
0.7353766,1
0.36829087,0
0.71617067,0
0.17368181,0
0.002307962,0
0.6674191,1
0.009078373,0
0.006322086,0
0.0032554653,0
0.08803845,0
0.0027147157,0
0.0033567378,0
0.06753399,0
0.016753823,0
0.034089867,0
0.15714443,0
0.43414605,1
0.46869153,1
0.36573395,0
0.37961277,0
0.7357598,0
0.00876022,0
0.001998536,0
0.78792006,1
0.0031230045,0
0.050705492,0
0.017365629,0
0.008229778,0
0.18755224,0
0.69624424,1
0.34475806,0
0.6689897,0
0.6699541,0
0.70575905,0
0.2238752,0
0.0046241996,0
0.66715074,1
0.018200345,0
0.08479263,0
0.26214853,0
0.74191093,0
0.14177205,0
0.7493382,0
0.6184781,0
0.041302074,0
0.0058542606,0
0.0028295722,0
0.004868424,0
0.773527,1
0.016817164,0
0.0018154727,0
0.7016402,1
0.33666128,0
0.002777683,0
0.27566558,0
0.7979519,1
0.4698061,0
0.1238828,0
0.05176132,0
0.21350281,0
0.1789721,0
0.065047085,0
0.009412221,0
0.0015624276,0
0.0058678244,0
0.455669,0
0.003863694,0
0.21829356,0
0.64033854,0
0.6984031,0
0.7785187,0
0.008291931,0
0.002620875,0
0.01824316,0
0.6900066,1
0.04181675,0
0.47709766,0
0.6665318,0
0.20408991,0
0.6223717,0
0.0059981826,0
0.021413237,0
0.21738568,0
0.12244684,0
0.06529716,0
0.70451534,0
0.46082583,0
0.64376557,0
0.18596208,0
0.2399454,0
0.0071737766,0
0.67299664,1
0.0016421345,0
0.04945562,0
0.004815775,0
0.4479294,0
0.8787031,0
0.19337715,1
0.31313434,0
0.51087135,0
0.72005945,1
0.0057533327,0
0.6954213,1
0.019516055,0
0.16162203,0
0.0058490373,0
0.081409976,0
0.236093,0
0.003958694,0
0.006853897,0
0.005284037,0
0.27345416,0
0.0065772696,0
0.38209987,0
0.0035711522,0
0.006499671,0
0.7955461,1
0.2843495,0
0.0060912455,0
0.3732078,0
0.040978335,0
0.0033651665,0
0.6259291,1
0.015362852,0
0.0032246986,0
0.6362017,1
0.184936,0
0.065418564,0
0.7883461,0
0.14711678,1
0.025135184,0
0.009720339,0
0.4429525,0
0.7402853,1
0.6014686,1
0.6620825,0
0.44326586,0
0.060233183,0
0.032017898,0
0.4516478,0
0.076635204,0
0.003872971,0
0.808421,0
0.012980321,0
0.0035670195,0
0.026331896,0
0.0099197,0
0.0034757871,0
0.39551342,0
0.03186142,0
0.006451443,0
0.013354432,0
0.039240815,0
0.0048043737,0
0.022543775,0
0.27198482,0
0.16109686,0
0.47993752,0
0.18007949,0
0.50214314,0
0.19194523,0
0.081003435,0
0.013899091,0
0.015208019,0
0.037372507,0
0.57798654,0
0.6520453,1
0.64153254,0
0.75866985,0
0.003283977,0
0.44233155,0
0.22236586,0
0.76171273,1
0.2252291,0
0.6844229,0
0.7177052,1
0.5550319,1
0.011742165,0
0.5316102,0
0.02556877,0
0.48773074,0
0.11409457,0
0.63782644,0
0.23377568,0
0.6247818,1
0.5921077,0
0.35484862,0
0.272449,0
0.04757227,0
0.29119438,1
0.043845136,0
0.24012166,0
0.0016854592,0
0.39071888,0
0.24598777,0
0.1693095,0
0.04323009,0
0.6259361,0
0.004333244,0
0.0042820307,0
0.02932004,0
0.70030236,0
0.03569601,0
0.14624447,0
0.18418753,0
0.0053054267,0
0.43507415,1
0.46895286,1
0.0116565535,0
0.5256366,1
0.55941325,1
0.65316015,0
0.008081202,0
0.006326736,0
0.5782943,0
0.79707444,0
0.28397453,0
0.13643835,0
0.5315596,0
0.02875399,0
0.4830973,0
0.6615127,0
0.123348966,0
0.018022142,0
0.57288027,0
0.063947104,0
0.005967803,0
0.7139319,1
0.43196934,0
0.025875302,0
0.025012074,0
0.0111637665,0
0.71024513,0
0.0036930582,0
0.16367292,1
0.8159056,0
0.021122668,0
0.39270437,1
0.023384772,0
0.29154694,0
0.00193682,0
0.0049651917,0
0.3991219,0
0.76615804,0
0.20999815,0
0.028013406,0
0.50112706,0
0.066263035,0
0.088954575,0
0.017499315,0
0.2833512,1
0.15853758,0
0.7247214,0
0.18150505,0
0.39644244,0
0.08214864,0
0.0024030404,0
0.009394991,0
0.5668401,0
0.05228333,0
0.6629568,0
0.00660323,0
0.5377793,0
0.82849926,0
0.07701593,0
0.09061474,0
0.5249417,0
0.30241078,0
0.002385291,0
0.73465836,1
0.826909,1
0.7794048,1
0.038654335,0
0.4510529,1
0.009772966,0
0.06041666,0
0.23147534,0
0.40102503,0
0.8398002,1
0.010794176,0
0.20485881,0
0.031809468,0
0.44487172,0
0.0043435367,0
0.29300174,0
0.016772408,0
0.0075284387,0
0.07741301,0
0.032672267,0
0.28556374,0
0.10575771,1
0.37413445,0
0.006655217,0
0.0027878787,0
0.36200348,0
0.35019276,0
0.32650173,0
0.6981844,0
0.61582917,1
0.0050212597,0
0.047802538,0
0.48834303,0
0.12257215,0
0.62722296,0
0.09653374,0
0.48377767,0
0.7674403,0
0.0045863427,0
0.69859695,1
0.021892905,0
0.00858299,0
0.022030907,0
0.76226103,1
0.32012773,0
0.0025268171,0
0.8373769,0
0.10200984,0
0.6859626,0
0.21172068,0
0.0023092236,0
0.09243432,0
0.0037421002,0
0.56303877,1
0.71920866,0
0.14590092,0
0.07695717,0
0.00357243,0
0.5663444,0
0.047834564,0
0.0033800239,0
0.30756894,0
0.6421816,0
0.0063209115,0
0.22602944,0
0.0055636163,0
0.7101509,0
0.82264924,1
0.028001731,0
0.50954604,1
0.022928026,0
0.32498884,0
0.018787876,0
0.011411839,0
0.5241297,1
0.019834204,0
0.004491328,0
0.02529202,0
0.49306,0
0.008025759,0
0.08401678,0
0.02577882,0
0.7949164,1
0.44692153,1
0.069173075,0
0.16356507,0
0.002235233,0
0.51652086,0
0.0040734382,0
0.013973391,0
0.44605616,0
0.005879964,0
0.7839938,0
0.73514044,0
0.868553,1
0.024260346,0
0.5673046,1
0.31087077,0
0.74272937,1
0.03881196,0
0.0048309457,0
0.22941567,0
0.16792741,0
0.8110309,0
0.094822444,0
0.32180578,0
0.21638465,0
0.5329557,0
0.002617233,0
0.002464424,0
0.0036563948,0
0.80658776,0
0.7947733,1
0.05908404,0
0.009314988,0
0.014484869,0
0.6344014,0
0.8209319,1
0.06592471,0
0.8597,1
0.102580205,0
0.25326476,0
0.41583434,0
0.8890489,0
0.017750634,0
0.0036870013,0
0.099536486,0
0.4470948,0
0.04712208,0
0.025659945,0
0.6353092,0
0.042949416,0
0.79635626,1
0.6034207,0
0.78933895,1
0.73920923,0
0.50855976,0
0.07240147,0
0.6911021,1
0.7205389,1
0.020890143,0
0.0024637254,0
0.7094062,1
0.4873393,0
0.6379349,1
0.0147413025,0
0.5140423,0
0.02558094,0
0.4733558,1
0.15286903,0
0.30442664,0
0.14938495,0
0.012744096,0
0.0032397306,0
0.004663589,0
0.0067743757,0
0.6727141,0
0.45640182,0
0.36597058,0
0.50254345,0
0.010477221,0
0.009362818,0
0.84271216,1
0.19146459,0
0.63529575,0
0.3941628,0
0.44195014,0
0.004707892,0
0.16259485,0
0.020156903,0
0.0023196042,0
0.02729767,0
0.002012834,0
0.6514511,0
0.2343116,0
0.29492575,0
0.3417284,0
0.004003768,0
0.34021032,0
0.13148834,1
0.010664775,0
0.65536493,1
0.0059780064,0
0.08378323,0
0.4036107,0
0.12110122,0
0.058927417,0
0.01796351,0
0.7226697,0
0.08418132,0
0.6764741,0
0.15847306,0
0.3701713,0
0.016836995,0
0.8646539,1
0.0042192102,0
0.005888919,0
0.82461727,1
0.0034204018,0
0.0058014044,0
0.005650705,0
0.0034390027,0
0.81864846,0
0.6830199,0
0.7413193,0
0.60735524,1
0.0084022675,0
0.14985625,0
0.005865786,0
0.004156029,0
0.03451087,0
0.009125241,0
0.30524445,0
0.5742486,0
0.014953778,0
0.004183098,0
0.02236046,0
0.03549247,0
0.013700009,0
0.4210578,0
0.018394776,0
0.039298862,0
0.14574538,0
0.002828527,0
0.6101232,0
0.108875036,0
0.5945333,0
0.686984,0
0.6330738,1
0.06807588,0
0.07164601,0
0.5119574,0
0.10881729,0
0.2092171,0
0.087021895,0
0.040595945,0
0.32231525,0
0.0036986612,0
0.017693467,0
0.47679028,0
0.726394,1
0.01046124,0
0.560141,0
0.5939897,0
0.31887794,0
0.6355898,0
0.75269955,1
0.76398313,1
0.0038588645,0
0.3867922,0
0.0078522395,0
0.19975306,0
0.74153376,0
0.7216474,0
0.035725262,0
0.8214199,0
0.003102315,0
0.54952204,0
0.12754135,0
0.51290315,0
0.0048661907,0
0.69621056,1
0.012863541,0
0.47844878,1
0.062685184,0
0.08339313,0
0.12845801,0
0.006107737,0
0.6982978,1
0.2728223,0
0.002820289,0
0.0031121592,0
0.35236967,1
0.006262453,0
0.33478817,0
0.3482408,0
0.75009,0
0.04620292,0
0.3836424,0
0.2258577,0
0.5814583,0
0.7771019,0
0.0031504387,0
0.78469574,1
0.37038565,1
0.0023706316,0
0.8342398,1
0.009017867,0
0.2243418,0
0.66667753,0
0.15408404,0
0.90233684,1
0.18700875,0
0.6452709,0
0.49066138,0
0.090278916,0
0.5099432,0
0.60306895,0
0.0031065277,0
0.025271619,0
0.28831047,1
0.70787984,1
0.006745018,0
0.41933763,0
0.012505743,0
0.01080153,0
0.025323778,0
0.6738767,0
0.20825215,0
0.08848382,0
0.63832307,0
0.03229237,0
0.31472698,0
0.004549551,0
0.0023788444,0
0.026311498,0
0.66893876,0
0.00858357,0
0.8178255,0
0.05219361,0
0.36257902,0
0.40080625,0
0.7295281,0
0.27709863,0
0.8768562,1
0.0018551236,0
0.022405118,0
0.014680386,0
0.6964177,0
0.28725475,0
0.0056496877,0
0.15010121,0
0.4309795,0
0.016879506,0
0.0071049277,0
0.0020738856,0
0.0056791175,0
0.8712256,0
0.7694722,0
0.009972887,0
0.5249785,0
0.6314902,0
0.0051072096,0
0.007997034,0
0.0048116883,0
0.49754024,0
0.008232449,0
0.007571715,0
0.7907957,1
0.7312944,0
0.047844782,0
0.034477953,1
0.44385603,0
0.74595493,0
0.25839415,0
0.7838485,1
0.8355491,1
0.032851398,0
0.0049933637,0
0.16109677,0
0.0507005,0
0.44713193,0
0.16263005,0
0.48403594,0
0.13865525,0
0.012526769,0
0.0037690557,0
0.7434735,0
0.012032595,0
0.008015723,0
0.8476895,0
0.35675746,0
0.08895487,0
0.0014462451,0
0.070464015,0
0.52932143,0
0.54876953,1
0.0034015873,0
0.0053822133,0
0.8059502,0
0.0015329542,0
0.16780768,0
0.011942494,0
0.060399882,0
0.012298584,0
0.75726074,0
0.59039515,0
0.64572936,0
0.040248558,0
0.004323132,0
0.005314574,0
0.0609627,0
0.2334623,0
0.009839808,0
0.0026441643,0
0.0446438,0
0.5170483,0
0.016017223,0
0.7167797,0
0.004375356,0
0.0047927783,0
0.5461311,0
0.18305984,0
0.5087856,0
0.0068468833,0
0.7051978,0
0.0042980225,0
0.55231684,0
0.5634425,0
0.24377254,0
0.56583816,1
0.6447173,0
0.7312509,0
0.69817215,0
0.25894284,0
0.5122668,1
0.08305023,0
0.49092796,0
0.053935606,0
0.5873104,0
0.2485322,0
0.04167877,0
0.0038660087,0
0.6653715,1
0.069036104,0
0.16853698,1
0.5326521,0
0.04132706,0
0.0069811153,0
0.38313407,0
0.112679206,0
0.25878656,0
0.0038694094,0
0.60223246,0
0.6636439,0
0.0061827297,0
0.39214474,0
0.102347255,0
0.006779765,0
0.07867889,0
0.5833639,1
0.015997732,0
0.123265214,0
0.472369,0
0.016187282,0
0.22980483,0
0.65079665,1
0.3227861,0
0.54812443,0
0.39814976,0
0.30424452,0
0.01017812,0
0.4677547,0
0.030895293,0
0.194385,0
0.0033447025,0
0.0033380839,0
0.6806035,1
0.24951781,0
0.0015700647,0
0.009146305,0
0.12032502,0
0.84202176,1
0.87798786,1
0.06344553,0
0.2896818,0
0.6816734,1
0.7601719,1
0.34567064,0
0.044469893,0
0.020950003,0
0.56340396,0
0.68789685,0
0.1768063,0
0.29459685,0
0.0033945001,0
0.0063956375,0
0.012408823,0
0.0030463764,0
0.75150526,1
0.060547393,0
0.0071294033,0
0.7702309,0
0.6634277,0
0.0029480893,0
0.0019397562,0
0.009147753,0
0.51458937,0
0.019517466,1
0.81091315,1
0.7530545,1
0.0063450397,0
0.0036483973,0
0.72903335,1
0.0066466294,0
0.5335958,1
0.020217843,0
0.076771244,0
0.2064798,0
0.35265645,0
0.15661222,0
0.301315,0
0.4950383,0
0.8106911,0
0.002603672,0
0.34304464,0
0.0017811218,0
0.17255211,0
0.007548559,0
0.26022932,0
0.14460996,1
0.35630953,0
0.8550966,0
0.2685034,0
0.81121695,0
0.8495135,1
0.007585884,0
0.34202054,0
0.033058476,0
0.004881121,0
0.65460414,1
0.3048292,0
0.011129631,0
0.545968,1
0.0061420696,0
0.72257143,0
0.002219452,0
0.116195336,0
0.123892404,0
0.0049350103,0
0.013732035,0
0.8597559,0
0.10270289,1
0.004476239,0
0.68300843,1
0.8362123,0
0.18234867,0
0.13874274,1
0.5125016,0
0.087107845,0
0.034110755,0
0.03216267,0
0.019667847,0
0.0034344818,0
0.006681316,0
0.6527743,0
0.008544706,0
0.7742963,0
0.0045253807,0
0.01746485,0
0.39853987,0
0.4274232,0
0.63346577,0
0.051064733,0
0.65247655,0
0.010191049,0
0.21500978,0
0.11659693,0
0.008005742,0
0.012782105,0
0.8903964,0
0.6596256,1
0.050223798,0
0.7509288,0
0.016686229,0
0.6821944,0
0.83567035,0
0.018942967,0
0.48295674,1
0.007550078,0
0.006658863,0
0.8321062,1
0.62931406,0
0.049280502,0
0.7004779,1
0.0048356014,0
0.41469017,0
0.015672855,0
0.7067842,0
0.3886011,0
0.6408189,0
0.64465034,0
0.6760001,1
0.80314887,0
0.4905652,0
0.83328116,1
0.005507876,0
0.22261323,0
0.14054014,0
0.4254346,1
0.45888686,0
0.0075878305,0
0.73503584,0
0.73604363,0
0.01654288,0
0.09910278,0
0.016722705,0
0.0047742296,0
0.854618,1
0.0062905876,0
0.15535113,0
0.0098155625,0
0.015148924,0
0.0019476635,0
0.0022488495,0
0.057578526,0
0.15829308,0
0.80234915,1
0.05219466,0
0.8552152,0
0.003234504,0
0.5248379,0
0.26332882,0
0.010446314,0
0.0037357006,0
0.90007627,1
0.7027195,0
0.54764235,0
0.4191781,0
0.53053325,0
0.5617521,0
0.7813459,0
0.49275964,0
0.0033975872,0
0.0037789682,0
0.0030303737,0
0.0073365974,0
0.824907,0
0.72713536,1
0.051684167,0
0.0046889046,0
0.39022088,0
0.72779745,1
0.041951302,0
0.004386187,0
0.8054066,0
0.62327653,1
0.52419996,0
0.38798183,0
0.6920364,0
0.14463091,0
0.0034734854,0
0.06992991,0
0.07532442,0
0.5674972,1
0.5965872,1
0.022014303,0
0.10053077,0
0.0024244795,0
0.007625987,0
0.033993848,1
0.20762998,0
0.2573355,0
0.7581676,1
0.003092938,0
0.7572445,0
0.0074771866,0
0.06891704,0
0.003509695,0
0.86439806,1
0.5081252,1
0.0024694342,0
0.0063351924,0
0.003688701,0
0.07106642,0
0.6046871,0
0.15160793,0
0.6167815,1
0.021819726,0
0.24187733,0
0.70238316,0
0.11497786,0
0.1534698,0
0.0067500896,0
0.019130012,0
0.06696981,1
0.0031992109,0
0.10130233,0
0.0025606188,0
0.04737808,0
0.083431855,0
0.61876434,1
0.006406328,0
0.029246302,0
0.003243937,0
0.0073598693,0
0.6204195,0
0.19161114,0
0.3209612,0
0.5796374,0
0.0031876203,0
0.010391894,0
0.021546947,0
0.012512191,0
0.0025217875,0
0.56723464,0
0.003570448,0
0.0031629151,0
0.14302418,0
0.719562,1
0.8428861,1
0.4949145,0
0.5533179,1
0.011445655,0
0.0068734908,0
0.2787959,1
0.27482936,0
0.40910706,0
0.011756078,0
0.58441895,1
0.54751354,0
0.00435351,0
0.35682976,0
0.091795065,0
0.5010149,1
0.4090205,0
0.00662203,0
0.00746662,0
0.73492485,0
0.003670632,0
0.007504104,0
0.84565717,0
0.09069403,0
0.14041911,0
0.7362243,0
0.017937526,0
0.16424341,0
0.023981988,0
0.8580928,0
0.0031755222,0
0.791009,1
0.6799652,1
0.16984521,0
0.17536353,0
0.010619368,0
0.11253927,0
0.5407278,1
0.009114037,0
0.30011576,0
0.8310445,0
0.62668526,0
0.59479266,1
0.27472025,0
0.006596886,0
0.019978382,0
0.6321124,0
0.014336431,0
0.008467449,0
0.74016225,1
0.24291979,0
0.068610236,0
0.7704356,0
0.7388222,0
0.0038649254,0
0.2632941,0
0.017010128,0
0.64927787,1
0.0046591177,0
0.41283357,0
0.031706013,0
0.26011452,0
0.7324832,0
0.17207144,0
0.14820667,0
0.48671913,0
0.8131713,1
0.2140319,0
0.6028028,1
0.048864838,0
0.8076296,0
0.15975873,0
0.005146298,0
0.86753035,0
0.33628246,0
0.15936843,0
0.36432096,0
0.002922523,0
0.29062477,0
0.71352696,0
0.3326245,0
0.34568876,1
0.053433117,0
0.011535493,0
0.06928185,0
0.26681566,0
0.696493,1
0.02469661,0
0.032547828,0
0.16906087,0
0.34746596,1
0.0022354564,0
0.014318021,0
0.27088615,0
0.64617276,1
0.64121795,0
0.059714656,0
0.027916906,0
0.12763965,0
0.0044429703,0
0.052073188,0
0.0066802497,0
0.19448604,0
0.7420409,1
0.013491312,0
0.13835405,0
0.0031245395,0
0.075594254,0
0.17228743,0
0.5944559,0
0.0049131718,0
0.5408196,0
0.016492808,0
0.6840539,0
0.011797172,0
0.0066803284,0
0.26870465,0
0.5827591,0
0.87275887,1
0.29056206,0
0.019597776,0
0.11960548,0
0.045366477,0
0.7406908,0
0.72735834,0
0.0065039895,0
0.39595687,1
0.73442405,0
0.44085592,0
0.035864245,0
0.29245538,1
0.5090415,0
0.06512885,0
0.023620516,0
0.5565186,0
0.009251914,0
0.61765194,0
0.9238422,0
0.022860093,0
0.30852586,0
0.5793172,0
0.5722507,0
0.5642219,0
0.0021704547,0
0.22355719,0
0.002417005,0
0.1693386,0
0.63336986,0
0.0080948705,0
0.1693641,0
0.6484334,1
0.63371277,0
0.012536494,0
0.045587964,0
0.055576384,1
0.59196717,0
0.79099053,1
0.3431268,0
0.5586724,0
0.3926915,0
0.003642922,0
0.3100365,0
0.8180334,0
0.7245237,0
0.3283851,0
0.05466265,0
0.037612993,0
0.1132738,0
0.503754,0
0.56507474,0
0.0031529854,0
0.17844953,0
0.5268635,0
0.060917933,0
0.0056367265,0
0.1943435,0
0.02350651,0
0.7124327,0
0.02880676,0
0.36839372,0
0.760881,0
0.6661641,1
0.65482455,0
0.48158854,0
0.005627273,0
0.003109558,0
0.13136834,0
0.0032341396,0
0.030668478,0
0.73140293,1
0.050750166,0
0.21167813,1
0.011514518,0
0.31590378,0
0.6551299,0
0.31186768,1
0.005198881,0
0.8194111,0
0.61996305,0
0.5828423,0
0.5978172,0
0.04188907,0
0.38089496,1
0.022995211,0
0.29554334,1
0.85074025,0
0.11570555,0
0.0033154401,0
0.91043913,1
0.005867029,0
0.4586116,1
0.05620802,0
0.004007336,0
0.59990215,0
0.5979383,0
0.7671439,1
0.85369927,0
0.0040185484,0
0.0027196617,0
0.45618436,0
0.014981457,0
0.0450827,0
0.69761986,1
0.007926991,0
0.005152723,0
0.006577064,0
0.6559838,0
0.6696093,1
0.8425705,1
0.006984964,0
0.010363784,0
0.611553,0
0.50234693,0
0.14978455,0
0.006529507,0
0.71233356,0
0.018871056,0
0.22241296,0
0.0057998667,0
0.02488691,0
0.622106,0
0.7020419,0
0.008346348,0
0.7881788,0
0.6484367,0
0.41639617,0
0.028635362,0
0.46326345,0
0.010501912,0
0.17872532,0
0.23168035,0
0.003076044,0
0.6746022,1
0.5600414,0
0.0048351674,0
0.0021943152,0
0.6674239,0
0.011840316,0
0.8175002,1
0.022101646,0
0.15840614,0
0.041991662,0
0.53374904,0
0.0038107722,0
0.01020234,0
0.22012417,0
0.08700828,0
0.69407403,0
0.15718292,1
0.20480852,1
0.004553042,0
0.8941365,1
0.43021265,0
0.7314093,0
0.026641937,1
0.21459891,0
0.86250174,0
0.06666833,0
0.349237,0
0.011882624,0
0.015264983,0
0.3207427,1
0.6504731,0
0.009082166,0
0.24288608,0
0.011124453,0
0.004706067,0
0.006716782,0
0.016835377,0
0.84041756,1
0.0022821322,0
0.60678303,0
0.0042764177,0
0.11404145,0
0.033837784,0
0.10069822,0
0.30947724,0
0.32051715,0
0.7022929,1
0.59166735,0
0.48290598,0
0.62221324,0
0.0036085013,0
0.0051519894,0
0.06803698,0
0.005042937,0
0.02709443,0
0.0032137246,0
0.022781428,0
0.5848074,1
0.6078873,0
0.0054187803,0
0.16051663,0
0.75131756,0
0.064532645,0
0.03069512,0
0.36638957,0
0.0026500027,0
0.0056033614,0
0.8941913,0
0.12261586,0
0.5728569,1
0.002809262,0
0.4170747,0
0.0022270784,0
0.1576146,0
0.3148709,0
0.0048106886,0
0.09031051,0
0.3572228,1
0.69320345,1
0.6589198,0
0.5586937,1
0.66998106,0
0.65691245,0
0.06537512,0
0.73665106,0
0.005989337,0
0.5554338,0
0.3767868,1
0.119721614,0
0.05286883,0
0.701964,1
0.5273125,1
0.008844394,0
0.72330475,0
0.7854242,0
0.6260004,0
0.0028114214,0
0.43219596,0
0.13120992,0
0.002454878,0
0.3863553,0
0.049777105,0
0.012343895,0
0.0036056754,0
0.033004943,0
0.02321705,0
0.040055178,0
0.019391442,0
0.144161,0
0.019774426,0
0.66996425,1
0.0031712959,0
0.0022881234,0
0.008955954,0
0.0065639783,0
0.061663378,0
0.7112748,0
0.5249515,0
0.09873521,0
0.10891647,0
0.37353584,0
0.039124865,0
0.39724725,0
0.030318834,0
0.023412526,0
0.6554877,1
0.42535657,1
0.034324784,0
0.006483009,0
0.3259211,0
0.0027260208,0
0.56843716,0
0.37628973,0
0.0043782415,0
0.58310616,1
0.009774068,0
0.00898567,0
0.0052399826,0
0.43990996,1
0.5868813,0
0.19092914,0
0.479579,0
0.08257101,0
0.69415,1
0.1943009,0
0.62312675,0
0.015769627,0
0.4803804,0
0.013705518,0
0.35340738,0
0.16024749,0
0.084188156,0
0.7685787,0
0.002522396,0
0.015445493,0
0.0059955996,0
0.46916083,0
0.5866061,0
0.026129784,0
0.79893315,1
0.0084938165,0
0.16536401,0
0.0036412405,0
0.007664609,0
0.6086465,0
0.04336289,0
0.6436955,0
0.6253602,0
0.26067245,0
0.003662029,0
0.7951286,0
0.7950668,0
0.0030783918,0
0.005902266,0
0.2494542,0
0.68261546,0
0.8034471,1
0.0021511416,0
0.6320683,0
0.03904287,0
0.7311459,1
0.7941224,0
0.115957156,0
0.33429,1
0.6106582,0
0.6437681,0
0.008990826,0
0.033447597,0
0.03201986,0
0.007824979,0
0.431772,0
0.22621769,0
0.07014671,0
0.44647053,0
0.0020314346,0
0.7373011,1
0.034077447,0
0.67125607,0
0.47434804,0
0.6724522,0
0.5761447,0
0.046462256,0
0.019395754,0
0.7000959,1
0.41693562,0
0.011097616,0
0.7572299,0
0.034612823,0
0.024727453,0
0.015418875,0
0.008062914,0
0.30342823,0
0.5596236,0
0.0057410887,0
0.054846413,0
0.39855772,1
0.039170396,0
0.89135927,1
0.005013071,0
0.029028842,0
0.14956072,0
0.64412165,0
0.0023064371,0
0.5329664,1
0.037408344,0
0.74798816,1
0.1552423,0
0.6723862,1
0.111670196,0
0.159018,0
0.47585592,0
0.011676495,0
0.011385788,0
0.0044829273,0
0.6983366,0
0.80941707,1
0.00805166,0
0.0055416436,0
0.84356785,0
0.5699376,0
0.009622544,0
0.30645087,0
0.40478164,1
0.003882119,0
0.65153074,0
0.14907224,0
0.78730017,0
0.73852414,0
0.56494313,0
0.7270198,0
0.62598747,1
0.0354025,0
0.66200525,0
0.0032984018,0
0.08650735,0
0.08192465,0
0.22437592,0
0.27923775,0
0.6941766,0
0.0027786184,0
0.0054241694,0
0.56230336,1
0.057720825,0
0.33821884,0
0.031629622,0
0.049893916,0
0.2574278,0
0.34588426,0
0.0024493318,0
0.42803004,0
0.8516173,0
0.25814047,0
0.009843719,0
0.58766955,0
0.002151151,0
0.0033752744,0
0.07345607,0
0.7253739,0
0.2770817,0
0.03205088,0
0.08177375,0
0.6926918,0
0.42299414,0
0.29819265,0
0.7301603,0
0.08511378,0
0.06152502,0
0.16803254,0
0.77355844,1
0.013792121,0
0.003181726,0
0.105370626,0
0.09553605,0
0.0040370612,0
0.011177198,0
0.22296475,0
0.032403845,0
0.6530047,0
0.06550675,0
0.1211664,0
0.66748637,0
0.008428597,0
0.75561935,1
0.17729935,0
0.4539836,0
0.018226342,0
0.74617964,0
0.69129014,0
0.62092215,0
0.7263196,1
0.1010487,0
0.75520104,0
0.06876643,0
0.6352733,1
0.7491711,0
0.75938094,1
0.09506333,0
0.7184012,0
0.66078305,0
0.43124807,0
0.5304377,0
0.631608,0
0.5523733,0
0.0029763652,0
0.6897114,1
0.76838464,1
0.061296906,0
0.089167885,0
0.0062039695,0
0.060317356,0
0.2609296,0
0.7468595,0
0.0014160582,0
0.25379336,0
0.022805108,0
0.022367945,0
0.28351858,0
0.4270657,0
0.39097303,0
0.0020678253,0
0.0040050456,0
0.7947578,1
0.81421787,0
0.005565833,0
0.32243827,0
0.016502177,0
0.5900655,0
0.4899248,0
0.8382286,1
0.46135837,1
0.3941267,0
0.6737128,0
0.04699815,0
0.010102601,0
0.0065940307,0
0.013166708,0
0.014524238,0
0.08409031,0
0.11622989,0
0.21329992,0
0.7100725,1
0.49189833,0
0.74367785,0
0.5763051,0
0.00941254,0
0.0042505204,0
0.3215958,0
0.6664636,1
0.0098851565,0
0.028647542,0
0.6472841,1
0.038199574,0
0.0039212215,0
0.33089492,0
0.00326805,0
0.00471046,0
0.7474988,1
0.57189673,0
0.79867,1
0.4814298,0
0.8008743,1
0.42857,1
0.68394804,1
0.5316816,0
0.15811779,0
0.30227178,0
0.7625994,0
0.0043427325,0
0.009328546,0
0.0022365192,0
0.01961178,0
0.16806073,0
0.78405106,1
0.4279282,0
0.7683753,0
0.6518283,0
0.35538048,0
0.11257792,0
0.0022497226,0
0.13351466,0
0.28363997,0
0.3401733,0
0.36031154,0
0.18855825,0
0.45942223,0
0.02035443,0
0.7198399,0
0.5815089,0
0.699717,0
0.49237564,0
0.013967277,0
0.35080156,0
0.24340402,0
0.15416878,0
0.002457874,0
0.8627855,0
0.32336813,1
0.006568118,0
0.11565809,0
0.8122551,1
0.0042290785,0
0.013136203,0
0.0897124,0
0.8608998,0
0.19136555,0
0.7126457,1
0.5449523,0
0.077436015,0
0.8371004,0
0.65108997,1
0.045362025,0
0.07844944,0
0.003662532,0
0.87227577,1
0.010759122,0
0.007036986,0
0.010477453,0
0.22947513,0
0.5307132,0
0.29327404,0
0.26611108,0
0.2494726,0
0.046785317,0
0.9064066,0
0.0029172532,0
0.0065264683,0
0.79271036,1
0.68355775,0
0.41446802,0
0.05670799,0
0.0034830072,0
0.63930464,0
0.68018585,0
0.052062448,0
0.002797734,0
0.8048522,0
0.007975486,0
0.5257785,1
0.6539413,0
0.78840977,0
0.46461517,0
0.016919838,0
0.8382462,0
0.16257368,0
0.54602087,0
0.008046864,0
0.8394321,1
0.15980974,0
0.8439169,1
0.1569694,0
0.073691845,0
0.3488818,1
0.5579366,0
0.021329904,0
0.7429476,0
0.12538248,0
0.65418094,0
0.07770691,0
0.21634175,0
0.0053959354,0
0.0068710335,0
0.23368953,1
0.0068604206,0
0.64657336,0
0.77104187,1
0.51826066,0
0.03545686,1
0.118986696,0
0.29740396,0
0.0072980192,0
0.7139362,0
0.3322884,1
0.50627804,0
0.122403964,0
0.0029815827,0
0.3496674,0
0.32559776,0
0.017065302,0
0.26089042,1
0.096120715,0
0.014171047,0
0.052655365,0
0.64375865,1
0.0057123657,0
0.0116457585,0
0.023802277,0
0.67465055,1
0.018074183,0
0.6004335,0
0.8488787,0
0.19144456,0
0.0036234686,0
0.07736103,0
0.016574927,0
0.0044543976,0
0.6793239,0
0.015569534,0
0.5750617,0
0.73225784,1
0.6081565,0
0.7369658,0
0.0025308356,0
0.674733,0
0.0074901143,0
0.0041701454,0
0.005814541,0
0.13591108,0
0.009471772,0
0.4837039,0
0.013407934,0
0.0057051904,0
0.22196804,0
0.87109244,0
0.009303444,0
0.6368016,0
0.837504,1
0.003539379,0
0.0072704656,0
0.4363917,0
0.56610143,0
0.777416,0
0.114098236,0
0.8691896,1
0.9312493,1
0.2849778,0
0.53511137,0
0.28353593,0
0.65511423,0
0.020750258,0
0.4624091,0
0.019041924,0
0.0063193245,0
0.051018078,0
0.78821105,1
0.3245346,0
0.75164354,1
0.0023131599,0
0.083258726,0
0.0029836062,0
0.061214514,0
0.001793961,0
0.005997785,0
0.05111076,0
0.8484855,0
0.0074448804,0
0.0056646955,0
0.6847066,0
0.4216552,0
0.18854912,1
0.6074305,0
0.6347296,0
0.014796094,0
0.28731635,1
0.7001286,0
0.018160561,0
0.22652692,0
0.92566496,0
0.10245764,0
0.7841461,1
0.68111205,0
0.56204915,1
0.33621103,0
0.0016530267,0
0.62098,0
0.8172809,1
0.7902356,0
0.7694207,1
0.78631884,0
0.76677924,0
0.06960117,0
0.032498732,0
0.8099761,0
0.5308678,0
0.008243969,0
0.8154117,1
0.40394896,1
0.065459594,0
0.6614261,0
0.005699332,0
0.015490211,0
0.0070137316,0
0.16710913,0
0.037434492,0
0.2258379,0
0.004671805,0
0.008593407,0
0.006217028,0
0.31429216,0
0.29674837,0
0.0054730317,0
0.37750918,0
0.15600088,0
0.0060055964,0
0.13783368,0
0.7574034,0
0.6707832,0
0.0144235045,0
0.054536782,0
0.19534534,1
0.31046113,0
0.25053233,0
0.83166814,1
0.0057863602,0
0.008312023,0
0.42189035,0
0.7965098,1
0.009384324,0
0.7912564,0
0.45684564,0
0.017615551,0
0.00936445,0
0.75894743,1
0.12545578,0
0.057868272,0
0.7492894,0
0.002262666,0
0.007984904,0
0.006482641,0
0.048494145,0
0.0061392705,0
0.0052488977,0
0.18017118,0
0.63849527,0
0.057454973,0
0.0041802153,0
0.75822383,0
0.17541127,0
0.21264718,0
0.3569954,0
0.0020780268,0
0.09440724,0
0.47620088,0
0.02306651,0
0.20541166,0
0.85889125,0
0.002788898,0
0.0052356594,0
0.5807559,0
0.053767607,0
0.09971703,0
0.02877092,0
0.82916117,0
0.00216296,0
0.054364093,0
0.24530673,0
0.003574325,0
0.1638984,0
0.16138157,0
0.859058,1
0.012401503,0
0.20692605,0
0.3929442,0
0.52108514,0
0.32015482,0
0.74670607,0
0.005669182,0
0.82924515,0
0.7610592,1
0.0021667536,0
0.8047435,1
0.01932072,0
0.77765274,1
0.8863871,1
0.026265457,0
0.026859721,0
0.0024793409,0
0.0027648057,0
0.013547485,0
0.0032118629,0
0.0071491157,0
0.008086257,0
0.009823101,0
0.68133533,0
0.009254353,0
0.7943696,1
0.5489952,0
0.018547237,0
0.15403543,0
0.6628814,0
0.5108909,0
0.71955603,0
0.14789952,0
0.018656,0
0.065117314,0
0.3562183,1
0.24852367,1
0.7019844,0
0.51557726,0
0.9418332,1
0.7869702,1
0.006546136,0
0.6997431,0
0.14378732,0
0.0020100025,0
0.62570447,0
0.001898665,0
0.03654173,0
0.1770548,0
0.22382182,0
0.006309517,0
0.011388054,0
0.004649916,0
0.0034402758,0
0.0086901905,0
0.63788784,0
0.14447562,0
0.0030391351,0
0.054826114,0
0.2931664,0
0.0031175297,0
0.018532837,0
0.50056744,0
0.05103243,0
0.3553731,0
0.002565546,0
0.0027069575,0
0.0037997677,0
0.004474761,0
0.049591135,0
0.018641934,0
0.5027903,0
0.6297718,0
0.29327345,0
0.19516605,0
0.6836036,0
0.008907607,0
0.7390705,0
0.0028859589,0
0.002934225,0
0.13293235,0
0.6632649,1
0.004997651,0
0.48933515,0
0.0057118726,0
0.015494518,0
0.74425685,0
0.86260414,0
0.24097662,0
0.12148045,0
0.5503393,0
0.66915315,0
0.8555056,1
0.043965656,0
0.07699122,0
0.5718354,0
0.519457,0
0.7896217,0
0.14796832,0
0.69084346,1
0.1677629,0
0.42023823,0
0.0030206637,0
0.021138908,0
0.1361826,0
0.51109374,0
0.0058726915,0
0.4618276,0
0.48969862,0
0.42330554,1
0.06885742,0
0.22628027,0
0.61580575,0
0.23685215,0
0.7971591,1
0.0036396594,0
0.06370062,0
0.6384064,0
0.007755921,0
0.39434272,0
0.009465976,0
0.79854804,1
0.077078104,0
0.05815041,0
0.51221734,0
0.57446265,0
0.84737223,0
0.6970007,0
0.6032788,1
0.7292546,1
0.0524362,0
0.024939343,0
0.005112657,0
0.72928065,1
0.0157209,0
0.003777505,0
0.0052433936,0
0.008567885,0
0.003917519,0
0.053616174,0
0.8011899,1
0.7437321,0
0.10807999,1
0.003949248,0
0.0029448923,0
0.82061106,0
0.83082145,0
0.49384773,0
0.023917945,0
0.68049264,1
0.004118301,0
0.47258806,0
0.044117298,0
0.020930454,0
0.008718024,0
0.5501989,0
0.5428807,1
0.7607626,0
0.5060423,1
0.77455854,1
0.83176845,1
0.77045023,0
0.004939084,0
0.39616823,0
0.41276872,0
0.38993213,1
0.0025125877,0
0.7997056,0
0.076670215,0
0.11370898,0
0.4695645,0
0.3043971,0
0.005606417,0
0.22681344,0
0.005266929,0
0.5803121,0
0.82007796,0
0.38837862,0
0.37234387,0
0.0063238707,0
0.03165973,0
0.032790784,0
0.05029156,0
0.4833074,0
0.17389362,1
0.398129,0
0.20655751,0
0.0035107392,0
0.027854951,0
0.44807923,0
0.7098392,0
0.059985984,0
0.3019095,0
0.01986022,0
0.0024158452,0
0.09788902,0
0.7072224,0
0.63390625,0
0.53484356,1
0.8556886,0
0.012439427,0
0.0031331733,0
0.41847077,0
0.10982378,0
0.80523145,0
0.8550737,0
0.10022815,0
0.032166123,0
0.69801384,1
0.0020755245,0
0.0066723344,0
0.16563515,0
0.022741834,0
0.148877,0
0.801205,1
0.1200154,0
0.7643302,0
0.7168677,1
0.52566737,0
0.60249233,0
0.012845516,0
0.009777087,0
0.120013036,0
0.021389194,0
0.66925687,1
0.7348265,0
0.007027503,0
0.2753974,0
0.0031330422,0
0.0031946462,0
0.002548275,0
0.5795103,1
0.68139803,0
0.0051612877,0
0.019277105,0
0.07916004,0
0.089641795,0
0.74621934,0
0.15066859,0
0.19071351,0
0.31526968,0
0.1629261,0
0.46074656,0
0.0076358807,0
0.007599814,0
0.0027450963,0
0.43569607,0
0.61581874,0
0.6913725,1
0.007973226,0
0.031766433,0
0.23222592,0
0.015572605,0
0.18118791,0
0.5109785,1
0.6522004,1
0.10356204,0
0.17494647,0
0.036085643,0
0.0070559606,0
0.0037343025,0
0.06281737,0
0.07586327,0
0.15978332,0
0.04404972,0
0.73902494,1
0.009735806,0
0.73349756,0
0.0030058718,0
0.7124549,0
0.60573435,1
0.13434497,0
0.17165089,0
0.009113857,0
0.0047566197,0
0.45423892,0
0.051453166,0
0.29856136,0
0.78277665,1
0.036122356,0
0.011311408,0
0.72222835,0
0.095864266,0
0.37133318,0
0.0134214405,0
0.022995682,0
0.6333011,0
0.017460251,0
0.6735519,1
0.009693021,0
0.32862583,0
0.6563434,0
0.004218962,0
0.41486135,1
0.40343997,1
0.023403995,0
0.004341747,0
0.4854786,1
0.45502737,0
0.045194805,0
0.05318624,1
0.7714025,1
0.14530179,0
0.29614812,0
0.19160818,0
0.00297981,0
0.37275213,0
0.76998335,0
0.6544445,0
0.01918068,0
0.20616326,0
0.70141035,1
0.23710302,0
0.42865303,0
0.32926482,0
0.037486583,0
0.10476056,0
0.42057225,0
0.15365076,0
0.848437,0
0.027998729,0
0.009393136,0
0.013709095,0
0.18638809,0
0.08150351,0
0.7075962,0
0.53936845,0
0.76592493,0
0.0022820744,0
0.08186594,0
0.0026374275,0
0.6144204,0
0.20618936,1
0.18091874,0
0.011729413,0
0.006531871,0
0.14386334,0
0.19202098,0
0.7428739,1
0.6774189,0
0.10724841,0
0.004108331,0
0.0069111483,0
0.49160355,0
0.0027463262,0
0.011180672,0
0.16204101,0
0.5609878,0
0.03441611,0
0.00346152,0
0.7174555,0
0.015862398,0
0.31519994,0
0.3225237,0
0.56932324,0
0.0025670633,0
0.23135963,0
0.09023928,0
0.29970178,0
0.6283028,1
0.567157,1
0.2942268,0
0.333615,1
0.14493011,0
0.6218486,0
0.012500161,0
0.002743803,0
0.74878114,1
0.0024380754,0
0.0035301452,0
0.0048474376,0
0.27580488,0
0.021979475,0
0.84400076,0
0.52201575,0
0.002144754,0
0.73306835,0
0.8153213,0
0.009289803,0
0.76209253,0
0.0062963464,0
0.8291121,1
0.0038190046,0
0.34483823,0
0.023945631,0
0.8247843,0
0.6756824,0
0.6795372,1
0.3997083,0
0.8754468,1
0.82193005,0
0.10966873,0
0.004675929,0
0.010641807,0
0.011550476,0
0.007426801,0
0.85464287,1
0.5732454,1
0.0089850975,0
0.7041522,0
0.008157725,0
0.6649393,0
0.07699192,0
0.6837931,0
0.05563269,0
0.8534733,1
0.718065,0
0.781163,0
0.10457388,0
0.0046807895,0
0.65862584,1
0.65793407,0
0.05692856,0
0.15544479,0
0.016085885,0
0.7688721,0
0.20440875,0
0.44729328,0
0.73437667,0
0.44348258,1
0.8303607,1
0.81440663,1
0.004376515,0
0.8233954,0
0.3425404,0
0.042187214,0
0.54776114,1
0.02915569,0
0.0127569605,0
0.01111055,0
0.6111679,0
0.14756472,0
0.6343594,0
0.47280765,0
0.15353943,0
0.8117871,0
0.0046263835,0
0.018475547,0
0.63552016,1
0.003665427,0
0.4746768,0
0.003169974,0
0.009977572,0
0.47055066,0
0.4572912,0
0.38978633,0
0.17932463,0
0.49970382,1
0.059177335,0
0.5640797,0
0.008140856,0
0.0028826292,0
0.75082743,0
0.06095801,0
0.71348214,0
0.39574882,0
0.023867423,0
0.40718636,0
0.0030906305,0
0.0069378396,0
0.7733583,0
0.31193116,0
0.7883467,0
0.45423722,0
0.00511182,0
0.8418678,1
0.14040272,0
0.099297486,0
0.31372422,0
0.86390543,1
0.00702271,0
0.033779535,0
0.34723958,0
0.008091632,0
0.024921358,0
0.08811244,0
0.71766657,0
0.48551327,1
0.72893345,1
0.5910613,0
0.05263279,0
0.0029023294,0
0.007464536,0
0.0037987642,0
0.4233751,0
0.28706408,1
0.076722875,0
0.0052261883,0
0.85051405,1
0.36379996,0
0.6008233,0
0.49985972,0
0.41514942,0
0.21914098,0
0.006989401,0
0.26770777,0
0.785986,0
0.61565655,0
0.024142778,0
0.016560134,0
0.18274418,0
0.6089293,0
0.04474945,0
0.012435656,0
0.62105864,0
0.32240993,0
0.86379015,0
0.016849076,0
0.54330915,0
0.60027665,1
0.0040429034,0
0.8368845,1
0.7105288,0
0.0034203576,0
0.21894036,1
0.12784189,0
0.00579272,0
0.002306289,0
0.86544675,1
0.04964185,0
0.81955343,0
0.5904078,0
0.065478176,0
0.30269632,0
0.13990837,0
0.029786127,0
0.011208334,0
0.0040688254,0
0.023440773,0
0.42868114,0
0.5210687,0
0.579211,0
0.005747254,0
0.39042935,0
0.005233804,0
0.731165,0
0.007354447,0
0.52914613,0
0.006655204,0
0.008250814,0
0.16717172,0
0.0021678652,0
0.6929648,1
0.56416327,0
0.006493291,0
0.0068247337,0
0.018233635,0
0.73078847,0
0.008931777,0
0.33812755,0
0.688876,0
0.22367547,0
0.6534577,1
0.42743924,0
0.004431227,0
0.010264997,0
0.0023358557,0
0.21288759,0
0.49844334,0
0.64651746,0
0.008540123,0
0.015857039,0
0.59342974,1
0.0018864637,0
0.002574349,0
0.20672649,0
0.15500446,0
0.30529955,0
0.45447984,0
0.78974015,1
0.023524491,0
0.57202125,0
0.22730274,0
0.77802426,0
0.37344658,1
0.78102106,0
0.7142189,1
0.049663514,0
0.5682736,0
0.56794775,1
0.56350803,0
0.34266394,1
0.63331693,0
0.400702,0
0.8089755,0
0.10832166,0
0.015283108,0
0.36791334,0
0.010983383,0
0.0018029448,0
0.414112,0
0.74782664,0
0.68990904,0
0.005694332,0
0.37963486,1
0.4148744,0
0.12326869,1
0.0056886035,0
0.004926338,0
0.6928026,0
0.68523157,1
0.45208788,0
0.84700173,1
0.79893374,0
0.11390566,0
0.42431167,0
0.4912578,0
0.08252244,0
0.035514824,0
0.7965837,1
0.08786528,0
0.3149437,0
0.50790447,0
0.23984814,1
0.32757935,0
0.3940619,0
0.41952753,0
0.6971204,0
0.07577992,0
0.8269148,1
0.021796372,0
0.0052157203,0
0.40846053,0
0.12894125,0
0.76186836,0
0.10390851,0
0.002165077,0
0.0030241942,0
0.0025641834,0
0.018245753,0
0.49776697,0
0.052562863,0
0.45514736,0
0.64450276,1
0.002825286,0
0.0067424756,0
0.005238357,0
0.0143395495,0
0.0017034659,0
0.013073572,0
0.0102514615,0
0.004578608,0
0.015337072,0
0.0046937945,0
0.013346492,0
0.7080089,0
0.026038447,0
0.326366,0
0.01125041,0
0.61878806,0
0.75996333,0
0.33051363,0
0.72402686,0
0.072392985,0
0.0022978124,0
0.29428324,0
0.023167629,0
0.028429126,0
0.57568234,1
0.016070368,0
0.02799949,0
0.7240245,0
0.46933982,0
0.0046491283,0
0.7406769,0
0.01870675,0
0.010805683,0
0.5757248,1
0.21176162,0
0.5083692,0
0.8052989,1
0.012541701,0
0.65971506,0
0.0105389925,0
0.7446237,1
0.09114204,0
0.5606578,0
0.57489574,0
0.02729246,0
0.5976886,0
0.6279899,0
0.015207027,0
0.15137108,0
0.06915946,0
0.7508796,0
0.60343784,0
0.073978044,0
0.11867704,0
0.7164472,1
0.0026151773,0
0.105696335,0
0.63998294,1
0.01782448,0
0.006520544,0
0.5622814,0
0.37212247,0
0.18680939,0
0.27263236,0
0.007488247,0
0.6455005,0
0.5749827,0
0.37106603,0
0.0181148,0
0.0057977173,0
0.58205724,1
0.684528,0
0.6094827,0
0.011481865,0
0.0032359695,0
0.032483455,0
0.003203202,0
0.6982418,0
0.5847414,1
0.025111888,0
0.33224306,0
0.004419419,0
0.48850057,0
0.74073386,1
0.5836692,0
0.014759667,0
0.0029534665,0
0.04278153,0
0.2363541,0
0.6733644,0
0.50379,0
0.23045453,0
0.17424305,0
0.41703728,0
0.0062075835,0
0.22851671,0
0.3486864,0
0.017783264,0
0.70610595,0
0.008756797,0
0.0060051666,0
0.5037118,0
0.2719841,0
0.7393384,1
0.7908044,1
0.056084253,0
0.18987277,0
0.6984473,0
0.17586459,0
0.0050694747,0
0.4825554,0
0.071329966,0
0.25386855,0
0.45009884,1
0.053833842,0
0.34676984,0
0.28678775,1
0.009723346,0
0.008665066,0
0.05979569,0
0.0029505836,0
0.5399381,0
0.14214264,0
0.4891349,0
0.16227505,0
0.03306248,0
0.28132588,0
0.1834646,0
0.0039803716,0
0.032596678,0
0.7862261,1
0.047960974,0
0.14660163,0
0.0032337953,0
0.090112194,0
0.027344167,0
0.7098728,1
0.55125743,0
0.8363062,0
0.87301236,0
0.013684488,0
0.004277725,0
0.005151865,0
0.6522624,1
0.6862048,1
0.009832715,0
0.41677016,0
0.04617267,0
0.15751608,0
0.0014810665,0
0.7773928,0
0.2331002,0
0.0060017975,0
0.6339359,1
0.0016805416,0
0.5786744,0
0.23580849,0
0.564002,1
0.14961539,0
0.14097853,0
0.7014408,1
0.25053123,0
0.23330505,0
0.6905094,0
0.050245073,0
0.60925215,0
0.0051093446,0
0.014282699,0
0.005637601,0
0.006373737,0
0.0024325624,0
0.09109835,0
0.004558766,0
0.219544,0
0.62815255,1
0.38536888,0
0.06391323,0
0.009159585,0
0.7105686,1
0.7707507,0
0.56741184,0
0.018701134,0
0.53485227,0
0.6451073,1
0.015383517,0
0.22416043,1
0.16138218,0
0.08146515,0
0.0053802812,0
0.058269296,0
0.46595994,0
0.009583127,0
0.0031896147,0
0.5056059,0
0.0025901452,0
0.075842,0
0.41068858,1
0.7633211,0
0.6891762,1
0.7652031,0
0.526881,0
0.0049628364,0
0.0064507304,0
0.630723,1
0.16077387,0
0.74528563,1
0.0046483963,0
0.003303967,0
0.410084,0
0.0048968587,0
0.43727863,0
0.044970013,0
0.67442447,0
0.62670416,0
0.007271925,0
0.0061273645,0
0.27282295,1
0.044999935,0
0.7827446,1
0.16708206,0
0.026261121,0
0.0030093947,0
0.03979216,0
0.05771841,0
0.029680444,1
0.005782305,0
0.23181593,0
0.06478776,0
0.0023904266,0
0.7017228,0
0.5751964,0
0.11264768,0
0.0036025073,0
0.06668319,0
0.0026324564,0
0.46101192,1
0.014631714,0
0.2968428,0
0.684717,0
0.0028918337,0
0.18397012,0
0.58288836,0
0.031180806,0
0.61138755,0
0.10165577,0
0.50135726,0
0.011584612,0
0.04826976,0
0.50036174,1
0.054644782,0
0.7104543,1
0.2542173,0
0.002717251,0
0.043320354,0
0.0074949544,0
0.500926,0
0.39987704,0
0.055641875,0
0.0066901986,0
0.67025197,1
0.45715842,0
0.62029696,0
0.2998518,0
0.01990416,0
0.026274318,0
0.1041262,0
0.17452559,0
0.011008643,0
0.088036306,0
0.8523993,0
0.7798362,0
0.039195314,0
0.4170105,0
0.18680319,0
0.12657644,0
0.004541876,0
0.0035570052,0
0.0025428776,0
0.23545986,0
0.02012157,0
0.5307664,1
0.6866717,1
0.0021176515,0
0.00562416,0
0.06745129,0
0.018088607,0
0.045357626,0
0.35120508,0
0.48110256,0
0.5313246,0
0.26740587,0
0.044569403,0
0.44685638,0
0.33249447,1
0.86366457,0
0.017990494,0
0.56883,0
0.3105778,0
0.20428328,1
0.35525018,0
0.0036497025,0
0.08115005,0
0.57758176,1
0.032608796,0
0.4519546,0
0.071108416,0
0.36856264,0
0.14627764,0
0.6442224,1
0.09469524,0
0.63732207,0
0.052485228,0
0.0037679938,0
0.8386338,1
0.008213142,0
0.915886,1
0.70217556,0
0.008078317,0
0.008384801,0
0.007159914,0
0.29488003,0
0.621343,0
0.15056585,0
0.6565063,1
0.005508407,0
0.024640635,0
0.36091822,0
0.5335372,0
0.7644407,1
0.5927683,0
0.10250822,1
0.0042993412,0
0.804035,1
0.8039422,1
0.40151924,0
0.13278274,0
0.011328758,0
0.05715284,1
0.35068488,0
0.0034482446,0
0.12771241,0
0.008951612,0
0.2021234,1
0.0017718424,0
0.8140367,0
0.19216783,0
0.35439542,0
0.24497809,0
0.015612781,0
0.7025442,0
0.0581334,0
0.65162206,0
0.7268955,1
0.018921373,0
0.3025703,0
0.77685773,1
0.17301382,0
0.05399279,0
0.61208236,0
0.0041841925,0
0.7083384,0
0.015051972,0
0.0112251695,0
0.42576718,1
0.7725286,0
0.30292833,0
0.81649613,1
0.1960013,0
0.029278487,0
0.65896654,1
0.0927185,0
0.004801196,0
0.4559387,0
0.008550849,0
0.6041257,1
0.0033288922,0
0.2981622,1
0.0032221535,0
0.6068898,0
0.0022547825,0
0.4072245,0
0.7116134,0
0.12732127,0
0.01359102,0
0.08293661,0
0.0027625759,0
0.2274443,0
0.6642402,0
0.3917051,0
0.2562012,0
0.8538006,1
0.063218094,1
0.42256907,0
0.006305479,0
0.011678873,0
0.5692988,0
0.031670384,0
0.9054181,0
0.19809486,0
0.49104822,0
0.25878263,1
0.46587622,1
0.16138045,0
0.6460573,0
0.7480378,1
0.8407413,0
0.0026190483,0
0.008060059,0
0.021721127,0
0.004265708,0
0.5761536,1
0.5635766,0
0.001833785,0
0.0060283314,0
0.07226788,0
0.007442643,0
0.42812285,0
0.58634484,0
0.49646816,0
0.0035756086,0
0.774086,1
0.06263973,0
0.031039018,0
0.00277932,0
0.6859357,0
0.09692605,0
0.38522694,0
0.2277534,0
0.81364346,1
0.14970075,0
0.014370363,0
0.07268876,0
0.60504216,1
0.04418322,0
0.66823936,0
0.0011419638,0
0.124603845,0
0.30116084,1
0.2713065,1
0.1670577,0
0.039152514,0
0.2349179,1
0.009987794,0
0.208097,0
0.0038672928,0
0.10974248,0
0.8050747,1
0.66541827,1
0.3994735,1
0.48519218,0
0.02733357,0
0.00359384,0
0.0113031175,0
0.42773697,0
0.53213835,1
0.35500416,0
0.34082437,0
0.13309832,0
0.006208361,0
0.20866382,0
0.2884767,1
0.30870447,0
0.001985682,0
0.6688789,1
0.8066992,1
0.30169895,1
0.3705674,1
0.020934256,0
0.041918915,0
0.67326796,0
0.6320622,0
0.5821499,0
0.70686924,0
0.10031557,0
0.09064285,0
0.44701022,0
0.06289626,0
0.49221906,0
0.004044851,0
0.0054786797,0
0.002346144,0
0.0051855,0
0.0038305654,0
0.16859812,0
0.64756334,0
0.004005635,0
0.13148123,0
0.013862416,0
0.0038259993,0
0.49440098,1
0.6745227,0
0.68726766,0
0.1867855,0
0.5205292,0
0.6879056,0
0.4391811,0
0.013395313,0
0.0035810866,0
0.82118505,0
0.59972787,1
0.17959182,0
0.012695306,0
0.23284394,0
0.121337265,1
0.59933066,0
0.009846848,0
0.011307163,0
0.003644295,0
0.0038163299,0
0.5585676,0
0.5310884,0
0.016792307,0
0.7024322,0
0.6359502,0
0.21012239,0
0.8564893,1
0.0025504816,0
0.69720715,0
0.022694943,0
0.7421063,0
0.36511272,0
0.0037757289,0
0.53343856,0
0.6274952,1
0.8421877,0
0.3016226,0
0.825485,0
0.53023875,0
0.51679057,0
0.011723262,0
0.038514797,0
0.8684824,0
0.030286215,0
0.23940542,0
0.08601854,0
0.67726564,0
0.0073990067,0
0.48691308,1
0.005660507,0
0.49451765,0
0.80781174,0
0.7646993,0
0.035222184,0
0.5443038,0
0.4883106,0
0.78325325,0
0.007591975,0
0.0065291,0
0.25396544,0
0.0026800742,0
0.64704686,1
0.3816399,0
0.18928918,0
0.0018567207,0
0.3883305,1
0.0030525795,0
0.15802965,0
0.79167587,0
0.061228413,0
0.1519127,0
0.5869859,0
0.0038628955,0
0.61147594,1
0.79497087,0
0.048975233,0
0.06454982,0
0.011686839,0
0.02790355,0
0.0070823682,0
0.0022509166,0
0.8569998,1
0.03595356,0
0.7221067,1
0.7319116,0
0.036013164,0
0.8183678,0
0.74045223,0
0.004506602,0
0.6491813,0
0.6116094,0
0.34542134,0
0.006078286,0
0.0063345376,0
0.003945212,0
0.17770538,0
0.059458643,0
0.4881839,0
0.20992142,0
0.5048667,0
0.8937441,1
0.57277036,1
0.16052684,0
0.009987327,0
0.034332316,0
0.82405955,0
0.014125156,0
0.005588605,0
0.7845046,1
0.8824909,1
0.00365578,0
0.44918966,0
0.68169147,0
0.023805166,0
0.63751435,1
0.0031205455,0
0.6178556,0
0.0021004593,0
0.7120081,0
0.4728902,0
0.23257896,0
0.64918405,0
0.7849345,0
0.40677395,1
0.00240282,0
0.86781824,1
0.0026764658,0
0.0035078896,0
0.1428435,0
0.25042117,0
0.00678033,0
0.14905451,0
0.10608249,0
0.005911189,0
0.81504154,0
0.77894485,0
0.847638,1
0.7909779,1
0.010009293,0
0.005801534,0
0.2537177,0
0.24788082,0
0.033611655,0
0.5836178,0
0.0040761414,0
0.033352666,0
0.5939803,0
0.74256295,0
0.37530053,0
0.37919143,0
0.4977091,0
0.17595367,0
0.15820041,0
0.0033671723,0
0.6938954,1
0.0593077,0
0.0056081405,0
0.64652586,1
0.019003244,0
0.047559373,0
0.8095719,1
0.55038446,0
0.61355084,0
0.016670847,0
0.5543079,0
0.0052547795,0
0.042105414,0
0.040068306,0
0.85374343,1
0.020137118,0
0.6958133,0
0.022957886,0
0.34687003,0
0.1382923,0
0.0022328077,0
0.0076519037,0
0.77830017,0
0.3853838,0
0.0045669377,0
0.5463891,0
0.017429782,0
0.7999054,0
0.014438206,0
0.13404672,0
0.0023966555,0
0.070106916,0
0.6275438,0
0.740991,0
0.7491643,0
0.3532596,1
0.08508026,0
0.7796033,1
0.34258792,0
0.432674,1
0.56739664,1
0.45863497,0
0.526893,0
0.71696,0
0.23998119,0
0.16056275,0
0.06928174,0
0.7415686,1
0.015593425,0
0.0059703975,0
0.12451315,1
0.75017375,0
0.0040682205,0
0.20878534,0
0.0043158475,0
0.0108383475,0
0.73012286,1
0.07713593,0
0.62798357,0
0.48487994,0
0.03155681,0
0.0155440355,0
0.15289603,0
0.26865292,0
0.6010549,1
0.060232237,0
0.06665404,0
0.602228,1
0.038224228,0
0.062270556,0
0.005965498,0
0.81261426,0
0.6489366,1
0.024447564,0
0.7995242,0
0.56320006,0
0.7505836,1
0.74802136,0
0.003040933,0
0.0061047073,0
0.34997824,0
0.009409242,0
0.58256,0
0.5389756,0
0.017138666,0
0.0044380166,0
0.5749441,0
0.011379489,0
0.7735243,0
0.56293416,0
0.032779578,0
0.33779255,0
0.08693499,0
0.8355672,0
0.04569766,0
0.73006475,0
0.066998646,0
0.0048694573,0
0.033065215,0
0.034147266,0
0.59131557,0
0.04371927,0
0.006530417,0
0.0060791033,0
0.011317339,0
0.10321862,0
0.007076365,0
0.0088395225,0
0.08592934,0
0.06399874,0
0.0042084577,0
0.70692426,0
0.025700606,0
0.04775041,0
0.014101471,0
0.0030819438,0
0.0045648417,0
0.41616452,0
0.6860644,0
0.7457765,0
0.0432188,0
0.0019411359,0
0.009410015,0
0.0033155207,0
0.43700218,0
0.8617862,0
0.7994197,1
0.16466732,0
0.4886991,0
0.01131595,0
0.5030363,0
0.6444883,0
0.005057243,0
0.015816329,0
0.2143354,0
0.003144496,0
0.0065885265,0
0.006572665,0
0.0055622025,0
0.19492376,0
0.59838516,0
0.021524927,0
0.09235176,0
0.21468018,1
0.77386725,1
0.019502755,0
0.043165993,0
0.099989586,0
0.33371407,0
0.45206642,0
0.25389642,0
0.0033133817,0
0.39687032,0
0.081759535,0
0.32888168,0
0.09971478,0
0.5476031,0
0.040232196,0
0.17139003,0
0.0065187775,0
0.0023265304,0
0.1367218,0
0.0066342554,0
0.002797972,0
0.6110095,0
0.46808168,0
0.4984125,0
0.0027671917,0
0.69972557,0
0.0018227865,0
0.009697251,0
0.48336288,0
0.24784824,0
0.0077240863,0
0.44021055,0
0.0030684453,0
0.008478811,0
0.004184135,0
0.0061172475,0
0.6559148,0
0.42334414,0
0.00675538,0
0.77611816,0
0.028484916,0
0.4896071,1
0.008723763,0
0.51635045,0
0.0023358848,0
0.6554462,1
0.123479016,0
0.059884164,0
0.009469526,0
0.6261398,0
0.115628436,1
0.6865454,0
0.00378767,0
0.0070742746,0
0.011883267,0
0.2630176,0
0.31095782,0
0.1260857,0
0.014264859,0
0.010248433,0
0.7141373,0
0.0092531955,0
0.57733893,1
0.0031167297,0
0.79924756,0
0.5225976,0
0.23895203,0
0.17159344,0
0.010873699,0
0.6299393,1
0.56961465,0
0.03668841,0
0.013823985,0
0.07952991,0
0.75283873,1
0.07225941,0
0.17459792,0
0.0040837834,0
0.18564554,0
0.0029041283,0
0.41021892,0
0.0027479474,0
0.004554942,0
0.003072339,0
0.052827336,0
0.033480357,0
0.82921964,0
0.3617101,0
0.54710126,0
0.3784197,0
0.013128318,0
0.6645546,1
0.75967777,1
0.113177955,0
0.07557858,0
0.5653579,1
0.6143606,0
0.8554531,0
0.33115664,0
0.7182507,0
0.00516589,0
0.6818227,1
0.42536288,0
0.013616385,0
0.78417903,0
0.52795464,0
0.87282395,1
0.29338396,1
0.58635694,1
0.01823392,0
0.023027845,0
0.47351873,0
0.0057563535,0
0.24644114,0
0.4409128,0
0.021194663,0
0.78438365,0
0.0026944675,0
0.007794947,0
0.45326266,0
0.8091261,1
0.62335193,1
0.30835602,0
0.010273251,0
0.011049863,0
0.009468274,0
0.009385281,0
0.615587,0
0.06531612,0
0.1673406,0
0.58471507,0
0.2433667,0
0.29650173,0
0.5234355,1
0.2971219,0
0.50694025,0
0.53499496,0
0.040149312,0
0.038519964,0
0.0041264775,0
0.03123339,0
0.0062801694,0
0.7203361,0
0.7640998,0
0.065084085,0
0.532425,0
0.41501895,0
0.008167277,0
0.84859014,0
0.007659102,0
0.42220253,0
0.7102419,1
0.0071988334,0
0.38108653,0
0.021944303,1
0.004292402,0
0.2219021,0
0.15549679,0
0.0049387184,0
0.008974285,0
0.5780644,1
0.03181323,0
0.26642945,0
0.19899137,0
0.6677528,0
0.35586435,1
0.017061552,0
0.036344852,0
0.07559922,0
0.22742625,0
0.012962308,0
0.0028596176,0
0.0064901784,0
0.50890577,0
0.123138234,0
0.7381775,0
0.82363623,1
0.30931106,1
0.8709479,0
0.41815385,0
0.14650588,0
0.084926575,0
0.0063225827,0
0.61837786,0
0.3896668,0
0.07221407,0
0.5034252,0
0.37083623,0
0.0022870915,0
0.7064517,0
0.048114207,0
0.12928623,0
0.3220263,0
0.4227674,0
0.020480545,0
0.010122822,0
0.8048954,0
0.22537318,0
0.71962076,0
0.0036951767,0
0.50910455,1
0.036569186,0
0.84720945,1
0.15025486,0
0.41668868,0
0.62735707,0
0.007964741,0
0.006981919,0
0.52436435,1
0.09880424,0
0.006204493,0
0.0058068684,0
0.7496457,0
0.18021376,0
0.85123324,0
0.34787914,0
0.0102081,0
0.009366503,0
0.4692605,0
0.017758187,0
0.60490674,0
0.07540451,0
0.006221655,0
0.45025998,0
0.7306778,0
0.5469367,1
0.0049827024,0
0.08159219,0
0.008824783,0
0.009280048,0
0.016194787,0
0.18813294,0
0.0012531828,0
0.50882393,0
0.45228717,0
0.51462257,0
0.011729959,0
0.046101827,0
0.005657241,0
0.041248668,0
0.047471035,0
0.00525221,0
0.09872112,0
0.0014691862,0
0.012568712,0
0.38734627,0
0.270909,0
0.18759671,1
0.75909525,0
0.24936515,0
0.07083804,0
0.7849307,0
0.6143296,0
0.05786801,0
0.110890426,0
0.4464291,0
0.004429589,0
0.7096832,0
0.11378513,0
0.37018767,0
0.28082058,1
0.6355607,1
0.7662009,0
0.1876293,0
0.898118,1
0.0015089515,0
0.14476249,0
0.1325019,0
0.29580984,0
0.80062103,0
0.112378724,0
0.0029967087,0
0.07581938,0
0.2588695,0
0.62667173,0
0.49878612,1
0.15577482,0
0.0027647836,0
0.09224073,0
0.03205731,0
0.3190036,0
0.0041162125,0
0.4721102,0
0.4945722,0
0.43771204,0
0.82420504,1
0.7488741,1
0.004684443,0
0.0124191,0
0.7184605,0
0.36984393,0
0.4002207,0
0.7688157,0
0.0014177449,0
0.036509186,0
0.010861125,0
0.77887285,1
0.7957385,0
0.002018593,0
0.07320942,0
0.101116,0
0.7120286,0
0.1726513,0
0.2099637,0
0.21469727,0
0.056980714,0
0.013013176,0
0.07773266,0
0.0628793,0
0.0038219085,0
0.842334,0
0.009114274,0
0.02440975,0
0.0053219446,0
0.31484103,0
0.002216332,0
0.68708795,1
0.2057529,0
0.55574507,0
0.07810635,0
0.64042306,0
0.004624579,0
0.5431483,0
0.18032624,0
0.17883997,0
0.61539465,0
0.2508832,0
0.0026954312,0
0.4828117,1
0.16371696,0
0.048311412,0
0.0079748705,0
0.8307484,0
0.0035242506,0
0.10956695,0
0.0021758513,0
0.4340367,0
0.42666468,0
0.00600882,0
0.6842157,0
0.5604846,0
0.14942014,0
0.32735437,0
0.76220447,1
0.26532242,0
0.013108243,0
0.0021434247,0
0.1195239,0
0.79858905,0
0.06471808,0
0.00476289,0
0.053200506,0
0.016468037,0
0.49408776,0
0.057158258,0
0.02305724,0
0.0025652738,0
0.70628357,1
0.0039181774,0
0.2816409,1
0.024072742,0
0.15289427,0
0.15150523,0
0.698132,0
0.33194208,0
0.53721344,0
0.82616824,1
0.004417909,0
0.22811942,0
0.62597686,1
0.6014411,0
0.06142994,0
0.006577064,0
0.27588844,0
0.20665658,1
0.0033183189,0
0.3922433,0
0.009864763,0
0.5127225,0
0.02452558,0
0.31999543,0
0.01571991,0
0.3098751,0
0.80279547,1
0.019858658,0
0.004148211,0
0.031665623,0
0.016958985,0
0.74727684,0
0.22923158,0
0.039252035,0
0.6600294,1
0.5017958,0
0.605443,1
0.004425255,0
0.10245085,0
0.46981764,0
0.0037770402,0
0.011226121,0
0.26554573,0
0.080061525,0
0.09985418,0
0.0024341226,0
0.02706556,0
0.039210245,0
0.3553937,0
0.58108395,1
0.58441037,1
0.7349807,1
0.008775147,0
0.12729011,0
0.029011684,0
0.54686975,0
0.004095697,0
0.0069263703,0
0.010532659,0
0.0026330762,0
0.00806328,0
0.8705076,0
0.07901397,0
0.8145285,0
0.0073782443,0
0.33500114,0
0.0045644064,0
0.67829037,0
0.6255043,0
0.019066887,0
0.65581864,1
0.03155908,0
0.51590604,1
0.005798449,0
0.004193262,0
0.30651748,0
0.66594565,1
0.74084336,1
0.021641528,0
0.028709736,0
0.015168151,0
0.6993007,1
0.0057581114,0
0.0035491874,0
0.4851904,0
0.1968846,0
0.75297683,0
0.065110564,0
0.08782407,0
0.74924105,0
0.0026196623,0
0.19193769,0
0.010607492,0
0.6977019,1
0.65626657,0
0.006337723,0
0.2343896,0
0.006150549,0
0.86694753,0
0.0037335132,0
0.5031806,0
0.06552571,0
0.59509087,1
0.15058008,0
0.00763532,0
0.017499126,0
0.0027198803,0
0.13088244,0
0.6850972,0
0.05682508,0
0.0018501448,0
0.08781366,0
0.1908888,0
0.74736446,0
0.4900963,0
0.076849975,0
0.005980194,0
0.40675005,0
0.17787796,0
0.68532926,0
0.5592815,0
0.14738728,1
0.7719651,0
0.05468404,0
0.7500786,0
0.02357946,0
0.006783548,0
0.12677416,0
0.07004751,1
0.46591783,1
0.6674646,0
0.5230773,0
0.576954,0
0.027132913,0
0.41195062,0
0.27665573,0
0.21506935,0
0.69139063,0
0.833072,0
0.45941553,0
0.4864383,1
0.7799456,0
0.619508,0
0.44992882,0
0.61746126,0
0.01986713,0
0.3951675,0
0.103150696,0
0.42114982,0
0.6020802,0
0.53655237,1
0.36850718,0
0.5258833,1
0.003082175,0
0.50636303,0
0.7793953,1
0.27886632,1
0.7993776,0
0.050946154,0
0.0027134146,0
0.5366285,0
0.7888366,0
0.0055007767,0
0.0054610176,0
0.23117948,0
0.17809328,0
0.036092382,0
0.010468137,0
0.5933584,0
0.35773334,1
0.32738262,0
0.66237086,1
0.01699662,0
0.8258062,1
0.84226876,1
0.58150214,0
0.010205769,0
0.6733909,0
0.7384233,1
0.1455015,0
0.67556214,1
0.42806455,0
0.006013415,0
0.22481215,0
0.82657576,0
0.8647668,1
0.008951727,0
0.050173853,0
0.53423285,0
0.77251226,0
0.73324174,0
0.6119259,1
0.05366866,0
0.6524949,0
0.54828185,0
0.26266035,0
0.35199767,0
0.002362274,0
0.0064047105,0
0.39942345,0
0.003972779,0
0.011016344,0
0.015894901,0
0.67243534,1
0.12253559,0
0.6881984,1
0.28774023,0
0.012367606,0
0.3142763,0
0.33613202,0
0.14910741,0
0.30176094,0
0.057611704,0
0.75586283,1
0.85780835,1
0.0023273283,0
0.07719645,0
0.0029088778,0
0.04606664,0
0.09802726,0
0.5447051,0
0.38216245,1
0.24327826,0
0.16094744,0
0.021618864,0
0.0030730374,0
0.15913153,0
0.5984796,0
0.6997807,0
0.89057904,1
0.009510144,0
0.09679007,0
0.013548262,0
0.002987897,0
0.66546774,0
0.19246085,0
0.030064022,0
0.043310758,0
0.22266783,1
0.79349655,0
0.2332917,0
0.4861666,0
0.04986135,0
0.74193656,1
0.10349143,0
0.04458099,0
0.08154704,0
0.0125844395,0
0.5831236,0
0.005189959,0
0.34835678,0
0.0045274496,0
0.0030711563,0
0.6315488,0
0.22132778,0
0.15718877,0
0.5206817,0
0.0058138184,0
0.18014506,0
0.5844445,0
0.81979173,1
0.0060367575,0
0.84486043,0
0.4549174,0
0.8334215,0
0.01705008,0
0.69808465,0
0.75850004,0
0.12306229,0
0.6763605,0
0.0026062091,0
0.7339953,0
0.0037790919,0
0.6987011,0
0.5651452,0
0.6503071,0
0.21364658,0
0.5904645,0
0.061369974,0
0.40214884,0
0.3122824,0
0.0031952215,0
0.003140911,0
0.0042865835,0
0.013193978,0
0.61086917,0
0.011192059,0
0.0024683916,0
0.81827474,1
0.03090527,0
0.72955513,0
0.0046540895,0
0.33576554,0
0.48489198,0
0.7736315,1
0.6844747,0
0.0075173127,0
0.7730615,0
0.012488206,0
0.0055788676,0
0.40601015,0
0.0025909757,0
0.034441847,0
0.5829869,0
0.0063593723,0
0.0027944364,0
0.007447784,0
0.84748465,1
0.006674044,0
0.05333411,0
0.5075551,1
0.0084844,0
0.0039634444,0
0.6519519,0
0.41424483,0
0.117824495,0
0.3389882,0
0.0022441926,0
0.4540317,0
0.8438237,1
0.7228873,0
0.02388759,0
0.00947625,0
0.16917668,1
0.6650731,1
0.8389977,0
0.26362666,0
0.7669598,0
0.648127,0
0.007260726,0
0.33858448,0
0.7426904,0
0.017178826,0
0.46530202,1
0.13734607,0
0.48606652,0
0.7588866,1
0.6794052,0
0.0039974917,0
0.03985158,0
0.0057425965,0
0.0035213765,0
0.53036755,0
0.0074738893,0
0.561183,0
0.016950903,0
0.007969358,0
0.74068594,1
0.7490202,1
0.6553339,0
0.020597532,0
0.0027334264,0
0.025680011,0
0.5463148,0
0.15332864,0
0.8802584,1
0.27143875,0
0.003013969,0
0.003962752,0
0.23186468,0
0.81134784,0
0.79298866,0
0.74072117,1
0.31521285,0
0.12208236,0
0.89071614,1
0.010219554,0
0.7465145,1
0.014948243,0
0.04632564,0
0.2539152,0
0.49547687,0
0.099935986,0
0.5076339,0
0.003103282,0
0.02952,0
0.002515088,0
0.006576995,0
0.62419885,0
0.0049120835,0
0.44111267,0
0.2675349,0
0.12898934,0
0.68301487,1
0.37307316,0
0.767306,1
0.018183887,0
0.0031471534,0
0.0038577265,0
0.013296389,0
0.124452434,0
0.003830187,0
0.1519552,0
0.22320789,0
0.78714204,1
0.005265423,0
0.7222033,0
0.0034176917,0
0.8431139,0
0.19157372,1
0.7549094,1
0.0029475258,0
0.6013164,0
0.14505892,0
0.34550932,1
0.018308517,0
0.1551577,0
0.075058945,0
0.046399847,0
0.73199993,0
0.4992271,0
0.8698776,1
0.27453303,0
0.38914764,0
0.87428105,1
0.19304578,0
0.2919473,0
0.002823798,0
0.15372846,0
0.07085868,0
0.012461378,0
0.0019468765,0
0.05438167,0
0.45885244,0
0.0025053213,0
0.738062,1
0.25352356,0
0.7022996,0
0.014336895,0
0.23715414,0
0.1189431,0
0.6106333,0
0.123490706,0
0.584127,1
0.7198136,0
0.0031824883,0
0.8504728,1
0.37868613,1
0.5995957,1
0.0052118716,0
0.23081821,1
0.7148033,1
0.7013957,1
0.28739947,0
0.12200923,0
0.005417228,0
0.34446955,1
0.046132885,0
0.31207448,1
0.012621728,0
0.4857413,1
0.15782616,0
0.025870519,0
0.75658274,1
0.038763016,0
0.20986135,0
0.3310383,0
0.0031358984,0
0.5470791,0
0.0033840581,0
0.837054,1
0.48698014,0
0.011140299,0
0.7009905,0
0.5846049,1
0.0058598444,0
0.039883763,0
0.00308271,0
0.10930317,0
0.6579015,0
0.05077698,0
0.6121839,0
0.047626887,0
0.16175748,0
0.013031549,0
0.8220793,0
0.7682986,0
0.0043999813,0
0.6859807,0
0.054776836,0
0.34286717,0
0.25200096,0
0.005898328,0
0.034458123,0
0.0060033198,0
0.03307283,0
0.25982964,0
0.7243804,1
0.17258434,0
0.012025755,0
0.5476792,0
0.41374382,0
0.014222392,0
0.022180945,0
0.07208073,0
0.57710105,1
0.03588728,0
0.7862264,1
0.18373682,0
0.820658,0
0.3456642,0
0.0039414414,0
0.6519045,1
0.7276756,0
0.0051844716,0
0.09209801,0
0.2781662,0
0.014232002,0
0.018967386,0
0.005632631,0
0.77583236,1
0.028839232,0
0.1325288,0
0.60734755,1
0.007006582,0
0.0033538898,0
0.76609826,0
0.3745553,0
0.5817502,0
0.7419158,1
0.005290505,0
0.8178833,1
0.6554793,0
0.80868566,1
0.0056711715,0
0.03430522,0
0.0019613178,0
0.012646408,0
0.028239446,0
0.060848434,0
0.7222271,0
0.046861656,0
0.72995996,0
0.007492021,0
0.7544418,0
0.11388692,0
0.17092556,0
0.0015100368,0
0.015364259,0
0.8401203,1
0.4357423,0
0.0052780104,0
0.35957122,0
0.010262808,0
0.0023528524,0
0.6187123,0
0.04920276,0
0.0023955728,0
0.2769235,0
0.31496498,0
0.5273011,0
0.5809432,1
0.012795674,0
0.021368444,0
0.071168065,0
0.03923103,0
0.010921266,0
0.6606876,0
0.0041641775,0
0.49097648,0
0.16326143,0
0.24890658,0
0.6109713,0
0.0038587637,0
0.002457412,0
0.009107197,0
0.41677198,0
0.031095253,0
0.1761073,0
0.011024286,0
0.43946123,0
0.0023522077,0
0.023006892,0
0.71390355,0
0.18117513,0
0.08687086,0
0.022132425,0
0.036438182,0
0.50802815,0
0.044965032,0
0.0058992477,0
0.005644309,0
0.07157503,0
0.018754393,0
0.27637565,0
0.016402941,0
0.39167014,0
0.7716477,0
0.7165093,0
0.17904748,0
0.011944677,0
0.7247701,0
0.25877795,0
0.022595903,0
0.48902792,1
0.10204143,0
0.4178775,0
0.8691635,1
0.67539704,0
0.73133606,0
0.0029334843,0
0.9498095,1
0.0039379033,0
0.003417287,0
0.46152335,0
0.012040057,0
0.05506283,0
0.0054531293,0
0.0019476141,0
0.011524178,0
0.001858631,0
0.0031861812,0
0.7287415,0
0.1309354,0
0.025952742,0
0.27467453,0
0.8705807,1
0.52498424,0
0.0062991516,0
0.018574672,0
0.0022892295,0
0.6115171,0
0.66581243,0
0.028295027,0
0.004385527,0
0.009926211,0
0.89926267,1
0.7152857,1
0.6710329,1
0.6612145,0
0.0089497,0
0.11185493,0
0.7783107,0
0.7654604,0
0.009815178,0
0.012522153,0
0.0022993456,0
0.011917194,0
0.09941803,0
0.55055934,0
0.34113118,0
0.009579126,0
0.7479176,0
0.052816767,0
0.009575096,0
0.45389968,0
0.38447183,0
0.13623102,0
0.0032264278,0
0.07541657,0
0.04423327,0
0.0021045683,0
0.26633182,0
0.6625638,0
0.2244397,0
0.6047112,0
0.44846615,1
0.010610516,0
0.0030235355,0
0.80749714,1
0.13105133,0
0.55629253,0
0.79439074,1
0.81697667,1
0.833784,0
0.65009624,0
0.32654372,0
0.82051426,1
0.00316015,0
0.2513238,0
0.49583203,0
0.023788746,0
0.8539364,0
0.004929268,0
0.89576316,0
0.005603295,0
0.0074316855,0
0.1356821,0
0.00665657,0
0.84625673,1
0.83088547,0
0.09461382,0
0.04516476,0
0.7949632,1
0.2102279,0
0.76852405,0
0.011621064,0
0.7469296,0
0.83001566,0
0.0096435435,0
0.004450564,0
0.7088445,1
0.015096963,0
0.85721004,1
0.48118964,1
0.35237125,0
0.68865776,1
0.5432571,1
0.7314053,0
0.16848728,0
0.045835055,0
0.100568496,0
0.0028837067,0
0.0077626957,0
0.73517305,1
0.6778802,1
0.7290128,1
0.0074734194,0
0.18673515,0
0.8687996,1
0.39101562,1
0.71423477,0
0.18374737,0
0.02524948,0
0.003769752,0
0.050940312,0
0.0027193616,0
0.014468685,0
0.43605456,1
0.004203118,0
0.81110215,1
0.005289524,0
0.11711699,0
0.65451115,0
0.04843941,0
0.06824364,0
0.1497819,0
0.7275419,0
0.018373607,0
0.050175384,0
0.0035348732,0
0.6724899,0
0.30742162,0
0.007872586,0
0.0030224146,0
0.46653214,0
0.03254945,0
0.0018360233,0
0.049179684,0
0.43672788,0
0.017425625,0
0.027821926,0
0.7441916,0
0.88819385,1
0.0075999075,0
0.6643951,0
0.69841105,0
0.40378413,0
0.110396676,1
0.02060315,0
0.58080435,1
0.7758405,0
0.6945589,0
0.8067133,1
0.46628433,0
0.011479591,0
0.002328808,0
0.0019213523,0
0.021858841,0
0.0034341314,0
0.5773207,0
0.03414722,0
0.0034830335,0
0.0021946994,0
0.49296644,0
0.43861118,0
0.21639438,0
0.050113205,0
0.41347015,0
0.2411027,0
0.08591469,0
0.6256327,1
0.038923085,0
0.8673772,0
0.019232288,0
0.12568267,0
0.019813955,0
0.18469848,0
0.022315498,0
0.004692146,0
0.5269399,0
0.632031,1
0.553542,1
0.69481695,1
0.025959745,0
0.69482404,0
0.027860958,0
0.0035779625,0
0.68331295,0
0.61987156,1
0.04024691,0
0.83937013,0
0.54730994,0
0.68307424,0
0.0035204496,0
0.47914588,0
0.039735448,0
0.5329976,1
0.0033473885,0
0.5381596,1
0.020670826,0
0.76899993,0
0.0022091023,0
0.009772961,0
0.7245398,0
0.103213646,0
0.67990077,0
0.0071668555,0
0.75935,1
0.6124692,0
0.7295329,0
0.72460365,1
0.59799796,0
0.054446958,0
0.0048798406,0
0.8121615,1
0.631346,0
0.46811417,0
0.6916424,1
0.27020362,0
0.002367046,0
0.78489715,0
0.8260078,1
0.6080304,0
0.05904796,0
0.7986412,0
0.06561466,0
0.66920036,0
0.0069390717,0
0.00923364,0
0.007023641,0
0.37507862,1
0.33246478,0
0.24339609,0
0.3850567,0
0.24274245,0
0.0031072942,0
0.020254634,0
0.0026751538,0
0.34902453,0
0.0015767697,0
0.34222606,0
0.08884414,0
0.84686184,1
0.123532936,1
0.32739973,0
0.40425915,0
0.027596055,1
0.002994174,0
0.29211873,1
0.28751153,0
0.08911973,0
0.7859278,0
0.65672874,1
0.02683487,0
0.02977213,0
0.08928603,0
0.022697877,0
0.0025860132,0
0.0051838495,0
0.0119493315,0
0.5732163,0
0.005857642,0
0.71246725,1
0.38316005,0
0.0036362805,0
0.46028653,1
0.20772919,0
0.036798947,0
0.81351084,0
0.0070647183,0
0.87916726,0
0.5908981,0
0.06225316,0
0.015266145,0
0.011884572,0
0.6902709,1
0.74974155,1
0.002925512,0
0.8173753,1
0.027700514,0
0.678802,1
0.003989094,0
0.67497444,0
0.025771163,0
0.0038385289,0
0.6690904,0
0.010985947,0
0.7877779,0
0.5702581,0
0.020486368,0
0.7180346,0
0.23150086,0
0.82710516,1
0.012730701,0
0.8099488,1
0.010987824,0
0.02033003,0
0.014550908,0
0.2253779,0
0.0038407028,0
0.027776083,0
0.36764005,0
0.8094507,0
0.00229899,0
0.17240873,0
0.43977123,0
0.17593957,0
0.019273572,0
0.76100594,0
0.134643,0
0.75973666,0
0.049809366,0
0.50395197,0
0.62271094,0
0.013350092,0
0.69145,0
0.004158127,0
0.7991356,0
0.6113025,0
0.40414342,0
0.0019342299,0
0.53693616,1
0.24375032,0
0.014135053,0
0.0063477727,0
0.373565,0
0.025300901,0
0.7473944,0
0.05955486,0
0.007975776,0
0.006517014,0
0.1389392,0
0.0018610593,0
0.031905208,0
0.11816006,0
0.47757158,1
0.49967828,0
0.0174425,0
0.002918271,0
0.3673624,0
0.81569886,0
0.037704997,0
0.01359485,0
0.04546473,0
0.6942906,1
0.00797638,0
0.040223654,0
0.01474079,0
0.0063005392,0
0.5987675,1
0.012767065,0
0.22344351,0
0.0029308635,0
0.0108798435,0
0.7991422,0
0.003212075,0
0.010137366,0
0.0055712326,0
0.49236444,0
0.0028096132,0
0.7872893,0
0.028726019,0
0.34520006,1
0.04285864,0
0.00424254,0
0.061106212,0
0.662654,0
0.014314044,0
0.6882089,0
0.002445923,0
0.16737707,0
0.0036078207,0
0.7843414,1
0.042094957,0
0.74275184,0
0.00256043,0
0.6203305,0
0.007619757,0
0.5620496,0
0.29020074,0
0.80901104,0
0.05262132,0
0.024583992,0
0.04557146,0
0.79728436,1
0.70894563,0
0.010203049,0
0.45054668,1
0.124350764,0
0.009467031,0
0.4426981,0
0.037434623,0
0.03435652,0
0.58590597,0
0.68711406,0
0.6738696,0
0.008483798,0
0.2256362,0
0.46655405,0
0.40754768,0
0.5934884,0
0.0016486068,0
0.060002826,0
0.01896267,0
0.1182774,0
0.28207734,0
0.5809266,0
0.013558992,0
0.4459072,0
0.78508806,1
0.5427445,1
0.36962074,0
0.032230604,0
0.004285822,0
0.75976074,0
0.047254685,0
0.003890716,0
0.6426887,1
0.0033698378,0
0.57026654,1
0.0021436124,0
0.67252064,1
0.019394277,0
0.010059204,0
0.006858966,0
0.2727395,1
0.02701299,0
0.6424297,0
0.22738521,0
0.001932591,0
0.6038332,0
0.0039193816,0
0.0037441077,0
0.8769375,0
0.005595778,0
0.004800094,0
0.19418508,0
0.5787119,0
0.0054674614,0
0.7812223,0
0.83981186,1
0.5000031,1
0.5831349,1
0.008630226,0
0.40971735,1
0.63084424,0
0.03459007,0
0.4740478,0
0.5802996,0
0.09706522,0
0.0046829046,0
0.007366952,0
0.19283523,0
0.30463058,0
0.0017278667,0
0.6338871,0
0.0034445405,0
0.47302124,1
0.0039992407,0
0.22954719,0
0.65627867,0
0.5046099,1
0.56117666,1
0.24893366,0
0.012264364,0
0.69329005,1
0.6565239,1
0.8312066,0
0.09896672,0
0.61646146,0
0.0169155,0
0.55520976,1
0.10076407,0
0.34772077,0
0.0022153123,0
0.8343631,1
0.019494254,0
0.58949083,0
0.0042102328,0
0.61180013,0
0.006886004,0
0.006240355,0
0.6709486,1
0.3226231,0
0.72102153,0
0.09780211,0
0.8617674,1
0.016138777,0
0.117769666,0
0.6541071,0
0.0033659101,0
0.27335057,0
0.012561205,0
0.7033089,1
0.43782806,0
0.4651872,0
0.02590255,0
0.018978965,0
0.0032304805,0
0.7218657,0
0.037213963,0
0.7878191,0
0.51720524,0
0.65175223,0
0.8420343,0
0.0036312137,0
0.34586766,0
0.85743165,0
0.6439208,1
0.17889957,0
0.0035926157,0
0.3840911,1
0.0033981344,0
0.686196,0
0.018080892,0
0.6603557,0
0.6006384,0
0.08983993,0
0.5842284,0
0.030432178,0
0.48529863,0
0.8232867,0
0.018213958,0
0.6857503,1
0.6729959,0
0.027471349,0
0.34633484,0
0.4967723,0
0.206346,0
0.24051742,0
0.5483594,1
0.013345839,0
0.013209824,0
0.00609949,0
0.00501878,0
0.021046674,0
0.024052763,0
0.31317803,1
0.67955387,1
0.7853376,0
0.33156905,1
0.1037463,0
0.24516962,0
0.829865,0
0.17755237,0
0.0034484745,0
0.0037853946,0
0.79498094,0
0.073316045,0
0.1981967,1
0.04349718,0
0.2071916,0
0.002186192,0
0.008702844,0
0.42501903,0
0.19247226,0
0.010093621,0
0.4393205,0
0.11574139,0
0.48882496,0
0.49730486,1
0.0028205223,0
0.81242216,0
0.0046839714,0
0.6607868,0
0.22083606,0
0.07059004,0
0.7663468,0
0.0031913223,0
0.05486156,0
0.47229218,0
0.3841591,0
0.12725542,0
0.0020461963,0
0.0027687305,0
0.70314485,1
0.015325794,0
0.2657381,0
0.008621141,0
0.005757071,0
0.61114764,0
0.5298767,0
0.8610182,1
0.098171145,0
0.5114665,0
0.01952459,0
0.0034132071,0
0.54555565,1
0.21900976,0
0.00820325,0
0.11688262,0
0.0040043574,0
0.0065850937,0
0.0028039864,0
0.017077897,0
0.7110905,1
0.8602232,0
0.008338053,0
0.7312279,0
0.07346285,0
0.02172093,0
0.047561165,0
0.48888743,0
0.04946531,0
0.66427416,0
0.0047865002,0
0.006550457,0
0.6418475,1
0.011793464,0
0.7636869,1
0.78705806,1
0.87723273,1
0.003727585,0
0.16586412,0
0.7191527,0
0.4728749,0
0.62931305,1
0.008175242,0
0.40771377,0
0.33668163,0
0.010209676,0
0.5265769,0
0.8647166,0
0.55225366,0
0.27162126,0
0.53665537,0
0.67200404,1
0.22654276,0
0.8291228,0
0.83557063,1
0.7843996,0
0.031032309,0
0.0054736803,0
0.34627753,0
0.16272514,0
0.23308997,0
0.028311728,0
0.0072705247,0
0.6768187,1
0.45021996,0
0.7500359,0
0.78877026,1
0.58692646,1
0.68702286,1
0.7540998,1
0.71607834,0
0.017646769,0
0.5178709,0
0.26398072,0
0.33671767,0
0.68056375,1
0.0049971915,0
0.41321033,0
0.81046367,0
0.78322095,0
0.0018130757,0
0.54560024,1
0.009298422,0
0.76363456,1
0.0016798568,0
0.011427353,0
0.53375095,0
0.55260646,0
0.8305786,1
0.30380896,0
0.008680879,0
0.082796305,0
0.3665599,0
0.009008974,0
0.7156829,0
0.59714377,0
0.71062607,0
0.018119304,0
0.08650865,0
0.0047955173,0
0.22088642,0
0.7090101,0
0.68914616,1
0.05524591,0
0.42002583,1
0.43787852,0
0.65601456,1
0.6582722,0
0.09467362,0
0.5833866,0
0.0045574764,0
0.55049247,0
0.2244049,0
0.67644995,0
0.7771965,1
0.84490603,1
0.7062846,1
0.69927573,0
0.21973102,1
0.6946058,1
0.07540954,0
0.07150776,0
0.27915534,1
0.008187182,0
0.025641318,0
0.082383715,0
0.8136848,0
0.048599917,1
0.023280017,0
0.020101916,0
0.06958201,0
0.029321361,0
0.32016346,0
0.047232144,0
0.7029749,0
0.13173676,0
0.80575484,0
0.54739803,0
0.0026056848,0
0.59125805,1
0.5749634,1
0.029741505,0
0.23991026,0
0.13901971,0
0.2182784,0
0.019783605,0
0.0066913483,0
0.015301037,0
0.003759546,0
0.0027495185,0
0.2505673,0
0.7034237,0
0.78075236,0
0.00954802,0
0.07384892,1
0.0119481655,0
0.40300977,0
0.637356,0
0.0032280246,0
0.12415716,0
0.005275588,0
0.9081156,1
0.63877606,0
0.032614995,0
0.17999052,0
0.003032067,0
0.68737286,1
0.4806218,0
0.04117041,0
0.72553086,0
0.81268626,0
0.0047402303,0
0.40601635,0
0.661832,1
0.081523664,0
0.0869657,0
0.46392426,0
0.2939651,0
0.006808802,0
0.43160415,0
0.782823,0
0.007394697,0
0.00637605,0
0.005802994,0
0.017195595,0
0.043461613,0
0.1805015,0
0.80220854,0
0.0039342074,0
0.87898904,1
0.003944556,0
0.6382168,0
0.30567613,0
0.29597247,1
0.47950405,0
0.006501347,0
0.69540924,0
0.0062625566,0
0.071186915,0
0.008457815,0
0.20274243,0
0.67480946,0
0.86673874,1
0.4499009,0
0.6189177,1
0.003533095,0
0.005578806,0
0.212612,0
0.0021591696,0
0.7751935,1
0.67347777,0
0.00232554,0
0.022391504,0
0.010995854,0
0.0071743443,0
0.009353252,0
0.77062434,0
0.07966303,0
0.6186175,0
0.33772102,0
0.10662006,0
0.0072294464,0
0.52370316,0
0.2028146,0
0.66680235,1
0.060708217,0
0.72749114,1
0.061689418,0
0.03456609,0
0.04726325,0
0.2648216,1
0.023769338,0
0.48854694,0
0.19385299,0
0.048690133,0
0.63354766,0
0.74840087,0
0.854959,0
0.5463126,1
0.06551127,0
0.055108685,0
0.4967099,0
0.6588956,0
0.0015484006,0
0.02034517,0
0.2450126,1
0.65459806,0
0.002706627,0
0.32689908,1
0.0058731567,0
0.42571735,1
0.0051154736,0
0.7077809,0
0.0041076676,0
0.06920171,0
0.23428738,0
0.36684614,0
0.7599689,1
0.48050225,0
0.6748382,1
0.27419052,0
0.014734129,0
0.51139903,0
0.21468431,0
0.016931929,0
0.06618161,0
0.23217759,0
0.7418576,0
0.024135178,0
0.728863,1
0.0027162419,0
0.4927675,0
0.00835265,0
0.49792498,0
0.76695985,0
0.0071420856,0
0.09544403,1
0.036722656,0
0.60667175,0
0.5371874,0
0.0041637938,0
0.66651124,0
0.6940471,1
0.766255,1
0.037572253,0
0.43756995,0
0.60367566,0
0.051157653,0
0.0038081554,0
0.005759648,0
0.062116228,1
0.81354356,1
0.49983734,0
0.3424535,0
0.50971246,1
0.2969063,0
0.508053,0
0.0047691846,0
0.025244538,0
0.0036374845,0
0.03602729,0
0.5505404,0
0.8478102,0
0.6146986,0
0.6468897,1
0.015370254,0
0.06741435,0
0.0022951008,0
0.09669748,1
0.00855055,0
0.004305872,0
0.0035001554,0
0.008371716,0
0.62158567,1
0.5210588,1
0.6402536,0
0.0069686575,0
0.3136401,1
0.0040190984,0
0.709766,0
0.011580691,0
0.08060411,0
0.8026263,0
0.11430944,0
0.093642466,0
0.0036162762,0
0.004521451,0
0.4762635,0
0.15203887,0
0.0058030603,0
0.30405807,0
0.25781742,0
0.45567107,0
0.39952132,0
0.8297915,1
0.790256,1
0.30764014,0
0.0055722445,0
0.24317989,0
0.07289172,0
0.0025016645,0
0.740098,1
0.010552221,0
0.04803751,0
0.1295849,0
0.07410889,0
0.652025,0
0.0026023001,0
0.014571031,0
0.0044116965,0
0.33078533,0
0.40829632,0
0.0028495614,0
0.20356151,0
0.0014336366,0
0.0047504045,0
0.0030229809,0
0.7779038,0
0.0021962372,0
0.011161293,0
0.13276361,0
0.788946,1
0.08151317,0
0.12764604,0
0.010177144,0
0.7838885,0
0.002698498,0
0.5037833,0
0.012545688,0
0.8057553,0
0.6737171,0
0.838313,0
0.09555532,0
0.0036455852,0
0.005354535,0
0.6434825,0
0.58589286,1
0.03685055,0
0.0035414584,0
0.39363036,0
0.31125715,1
0.0133449845,0
0.011481454,0
0.08634127,0
0.004194507,0
0.6693947,1
0.008126235,0
0.4758679,1
0.53212774,1
0.006653714,0
0.6571916,1
0.005340697,0
0.07721435,0
0.14395204,0
0.005554978,0
0.46297854,1
0.062727384,0
0.0023563334,0
0.026850842,0
0.75520456,0
0.015901675,0
0.48466775,1
0.010251892,0
0.4721995,0
0.4450274,1
0.004856288,0
0.43643332,0
0.0069620013,0
0.50236285,0
0.41795617,1
0.0067885877,1
0.17339906,1
0.47671956,0
0.015821695,0
0.8240448,1
0.020687522,0
0.7151437,0
0.014291738,0
0.5451202,0
0.50205344,1
0.7676128,1
0.8654569,1
0.56039834,0
0.009182256,0
0.43848962,0
0.11994669,0
0.013357265,0
0.029273305,0
0.17654982,0
0.7772358,1
0.8898767,1
0.0062545757,0
0.027210854,0
0.040137112,0
0.89263844,1
0.46717754,1
0.0055985753,0
0.70486027,0
0.0075181094,0
0.6084908,0
0.008366477,0
0.0014321588,0
0.52696127,0
0.4473683,0
0.31968692,0
0.47662568,0
0.013033273,0
0.31564984,1
0.03235478,0
0.002501548,0
0.1759151,0
0.008032644,0
0.0064033116,0
0.51397854,0
0.004979597,0
0.77600086,0
0.004414093,0
0.011628039,0
0.6153523,0
0.6920811,0
0.0075863036,0
0.12028433,0
0.0031320523,0
0.0045481576,0
0.050144784,0
0.014020188,0
0.7164177,1
0.7027123,1
0.6137419,1
0.0067360187,0
0.56899625,1
0.006744098,0
0.64259803,1
0.19004175,0
0.5334246,1
0.19588575,1
0.35324675,0
0.13965878,0
0.27998292,0
0.041865632,0
0.7372529,1
0.5250323,0
0.25085282,0
0.49166226,1
0.0038601041,0
0.046303973,0
0.26276237,0
0.113302365,0
0.043661863,0
0.046360273,0
0.37041155,1
0.6216332,1
0.63263434,1
0.4229634,0
0.71461624,1
0.030267686,0
0.539145,0
0.14859606,0
0.019929653,0
0.063953154,0
0.010998363,0
0.8403848,1
0.6481259,0
0.5036713,0
0.0036952784,0
0.6530851,0
0.101875305,0
0.021149315,0
0.4211738,1
0.39067194,0
0.73435843,1
0.7847825,1
0.00679721,0
0.43144572,0
0.41425207,0
0.5397407,0
0.0100854635,0
0.0065948805,0
0.34198642,0
0.18887334,0
0.048799887,0
0.09566155,0
0.006817536,0
0.39080495,0
0.1602328,0
0.14509459,0
0.3797924,0
0.43808663,0
0.30283764,0
0.03795833,0
0.07526258,0
0.46379867,0
0.06418451,0
0.027279785,0
0.0030941616,0
0.67965245,1
0.0016071078,0
0.023386704,0
0.31198424,0
0.79671717,1
0.5742738,0
0.005121758,0
0.0051685935,0
0.36262673,0
0.003861705,0
0.16207224,0
0.4265856,0
0.14164124,0
0.5103428,0
0.5683987,1
0.65115994,0
0.012484701,0
0.061990816,0
0.17203023,0
0.08562044,0
0.0043190224,0
0.08875208,0
0.88041747,0
0.20288229,0
0.33945578,0
0.46802518,0
0.018481852,0
0.014691197,0
0.003831035,0
0.005959721,0
0.009245185,0
0.36437875,0
0.06232814,0
0.7241932,0
0.004076782,0
0.041041672,0
0.86150974,0
0.026858507,0
0.01685726,0
0.0038716395,0
0.8412195,1
0.044076648,0
0.0030235155,0
0.33387637,0
0.0062319147,0
0.07321914,0
0.0018689352,0
0.0021091588,0
0.112625375,0
0.35371354,0
0.65231955,0
0.81367344,0
0.2897043,0
0.008522235,0
0.011410376,0
0.0059121083,0
0.092601776,0
0.6918825,1
0.17312084,0
0.8735827,0
0.0030093617,0
0.005819813,0
0.80186975,0
0.368644,1
0.035424862,0
0.0021491456,0
0.8981198,1
0.5078995,0
0.69926244,1
0.0834224,0
0.35190108,0
0.37645498,0
0.0761168,0
0.0034551027,0
0.16129427,0
0.19147763,0
0.1277869,0
0.5332956,1
0.57658595,0
0.15722857,0
0.30683586,0
0.80186045,0
0.1393147,0
0.73693097,0
0.681453,0
0.010787905,0
0.008356489,0
0.8035297,1
0.5410558,0
0.45557955,0
0.11482481,0
0.004686064,0
0.7359996,1
0.060236815,1
0.01289764,0
0.0035027596,0
0.005583776,0
0.48737857,1
0.77011585,1
0.62168664,0
0.0032849917,0
0.008136145,0
0.41787565,0
0.04559656,0
0.21271227,0
0.8682353,0
0.096763246,0
0.05708886,0
0.005460548,0
0.76938546,1
0.50838876,1
0.3518013,0
0.0042904643,0
0.8077431,0
0.5248032,0
0.07903395,0
0.33312082,0
0.08771934,0
0.79917496,1
0.590614,1
0.6733049,1
0.37203342,0
0.027578337,0
0.31407702,0
0.41640604,0
0.005301661,0
0.6346724,1
0.84834445,0
0.36455432,1
0.21608798,0
0.35842395,0
0.45467055,0
0.8382916,0
0.30320716,0
0.59716374,1
0.069674104,0
0.12391378,0
0.111185804,0
0.60531867,0
0.83218074,0
0.0040573734,0
0.4311805,0
0.08849752,0
0.36572313,0
0.037592757,0
0.0032532443,0
0.12990569,0
0.007360538,0
0.0031236678,0
0.38501406,0
0.48099893,1
0.0056081903,0
0.022097224,0
0.006390252,0
0.008134782,0
0.51478606,1
0.7375589,1
0.48071256,0
0.013786161,0
0.0034258072,0
0.0034422677,0
0.008702436,0
0.0061217947,0
0.012230699,0
0.20716386,0
0.005270368,0
0.62099135,0
0.3900492,0
0.018340115,0
0.0027665393,0
0.6694464,1
0.018051831,0
0.43220842,0
0.007240314,0
0.009667705,0
0.7567097,0
0.009956009,0
0.31971875,0
0.7898533,0
0.68340915,0
0.017128162,0
0.19976401,0
0.5501753,0
0.10016951,0
0.19202113,0
0.3108135,0
0.06190028,0
0.8572366,0
0.7907922,1
0.017448256,0
0.22546355,0
0.59683067,1
0.5927103,0
0.003771911,0
0.51058275,0
0.786259,1
0.7013321,1
0.003820883,0
0.7398524,0
0.004660504,0
0.3451911,0
0.014955583,0
0.07962135,0
0.45316392,1
0.043545436,0
0.67795813,0
0.3552433,1
0.52140886,0
0.15903206,0
0.8371393,0
0.6648236,0
0.11427124,0
0.004520275,0
0.11751688,0
0.6019293,0
0.11402196,0
0.3906736,0
0.002345588,0
0.8172134,1
0.23960994,0
0.14712411,0
0.21724997,0
0.52305394,1
0.007332386,0
0.77395844,1
0.5868507,1
0.6654798,0
0.0023445282,0
0.0049163806,0
0.006407363,0
0.49834538,0
0.027251026,0
0.004687728,0
0.04018967,0
0.65213037,0
0.8244584,0
0.04439966,0
0.098226205,0
0.0028229537,0
0.010357531,0
0.5644947,0
0.7365992,0
0.29979202,0
0.030302329,0
0.2838157,1
0.0045501725,0
0.0034110686,0
0.009737929,0
0.42209092,0
0.0058816676,0
0.51516813,0
0.5056487,0
0.009202215,0
0.66474503,0
0.0028669622,0
0.7756139,0
0.011795471,0
0.5746825,0
0.6999671,0
0.002716225,0
0.028158221,0
0.606917,0
0.01613525,0
0.5992638,1
0.84045404,0
0.7154613,0
0.82719135,1
0.0113584045,0
0.025636697,0
0.608941,0
0.85813344,0
0.5748757,1
0.0104852365,0
0.75854826,1
0.018333122,0
0.003012833,0
0.014522226,0
0.0034281458,0
0.3145993,0
0.5083957,0
0.002826481,0
0.004038158,0
0.0039083357,0
0.85967773,0
0.74555403,0
0.53922284,0
0.8547469,1
0.5226216,0
0.0075096497,0
0.020120462,0
0.58944803,0
0.72192174,0
0.2253982,0
0.3530894,1
0.0072329696,0
0.0033705041,0
0.12098929,0
0.30951244,0
0.1150049,0
0.058025792,0
0.7333846,0
0.14185667,0
0.8074643,0
0.056325167,0
0.13996159,0
0.70107657,0
0.5643288,0
0.13781129,0
0.0036623892,0
0.1682205,0
0.66980016,1
0.86073303,0
0.10567558,0
0.15978801,0
0.43634683,0
0.005292335,0
0.0021028153,0
0.004003515,0
0.011898579,0
0.3261908,0
0.0057208654,0
0.14512584,0
0.28747457,0
0.0036626782,0
0.7192799,1
0.023673138,0
0.63717055,0
0.8437611,1
0.0023084406,0
0.020588566,0
0.78159857,0
0.025164127,0
0.27071786,0
0.57214344,0
0.007823677,0
0.070594914,0
0.012567208,0
0.30243507,0
0.0045335614,0
0.19280249,0
0.22056817,0
0.038137443,0
0.010304697,0
0.81094766,1
0.2389896,1
0.66215736,1
0.0055468176,0
0.03231528,0
0.010518137,0
0.006701987,0
0.36360475,0
0.002000126,0
0.8568684,0
0.7315994,0
0.0033527217,0
0.021402404,0
0.0055453056,0
0.0076942677,0
0.0070865303,0
0.052582096,0
0.5895464,1
0.007497548,0
0.004806998,0
0.08083024,0
0.1691452,0
0.050613042,0
0.11899778,0
0.0020079862,0
0.079125255,0
0.2896684,0
0.2540927,0
0.65684336,0
0.7826111,1
0.529499,0
0.36123973,0
0.5691887,0
0.3480724,0
0.007954094,0
0.018753687,0
0.0028950912,0
0.7015428,0
0.15537448,0
0.91184455,1
0.046911538,0
0.4194153,0
0.6166613,0
0.7602827,1
0.054195564,0
0.0048304894,0
0.16317044,0
0.6659865,0
0.61687535,1
0.021635527,0
0.00427555,0
0.72217476,0
0.79646873,1
0.38417476,0
0.75296897,0
0.013931526,0
0.5691549,0
0.59184676,0
0.0035125064,0
0.6227633,1
0.029235728,0
0.1008137,0
0.13498022,0
0.035396043,0
0.030322399,0
0.43278065,0
0.7965102,0
0.0058613727,0
0.64949083,1
0.7345098,1
0.0053172694,0
0.25086376,0
0.5625967,0
0.003696748,0
0.0027899886,0
0.5177135,0
0.0046159145,0
0.008780847,0
0.46037698,0
0.628792,0
0.5396946,0
0.16787237,0
0.0036140808,0
0.099995784,0
0.08710949,0
0.67415875,0
0.117762245,0
0.40869176,0
0.119451135,0
0.36330524,0
0.48624685,0
0.13925128,0
0.8236168,0
0.26456,0
0.72696763,1
0.005413201,0
0.60449547,0
0.006686631,0
0.004698735,0
0.0038280245,0
0.16025443,0
0.33543554,0
0.574309,1
0.22871098,0
0.812322,1
0.012553802,0
0.66803634,0
0.10571725,0
0.6856862,0
0.15440203,0
0.7461467,0
0.112027615,0
0.090435654,0
0.23218186,0
0.8979046,0
0.12274372,0
0.0049432875,0
0.40859038,0
0.8308219,1
0.002820289,0
0.80037254,1
0.6551201,0
0.7102178,0
0.0084406445,0
0.6624907,1
0.81375706,1
0.60581696,1
0.3700642,0
0.51641685,0
0.8439743,0
0.09156786,0
0.3243224,0
0.7687394,0
0.044898096,0
0.013557085,0
0.31416637,0
0.009040575,0
0.23504886,0
0.07665391,0
0.007390956,0
0.2904356,0
0.16841212,0
0.26676244,0
0.0051345276,0
0.00541851,0
0.030900972,0
0.14934117,0
0.003977342,0
0.32110843,1
0.7990015,0
0.68403184,1
0.03264415,0
0.38191462,0
0.57392275,0
0.18049805,1
0.3432574,0
0.0050779935,0
0.6775301,0
0.09495944,0
0.0036655609,0
0.017237308,0
0.6556134,1
0.07369619,0
0.016009605,0
0.0044650254,0
0.8465874,1
0.77197504,0
0.029417913,0
0.014054102,0
0.5040812,0
0.3332802,0
0.70698506,1
0.3219297,0
0.4549474,0
0.7141476,0
0.65268815,0
0.08865253,0
0.0058582053,0
0.5173459,1
0.1765534,0
0.34202534,0
0.5867392,1
0.022506325,0
0.60792744,0
0.0060071764,0
0.72251177,0
0.28106618,1
0.3128435,0
0.0054502953,0
0.6542988,0
0.23287457,0
0.86683565,1
0.6483941,0
0.0027971033,0
0.18025027,0
0.14318724,0
0.0049926317,0
0.0023807168,0
0.4377227,0
0.6313489,0
0.6430362,0
0.009316317,0
0.20353657,0
0.52950865,1
0.030160552,0
0.48204252,0
0.0032440834,0
0.7244305,0
0.037657324,0
0.0065982803,0
0.16498944,0
0.77157116,0
0.037708104,0
0.029941814,0
0.0032119255,0
0.23131523,0
0.14955209,0
0.52078545,0
0.7229687,0
0.011837609,0
0.8234139,0
0.080727704,0
0.72737163,0
0.60223025,0
0.08738143,0
0.01012155,0
0.004595447,0
0.008856907,0
0.8040099,1
0.39037886,0
0.3944959,1
0.024823967,0
0.73476696,0
0.0015355364,0
0.014259731,0
0.45788366,0
0.018368362,0
0.078817606,0
0.7005076,1
0.2167951,0
0.19802059,1
0.005782763,0
0.20113936,0
0.68063915,1
0.122849025,0
0.002394643,0
0.18655273,0
0.015130672,0
0.005246294,0
0.45576894,0
0.0076157735,0
0.116916,0
0.15144831,0
0.012711279,0
0.88701123,0
0.0029027495,0
0.0060820864,0
0.4652126,0
0.4164807,0
0.76725435,0
0.011385638,0
0.057722107,0
0.005868676,0
0.012998094,0
0.0021103544,0
0.60000837,0
0.005024841,0
0.29077825,1
0.0052147703,0
0.007977259,0
0.053264692,0
0.72823495,0
0.05128543,0
0.18554248,0
0.44953495,0
0.01013002,0
0.25736016,0
0.71358687,0
0.76660573,1
0.114858665,0
0.0039493274,0
0.0030288957,0
0.01760999,0
0.3144724,0
0.014106171,0
0.87234265,0
0.011702309,0
0.39854997,0
0.004720286,0
0.29858732,0
0.016690424,0
0.24578619,0
0.7086094,1
0.017339725,0
0.61806095,0
0.029372353,1
0.39660478,0
0.41697803,0
0.46464378,0
0.32789773,0
0.0035663145,0
0.5928109,1
0.5206305,0
0.108091205,0
0.24402536,0
0.00956224,0
0.2512272,0
0.90013146,1
0.7950412,0
0.0058678277,0
0.03539454,0
0.0040919427,0
0.010630181,0
0.01818147,0
0.009450108,0
0.30621436,0
0.0067710406,0
0.31587577,0
0.4448925,0
0.7468384,0
0.004116977,0
0.73545814,0
0.0041209594,0
0.004568728,0
0.18640046,0
0.7535145,0
0.005800915,0
0.75139993,0
0.43282735,0
0.113427624,0
0.0041177105,0
0.8039181,0
0.15289715,1
0.16869496,0
0.2694261,0
0.006288573,0
0.008712657,0
0.5844472,1
0.06726579,0
0.095014535,0
0.0027616918,0
0.01604598,0
0.017417016,0
0.72647196,1
0.027969208,0
0.76464456,1
0.83991075,1
0.0028802836,0
0.13399026,0
0.016218727,0
0.08193868,0
0.7574406,0
0.13535915,0
0.67403924,0
0.41395593,0
0.058318585,0
0.012414166,0
0.32792413,0
0.12091553,0
0.75838274,0
0.0046680574,0
0.715587,0
0.4414831,0
0.0033753142,0
0.049035233,0
0.0022458972,0
0.0057263933,0
0.3031676,0
0.4765034,1
0.08925027,0
0.009670934,0
0.32013234,0
0.6812735,1
0.00248057,0
0.004598423,0
0.0080594905,0
0.0038523925,0
0.14635417,0
0.8383494,1
0.63381565,1
0.43098056,1
0.09522032,0
0.9019865,1
0.023740044,0
0.26650634,0
0.030858856,0
0.71350724,0
0.13864876,0
0.5849292,0
0.0026862386,0
0.8062416,0
0.0035507611,0
0.004032484,0
0.2614373,0
0.39511654,0
0.4921671,0
0.65496916,0
0.010631531,0
0.084241204,0
0.025059192,0
0.5413176,0
0.39513215,0
0.40773124,0
0.39453945,1
0.85696626,1
0.31152195,0
0.68784106,0
0.2435158,0
0.009842558,0
0.0044705123,0
0.77228576,1
0.0040988256,0
0.2602933,0
0.004560666,0
0.021514675,0
0.0047605964,0
0.70491475,0
0.4833502,0
0.105323054,0
0.0058679553,0
0.6523686,0
0.70788395,0
0.7709259,1
0.7453068,1
0.72519875,1
0.7703344,0
0.74333936,0
0.47767514,0
0.0037651618,0
0.0042537386,0
0.05448006,0
0.5355987,0
0.60821974,1
0.009385383,0
0.05928093,0
0.5331527,0
0.4387741,0
0.13616146,0
0.4993102,1
0.7739979,0
0.0084815975,0
0.69790775,0
0.6759249,1
0.54691684,0
0.6358728,0
0.2005276,0
0.70758885,1
0.5649797,0
0.002849885,0
0.43109542,1
0.26842678,0
0.2964023,0
0.5321131,0
0.31287807,0
0.8658423,1
0.5102204,0
0.025062429,0
0.031339712,0
0.792662,0
0.030208431,0
0.010525685,0
0.82489717,0
0.8047848,0
0.0038451473,0
0.84374726,1
0.68517673,0
0.29870355,0
0.61402506,0
0.14700256,0
0.5669308,0
0.45147005,0
0.0037906491,0
0.0105602695,0
0.7119896,0
0.012316676,0
0.48367882,0
0.011331657,0
0.1055688,0
0.35062253,1
0.14187606,0
0.03230869,0
0.01702715,0
0.10284122,0
0.0037796106,0
0.60756654,1
0.6287139,0
0.779871,0
0.0057305405,0
0.061723173,0
0.70691544,0
0.0371794,0
0.11247458,0
0.60081047,0
0.6941602,1
0.12410197,0
0.5212263,0
0.6237533,1
0.7806695,0
0.84598124,1
0.06528966,0
0.0028015156,0
0.6094362,0
0.009758136,0
0.073856026,0
0.6083321,1
0.0677134,0
0.2770509,0
0.054433703,0
0.047279,0
0.50681335,0
0.0022802937,0
0.0015580982,0
0.026484301,0
0.021917015,0
0.013836203,0
0.0037609984,0
0.8266445,0
0.7747161,0
0.8074397,1
0.3484479,0
0.011093174,0
0.85472745,1
0.70908624,0
0.41016686,0
0.004414382,0
0.72673696,0
0.6681768,0
0.0064991293,0
0.6768804,0
0.15854123,0
0.0028017624,0
0.13899788,1
0.003785605,0
0.6071589,0
0.19045246,0
0.2913474,0
0.028405704,0
0.5129913,0
0.7982102,0
0.0065740454,0
0.015001179,0
0.6770168,1
0.046433266,0
0.4775461,0
0.066820964,0
0.6642776,1
0.22866286,0
0.0038853623,0
0.48598126,0
0.50151676,0
0.029655661,0
0.001910075,0
0.0027504065,0
0.52834594,0
0.28597346,0
0.61964655,0
0.7395925,1
0.023067363,0
0.6246338,0
0.004294143,0
0.0027980676,0
0.08615279,0
0.6701723,0
0.04519691,0
0.6273826,1
0.44276565,0
0.77956635,0
0.83396673,0
0.38031846,0
0.39980295,0
0.07311147,0
0.48336303,0
0.018154824,0
0.7457459,0
0.008685817,0
0.0073633613,0
0.7564889,0
0.018783016,0
0.044130765,0
0.878172,0
0.073990226,0
0.82596916,0
0.8661163,0
0.005499843,0
0.075208485,0
0.8279122,1
0.0019165146,0
0.61489666,0
0.0036550437,0
0.69690037,0
0.01525067,0
0.4899339,0
0.76587886,1
0.086944364,0
0.19134614,0
0.8152663,1
0.0025747116,0
0.14312682,0
0.061507244,0
0.16663621,0
0.22976817,0
0.08863778,0
0.26198956,0
0.018076953,0
0.48629853,0
0.0022992752,0
0.26785737,1
0.006136967,0
0.54332215,0
0.83534086,1
0.6424502,0
0.01596686,0
0.83079815,1
0.004566183,0
0.70076644,0
0.69974697,1
0.3305233,0
0.37312055,1
0.049420238,0
0.32784873,0
0.34510985,1
0.43575275,0
0.0068323496,0
0.73595124,0
0.7851293,0
0.008681315,0
0.63376284,0
0.1307782,0
0.05971612,0
0.6622327,0
0.011426969,0
0.035948228,0
0.5853101,1
0.0039633675,0
0.27316326,0
0.0032455993,0
0.6710333,0
0.45980868,0
0.7361536,0
0.6719844,1
0.4980644,0
0.6549,1
0.64355,0
0.30904213,0
0.2261206,0
0.1375787,0
0.7898126,1
0.0021698258,0
0.0049085324,0
0.029303603,0
0.13029829,0
0.012701792,0
0.31048036,0
0.0058316696,0
0.0587259,0
0.012588006,0
0.03076952,0
0.004405723,0
0.8447848,1
0.78990567,1
0.70547587,1
0.5973237,0
0.0024625782,0
0.3723596,0
0.423686,0
0.5589276,0
0.07247103,0
0.22102204,1
0.23034048,1
0.012353508,0
0.6895764,1
0.015133606,0
0.6246344,1
0.11149443,0
0.6662289,1
0.07356919,0
0.007928612,0
0.16932325,0
0.75682396,0
0.0030748318,0
0.009439723,0
0.7764364,0
0.17162308,0
0.53768677,0
0.02329942,0
0.29500428,0
0.43541935,0
0.45723325,0
0.74036944,1
0.004582624,0
0.34017107,0
0.06957477,0
0.85031754,1
0.47099766,0
0.50416523,1
0.0031717902,0
0.741612,0
0.82325333,1
0.6703288,0
0.86066014,1
0.02611219,0
0.007219255,0
0.018428199,0
0.0019414814,0
0.25953296,0
0.041132808,0
0.38314658,0
0.3590074,1
0.6650165,0
0.7725404,1
0.026470441,0
0.0017714495,0
0.66981083,0
0.109531276,0
0.26630494,0
0.0026494649,0
0.21808173,0
0.0047472874,0
0.17946649,0
0.62570053,0
0.27705938,0
0.86486924,1
0.0066566328,0
0.66123724,0
0.5925663,0
0.007895536,0
0.005719669,0
0.7792111,0
0.43806434,0
0.78022045,1
0.06453892,0
0.727488,0
0.002628623,0
0.006320927,0
0.008393512,0
0.29519942,0
0.029206283,0
0.6466076,0
0.00628454,0
0.055645693,0
0.6200181,0
0.6757654,0
0.5445972,0
0.005271573,0
0.06728653,0
0.6550724,0
0.008245712,0
0.10385725,0
0.39647153,1
0.023244279,0
0.74313515,1
0.011344346,0
0.0093560405,0
0.053588286,0
0.5190527,0
0.011598997,0
0.078725375,0
0.0043480364,0
0.0053850426,0
0.028992185,0
0.22844963,0
0.014659419,0
0.08752977,0
0.5183697,1
0.89592916,0
0.7421531,0
0.52170247,0
0.026073894,0
0.0028495719,0
0.76371586,1
0.0057925303,0
0.0033960426,0
0.011721406,0
0.5264424,1
0.046419676,0
0.0051186346,0
0.007082271,0
0.05373745,0
0.52461416,0
0.0068872697,0
0.12466244,0
0.8486519,1
0.036342956,1
0.15862463,0
0.7714628,1
0.006699486,0
0.006697335,0
0.09860941,0
0.011272109,0
0.0022633087,0
0.04938659,0
0.030169962,0
0.077660255,0
0.025190122,0
0.23397677,0
0.28526354,0
0.0012803107,0
0.023852319,0
0.5128977,1
0.043942414,0
0.5313848,1
0.0025191228,0
0.2653605,0
0.006076315,0
0.016731763,0
0.0030986597,0
0.6786338,0
0.19086963,1
0.80361557,0
0.37643963,0
0.007369302,0
0.0972116,0
0.14811055,0
0.33891776,0
0.012637724,0
0.006719812,0
0.017475342,0
0.545964,0
0.031477142,1
0.0077385,0
0.0046771094,0
0.0029780723,0
0.24836166,0
0.5877009,0
0.09698679,0
0.008783504,0
0.11974601,0
0.5775549,1
0.0041912575,0
0.6866323,1
0.7701306,0
0.67937905,1
0.018629694,0
0.45569798,0
0.1103064,0
0.019694151,0
0.36188808,1
0.80893797,1
0.029332353,0
0.13787432,0
0.0038927877,0
0.44146478,0
0.44633266,0
0.022728283,0
0.018020246,0
0.6776931,1
0.36639994,0
0.754548,0
0.005649219,0
0.00461945,0
0.52745205,0
0.42546123,0
0.024452388,0
0.65073925,0
0.12738235,0
0.43171066,0
0.021702703,0
0.028729271,0
0.8181964,0
0.79039145,0
0.41209543,0
0.04553046,0
0.88195574,0
0.01367031,0
0.30081284,0
0.0061012106,0
0.8220983,1
0.17575862,0
0.14510617,0
0.0025953401,0
0.04432549,0
0.008120724,1
0.003566806,0
0.8632398,0
0.8588072,1
0.004991594,0
0.71505964,1
0.0061371876,0
0.059893794,0
0.22103955,0
0.3843131,0
0.047363333,0
0.08353898,0
0.056050193,0
0.050660446,0
0.03342179,0
0.8127293,1
0.0020939428,0
0.008110936,0
0.00221724,0
0.31934527,0
0.75470084,1
0.008805758,0
0.46704978,1
0.7158977,0
0.003384687,0
0.6937977,1
0.29172742,0
0.6933305,0
0.5529647,0
0.15329611,1
0.121846035,0
0.15953669,0
0.29443803,0
0.72417766,1
0.020131167,0
0.0032074112,0
0.877814,0
0.49450502,1
0.60873914,0
0.0040024524,0
0.80447143,0
0.003107631,0
0.0056586447,0
0.12912884,0
0.00567905,0
0.7981657,1
0.0071992837,0
0.8124178,0
0.5631899,0
0.6004184,0
0.51603454,0
0.8212438,0
0.6368518,0
0.0066503547,0
0.8355916,1
0.43302962,0
0.4643565,1
0.072139665,0
0.005214916,0
0.5869968,0
0.113381974,0
0.3186829,0
0.38883808,0
0.0023789543,0
0.107453585,0
0.0073180525,0
0.027229505,0
0.6929329,0
0.03530595,0
0.6859532,0
0.7698968,0
0.417979,0
0.73601717,0
0.4773179,1
0.004003222,0
0.4877657,1
0.6378388,0
0.11247947,0
0.111450166,1
0.08563945,0
0.0031338735,0
0.3459347,0
0.48506144,1
0.8386096,0
0.022796053,0
0.0018399652,0
0.0030876894,0
0.86014515,1
0.11032869,0
0.7320989,0
0.08601307,0
0.24264605,0
0.002166298,0
0.5695556,0
0.51613027,0
0.16350533,0
0.7376577,1
0.4700755,0
0.010245685,0
0.57707804,0
0.10426729,0
0.5286193,0
0.022844879,0
0.86798257,1
0.24354388,0
0.0045140996,0
0.27475902,0
0.013447947,0
0.0044745505,0
0.06548608,0
0.44796258,0
0.026407534,0
0.7967034,1
0.007323059,0
0.79841065,0
0.57275957,0
0.8374589,1
0.63385046,0
0.7103578,0
0.007910359,0
0.053307075,0
0.8831661,1
0.6522224,0
0.08334002,0
0.004254435,0
0.13769913,0
0.0347327,0
0.8767548,0
0.6684624,1
0.0048372885,0
0.8114307,0
0.7057508,0
0.014868831,0
0.0029786131,0
0.3219734,0
0.1813182,0
0.009976978,0
0.619345,0
0.54786545,0
0.6153391,1
0.0067909253,0
0.004558231,0
0.8081168,0
0.5145622,0
0.0068556466,0
0.7196399,0
0.59589684,0
0.009943313,0
0.0034596287,0
0.953135,1
0.19507952,0
0.894719,1
0.65549743,0
0.5997437,1
0.0031431632,0
0.5658571,0
0.5989506,1
0.16989169,1
0.0037388876,0
0.007883595,0
0.07445845,0
0.73960114,0
0.7557172,1
0.8057997,0
0.0024742489,0
0.37533292,0
0.035936754,0
0.42264017,0
0.16689746,0
0.055496268,0
0.004804319,0
0.005316296,0
0.00538738,0
0.04199969,0
0.00819379,0
0.57506126,0
0.32623962,1
0.412701,0
0.8017965,1
0.5764468,0
0.34555998,0
0.060127813,0
0.0105684595,0
0.06547455,1
0.0069902977,0
0.30188498,0
0.009191518,0
0.6574995,1
0.0037817978,0
0.004575977,0
0.7413647,0
0.12066488,0
0.59356594,0
0.0024444202,0
0.83591336,0
0.2429022,0
0.69514906,0
0.0051515694,0
0.43275324,0
0.0026231434,0
0.30094865,1
0.0032567624,0
0.054823227,0
0.13740064,0
0.036239967,0
0.034954797,0
0.010857141,0
0.31316534,0
0.0067893923,0
0.3847638,1
0.021235248,0
0.5036922,1
0.6637993,0
0.004573721,0
0.013270909,0
0.06838682,0
0.0057779313,0
0.84910226,0
0.024791744,0
0.0110936295,0
0.0038316953,0
0.7058825,1
0.0035809388,0
0.0063811606,0
0.21501718,0
0.33685628,0
0.33872694,0
0.22452155,1
0.0011293578,0
0.6701467,0
0.084409304,0
0.40261936,0
0.042159013,0
0.6572982,0
0.0128875235,0
0.003981402,0
0.7685431,0
0.60986114,0
0.28758,0
0.3477487,0
0.13980383,0
0.6295709,0
0.03235858,0
0.12236478,0
0.031792384,1
0.8492268,1
0.0514163,0
0.34474698,0
0.5456554,1
0.20060748,0
0.7437173,0
0.010141271,0
0.25993577,1
0.056156743,0
0.02634652,0
0.0012049548,0
0.006260978,0
0.3827749,0
0.023741005,0
0.43935072,0
0.009087068,0
0.019483706,0
0.34990007,0
0.08693651,0
0.22100767,0
0.24830873,0
0.42924905,0
0.74759644,0
0.07540876,0
0.30351844,0
0.71489704,0
0.0076090116,0
0.0020935684,0
0.83362585,1
0.7295521,0
0.21880442,0
0.15815265,0
0.30264354,0
0.45790255,0
0.70243734,1
0.7416749,0
0.53309417,0
0.019908797,0
0.004950926,0
0.9094071,0
0.7893838,1
0.009892579,0
0.57336205,0
0.051309086,0
0.03430506,0
0.73599297,0
0.7417503,1
0.35494697,0
0.0056713144,0
0.016137589,0
0.31431866,1
0.7917629,0
0.01744761,0
0.04977688,0
0.003731903,0
0.67530715,1
0.0049123163,0
0.026685085,0
0.7682354,1
0.0024743527,0
0.49923488,1
0.2527986,0
0.40346277,1
0.65227467,1
0.085474685,0
0.007598103,0
0.00530885,0
0.3818639,0
0.22153446,0
0.6549176,1
0.1340918,0
0.32278788,0
0.043974686,0
0.22467972,0
0.012397264,0
0.0048868665,0
0.7265215,0
0.052028075,0
0.5789585,1
0.0082133785,0
0.3680275,0
0.60651636,1
0.20528664,0
0.0084683625,0
0.04427577,0
0.014149647,0
0.6905937,0
0.0015423181,0
0.8872933,0
0.8123258,1
0.006328409,0
0.4076923,1
0.1920103,0
0.08128083,0
0.0049232463,0
0.03359662,0
0.29858106,1
0.15561922,0
0.0066342587,0
0.016878296,0
0.008529002,0
0.010810181,0
0.020356769,0
0.057731558,0
0.74177206,0
0.002680189,0
0.57443607,0
0.5060805,0
0.043307427,0
0.7510513,0
0.09786313,0
0.004889747,0
0.71559525,1
0.13373835,0
0.80396163,1
0.34398896,0
0.13487156,0
0.041585922,0
0.3747498,0
0.5145299,0
0.5111181,0
0.0056418036,0
0.48047647,0
0.6304482,0
0.003313155,0
0.08718716,0
0.33220124,0
0.7890551,0
0.015641198,0
0.38927975,0
0.5417973,0
0.07642565,0
0.28680357,0
0.0065978332,0
0.085146725,0
0.022360919,0
0.0029968198,0
0.0700327,0
0.02828056,0
0.0064937216,0
0.12562476,0
0.5101566,1
0.22256161,0
0.57084787,0
0.54146165,1
0.0084739085,0
0.8569763,0
0.68060005,0
0.08006498,0
0.22723423,0
0.20956859,0
0.0033527103,0
0.02240902,0
0.037829287,0
0.5237505,0
0.7379949,0
0.25072983,1
0.71353894,0
0.008833141,0
0.74716204,0
0.07763406,0
0.1312971,0
0.6547374,1
0.0035853956,0
0.05850739,0
0.039464053,0
0.45256022,0
0.7778653,0
0.0054082028,0
0.092622176,0
0.692358,1
0.38909572,1
0.50196004,0
0.36824754,0
0.20367002,0
0.67367244,0
0.010214746,0
0.11072392,0
0.42477804,0
0.023480615,0
0.80937785,1
0.04781082,0
0.10858991,1
0.014466679,0
0.6079485,0
0.003036055,0
0.40450516,1
0.104862854,0
0.01036661,0
0.65553087,0
0.47986075,0
0.4479631,0
0.3156654,1
0.006768142,0
0.052320726,0
0.043744832,0
0.0036256523,0
0.4910021,0
0.006472011,0
0.002176811,0
0.08661745,0
0.20206806,1
0.025170356,0
0.004444065,0
0.641894,1
0.7510014,0
0.68103254,1
0.091279715,0
0.9040662,1
0.016054105,0
0.008882866,0
0.04563249,0
0.11343798,0
0.0030950091,0
0.5510441,1
0.7412888,1
0.76134294,0
0.8709944,0
0.38628644,0
0.0015176913,0
0.29886505,1
0.587096,0
0.7699198,1
0.6137738,0
0.74403816,0
0.28223544,0
0.78278726,0
0.46808225,0
0.27072534,0
0.39880258,0
0.57299554,0
0.7027778,0
0.2455135,0
0.008769131,0
0.003756147,0
0.6060286,0
0.4279122,1
0.22319664,0
0.027163874,0
0.053025264,0
0.80100626,0
0.81613535,0
0.0513643,0
0.4203362,0
0.010054945,0
0.83782786,0
0.87660533,1
0.049979813,0
0.004244416,0
0.46901593,1
0.025737677,0
0.06297764,0
0.035725348,0
0.66859937,0
0.080805145,0
0.0093515515,0
0.0118240975,1
0.66928566,1
0.004948181,0
0.89579934,1
0.05818327,0
0.58145016,0
0.0036187237,0
0.068926044,0
0.81008136,0
0.10410641,0
0.13573228,0
0.28985634,0
0.012635504,0
0.070376314,0
0.2266204,0
0.7821847,0
0.7145216,1
0.018600347,0
0.729075,1
0.0029802066,0
0.002822747,0
0.10157933,0
0.740788,0
0.0027231886,0
0.0051943557,0
0.35099307,0
0.32524303,0
0.021926312,0
0.17101061,0
0.2106182,0
0.0038575358,0
0.18365659,0
0.012629694,0
0.4507732,0
0.5476802,1
0.0043935855,0
0.7257247,0
0.024253301,0
0.8008717,1
0.27904177,0
0.005558751,0
0.009970985,0
0.37234822,0
0.52673155,0
0.0066285166,0
0.04547504,0
0.5174875,1
0.038564645,0
0.033573832,0
0.47498918,0
0.09238234,1
0.004259808,0
0.032376226,0
0.0023367351,0
0.5066646,1
0.82056886,0
0.47702253,0
0.82722455,1
0.088569865,0
0.05504663,0
0.043836784,0
0.010497979,0
0.64395577,0
0.21433811,0
0.0072132973,0
0.77917546,0
0.37864366,1
0.79768026,0
0.7615003,0
0.18539178,0
0.004020083,0
0.0741247,0
0.03209084,0
0.6459152,0
0.605307,0
0.64400995,0
0.25399783,0
0.040321387,0
0.024184661,0
0.0013984619,0
0.27094293,0
0.12792625,0
0.004053208,0
0.081208736,0
0.0028429276,0
0.8907364,1
0.0037222211,0
0.016097475,0
0.010258111,0
0.006232733,0
0.27602726,0
0.20973432,0
0.00679786,0
0.0075046653,0
0.7426227,1
0.77541494,1
0.004612805,0
0.1227529,0
0.0031555959,0
0.26836035,0
0.0047144676,0
0.10305638,0
0.14693801,0
0.062171016,0
0.025511546,0
0.6521262,0
0.0052541588,0
0.50636274,0
0.032422796,0
0.005588057,0
0.018377293,0
0.025767567,0
0.7281071,0
0.26863408,0
0.7651784,0
0.023078423,0
0.6714697,0
0.028829021,0
0.48771083,1
0.45303333,0
0.005424614,0
0.004085089,0
0.0034124092,0
0.80420935,0
0.6234034,1
0.311433,0
0.88026863,0
0.01988877,0
0.71555454,1
0.011729048,0
0.26177478,0
0.23990192,0
0.28350896,0
0.49576315,0
0.04110996,0
0.75174403,0
0.0027009696,0
0.81271076,0
0.35352123,0
0.46035796,0
0.6041163,1
0.008342548,0
0.040310718,0
0.37565145,0
0.32348287,0
0.0017431024,0
0.09085237,0
0.83600545,0
0.03919705,0
0.8230742,0
0.011620029,0
0.4764853,0
0.004047393,0
0.019429086,0
0.47492015,0
0.92561376,0
0.07762042,0
0.20760497,0
0.6486167,1
0.16833772,0
0.7619131,1
0.64297175,0
0.061649173,0
0.31576252,0
0.6570941,1
0.026148949,0
0.006213918,0
0.7998615,0
0.4563867,0
0.5545352,0
0.016376613,0
0.8756683,0
0.00422271,0
0.68712324,1
0.006942434,0
0.03981321,0
0.04908658,0
0.32414836,0
0.3166398,0
0.04965113,0
0.057931114,0
0.8774591,1
0.26932755,0
0.40269783,0
0.6101489,1
0.01000695,0
0.46698004,0
0.002767685,0
0.30579242,1
0.0016624675,0
0.63089496,0
0.019179607,0
0.6240105,0
0.16115862,0
0.7415895,0
0.70735973,1
0.6422942,0
0.004067817,0
0.013285596,0
0.07405222,0
0.5458107,1
0.118916176,0
0.7341542,1
0.4526325,0
0.035830338,0
0.4155542,0
0.11712606,0
0.5972647,0
0.06446148,0
0.035887673,0
0.011555474,0
0.0055798483,0
0.49264607,0
0.71428347,0
0.054179017,0
0.2070142,0
0.65956855,0
0.71610993,0
0.002194995,0
0.010124566,0
0.02425472,0
0.663214,0
0.6154799,0
0.8736961,1
0.31765902,0
0.0470332,0
0.4898543,0
0.020262646,0
0.7813438,1
0.34509897,0
0.84341085,0
0.0075044595,0
0.8392987,1
0.83099204,0
0.006256043,0
0.8439646,0
0.005961843,0
0.13504238,0
0.14952332,0
0.33049592,0
0.16373007,0
0.5683283,0
0.08712644,0
0.57147133,1
0.771569,0
0.02187868,0
0.82851356,0
0.5553535,0
0.62950295,0
0.3982052,0
0.76108056,0
0.44195724,0
0.14513403,0
0.45034546,0
0.004032244,0
0.17839596,0
0.0037900098,0
0.009414715,0
0.4890022,0
0.35143661,1
0.78890216,0
0.39289176,0
0.0020795905,0
0.85227984,1
0.015505912,0
0.31104606,0
0.009027972,0
0.5401139,1
0.7049938,1
0.01597458,0
0.013252034,0
0.80893016,1
0.009861816,0
0.71163744,1
0.06032505,0
0.66497993,0
0.6234993,0
0.27936438,1
0.0040962435,0
0.8496307,0
0.0043170853,0
0.24407196,1
0.64227384,0
0.19973247,0
0.3524281,0
0.688179,1
0.005582151,0
0.012885528,0
0.0019286154,0
0.0029340743,0
0.2132291,1
0.31467247,0
0.73009235,1
0.070106305,0
0.9001009,1
0.7957416,0
0.0025266898,0
0.7597375,0
0.70927966,1
0.0673728,0
0.7190993,1
0.04341533,0
0.014501228,0
0.003626989,0
0.006849491,0
0.6941789,0
0.43483314,0
0.014048117,0
0.0034506838,0
0.009123351,0
0.024870245,0
0.20527996,0
0.0028931138,0
0.1431158,0
0.010140491,0
0.7400805,1
0.0019983887,0
0.017589329,0
0.8500729,1
0.52126753,1
0.003716022,0
0.0029958023,0
0.5745281,1
0.38876766,0
0.11380774,0
0.05870842,0
0.51345134,0
0.2555565,0
0.12635899,0
0.33011824,0
0.46430296,1
0.8385908,0
0.8300228,1
0.34797725,0
0.0071625407,0
0.0070151133,0
0.021260714,0
0.0035953992,0
0.07506653,0
0.003264894,0
0.0833125,0
0.8637679,0
0.48772162,0
0.4462157,1
0.5024325,0
0.004778829,0
0.650452,0
0.013845661,0
0.034931045,0
0.5213495,1
0.19897069,0
0.6328006,0
0.0045242487,0
0.40075552,0
0.009673702,0
0.0019760074,0
0.09079597,0
0.39890105,0
0.004336632,0
0.584616,0
0.86167866,0
0.5680135,0
0.5955322,0
0.33870748,0
0.8734482,0
0.0066112955,0
0.02921972,0
0.02009631,0
0.42688546,0
0.20868091,0
0.70671344,0
0.003043189,0
0.81284577,0
0.7909764,1
0.011076375,0
0.6703158,0
0.053485263,0
0.012699717,0
0.008470405,0
0.009367211,0
0.2860887,0
0.24776742,1
0.094119504,0
0.04451427,0
0.3362913,0
0.6446976,0
0.5725899,0
0.29055125,0
0.019287024,0
0.010225069,0
0.75191575,1
0.0047475942,0
0.5649591,1
0.041750442,0
0.63344145,1
0.23516072,0
0.41067892,0
0.27817962,0
0.09021673,0
0.6835922,0
0.040128086,0
0.13815434,0
0.5849567,0
0.6562643,0
0.8058264,0
0.7134046,1
0.6350374,1
0.28408143,1
0.6724099,0
0.0035207574,0
0.01533865,0
0.860531,1
0.606882,1
0.15639506,0
0.0067201494,0
0.00554463,0
0.006749889,0
0.05559824,0
0.0031270804,0
0.0062128874,0
0.031391118,0
0.67819005,0
0.08757902,0
0.04378114,0
0.0062683015,0
0.7355122,1
0.0055490355,0
0.21435487,0
0.3332587,0
0.015277217,0
0.005074261,0
0.006129662,0
0.04132124,0
0.003612617,0
0.49859586,0
0.8853287,1
0.5033139,0
0.06321615,0
0.86535585,1
0.7211735,0
0.7650709,0
0.57360107,1
0.48438168,0
0.24041615,0
0.0050050193,0
0.003420821,0
0.003904378,0
0.61106455,1
0.7836397,0
0.034834538,0
0.63766634,0
0.004961805,0
0.70144504,1
0.004045262,0
0.070356674,0
0.5133412,0
0.55641276,0
0.024105564,0
0.046909787,0
0.7677265,1
0.003068028,0
0.79884267,0
0.4804767,0
0.009422852,0
0.4681183,0
0.0028697294,0
0.41067713,1
0.7680714,1
0.31376526,0
0.7180482,0
0.039300334,0
0.7386051,0
0.09314874,0
0.6798734,0
0.26687783,0
0.74932027,1
0.020571763,0
0.118304454,0
0.63954777,1
0.8342468,0
0.09859924,0
0.19798687,0
0.088987835,0
0.009206125,0
0.69363177,1
0.7055912,0
0.0033654268,0
0.015285539,0
0.5414179,0
0.0045826305,0
0.3196191,0
0.016834036,0
0.44843945,0
0.033335026,0
0.75459707,1
0.061741434,0
0.0019600424,0
0.078525476,0
0.43139648,1
0.012349871,0
0.4665645,0
0.5252564,1
0.49068847,0
0.179528,0
0.6091782,0
0.014233702,0
0.027025534,0
0.6306845,0
0.1028557,0
0.0046525765,0
0.039856426,0
0.75584024,0
0.57985234,0
0.002555047,0
0.3930469,0
0.0045114625,0
0.71296996,0
0.6329912,0
0.810037,1
0.021251086,0
0.0050106267,0
0.65670365,0
0.23367825,0
0.0035740277,0
0.0025266202,0
0.49828872,0
0.0022453899,0
0.047334727,0
0.008925427,0
0.7751253,1
0.2856352,0
0.0022651409,0
0.0050940462,0
0.008048967,0
0.0672188,0
0.12128713,0
0.48099872,0
0.008530079,0
0.06434936,0
0.026026957,0
0.4935366,0
0.6576938,1
0.0026121086,0
0.8915701,1
0.07194462,0
0.0048813345,0
0.0060405466,0
0.8007055,1
0.0036783062,0
0.45695496,0
0.45588002,0
0.0972487,0
0.46447954,0
0.23770674,0
0.0078400755,0
0.6477196,0
0.006071079,0
0.75073296,0
0.00494803,0
0.002437099,0
0.33971065,0
0.25212783,0
0.42790034,0
0.79321086,1
0.409154,1
0.78627115,0
0.41772225,0
0.43211773,0
0.09052425,0
0.01635939,0
0.01011759,0
0.1266814,0
0.61431175,0
0.023047209,0
0.0044422303,0
0.1495073,0
0.0039770156,0
0.7221246,1
0.7782027,1
0.076839484,0
0.0023040792,0
0.71952933,0
0.36461633,0
0.78554595,0
0.19028099,0
0.5760524,0
0.0033568575,0
0.14170134,0
0.0039431136,0
0.00392677,0
0.028511574,0
0.74763924,0
0.019236404,0
0.091793805,0
0.012301782,0
0.69030064,1
0.0045878254,0
0.6977818,0
0.6552794,1
0.0031650597,0
0.021926887,0
0.58620006,0
0.15910096,0
0.3121938,0
0.17592666,1
0.011235796,0
0.012351697,0
0.11879951,0
0.537099,0
0.21311139,0
0.19727573,0
0.023798157,0
0.017038047,0
0.19645494,0
0.6887578,0
0.021171814,0
0.15062793,0
0.6967157,1
0.26483566,0
0.004151861,0
0.007851137,0
0.64625037,1
0.003333035,0
0.5916954,0
0.009000486,0
0.6135783,0
0.009778999,0
0.009395878,0
0.0705821,0
0.41513458,0
0.24081261,0
0.40831205,0
0.023170445,0
0.17707169,0
0.10878841,0
0.76958233,1
0.0027274182,0
0.06380822,0
0.0054851263,0
0.006505401,0
0.20987941,1
0.39727774,0
0.00184387,0
0.8152015,1
0.0020164023,0
0.041443553,0
0.0019731366,0
0.7261984,0
0.041252736,0
0.39987424,0
0.012343202,0
0.0047165984,0
0.63735384,1
0.006108058,0
0.5854263,0
0.012724284,0
0.7102267,0
0.09253519,0
0.5591919,0
0.79208845,0
0.6384636,0
0.9034676,1
0.0037102322,0
0.7253187,0
0.006469433,0
0.44116074,0
0.002633488,0
0.65697676,0
0.30417836,0
0.52981544,0
0.126024,0
0.00232656,0
0.4016761,0
0.08479656,0
0.054380387,0
0.021208074,0
0.013945105,0
0.45888647,0
0.7766276,1
0.21902458,0
0.052799687,0
0.006018299,0
0.0042100325,0
0.033509713,0
0.32731232,0
0.6993666,0
0.7465976,0
0.0067172977,0
0.7886542,0
0.005844079,0
0.41315174,0
0.07350456,0
0.03933218,0
0.22423099,0
0.003410736,0
0.050652612,0
0.015316931,0
0.88036776,1
0.50448865,1
0.7912961,0
0.2383053,1
0.002525468,0
0.2606678,0
0.30526513,0
0.8494433,0
0.10268993,0
0.012102296,0
0.4786271,0
0.0034102872,0
0.02419174,0
0.015901944,0
0.0070777084,0
0.6949059,0
0.37862435,0
0.002756888,0
0.7966785,1
0.67440116,0
0.17435937,0
0.11129223,0
0.031631872,0
0.5452466,1
0.38918877,0
0.0432086,0
0.8295431,0
0.4989475,1
0.003385813,0
0.39632225,0
0.54274285,0
0.36188316,0
0.003923256,0
0.2841793,0
0.65288955,0
0.09666073,0
0.69512194,0
0.008057261,0
0.0034880273,0
0.0038590387,0
0.048238467,0
0.21437822,0
0.003630077,0
0.0017080064,0
0.8122329,1
0.7692144,0
0.015812363,0
0.7430919,1
0.38010937,0
0.53699005,0
0.003936553,0
0.78229374,0
0.59266734,0
0.33608997,0
0.028949669,0
0.002709121,0
0.6549968,1
0.0034510265,0
0.46862978,1
0.0036641296,0
0.7158022,0
0.081435196,0
0.30967936,0
0.100281805,0
0.009240326,0
0.012018884,0
0.006045235,0
0.69627255,0
0.04760136,0
0.26174045,0
0.12646602,0
0.28678802,0
0.0017232611,0
0.15765029,0
0.014878836,0
0.40726563,0
0.84831756,1
0.26434696,0
0.08938153,0
0.002939265,0
0.020331603,0
0.050324384,0
0.71979874,0
0.21944858,0
0.57150006,0
0.12344807,0
0.042615905,0
0.004243624,0
0.32382315,1
0.7994622,1
0.6497358,0
0.5608323,0
0.6195146,0
0.34191054,0
0.764595,1
0.84481865,1
0.00303775,0
0.004925464,0
0.0072701834,0
0.7671761,1
0.1522795,0
0.03357352,0
0.010600683,0
0.02249454,0
0.005021231,0
0.030174276,0
0.34746838,0
0.2633683,0
0.8305384,0
0.313844,0
0.18207619,0
0.6402104,0
0.16371341,1
0.022959946,0
0.0015697464,0
0.3424727,0
0.004534545,0
0.4019299,0
0.81531286,1
0.8254758,0
0.08900351,1
0.46546856,1
0.857904,0
0.6911301,1
0.39914185,1
0.1572067,0
0.0071264976,0
0.003305437,0
0.008299396,0
0.0043458366,0
0.13294694,0
0.68176275,1
0.24611658,0
0.0035819327,0
0.21531945,0
0.24917313,0
0.43371138,0
0.7240737,1
0.6813795,1
0.013901352,0
0.073221065,0
0.9078868,1
0.26421008,1
0.76497877,1
0.41617268,0
0.06968039,0
0.0037756576,0
0.017062142,0
0.33540055,0
0.061940566,0
0.0055795577,0
0.2114726,0
0.119597405,1
0.017162532,0
0.005747905,0
0.28279582,0
0.7875379,1
0.4400486,1
0.6999677,1
0.77101415,0
0.028380137,0
0.0027494126,0
0.83402336,0
0.005777293,0
0.05501867,0
0.4479927,1
0.38870478,1
0.2532156,0
0.097773954,0
0.097018585,0
0.85951704,1
0.019913856,0
0.18808189,0
0.050013117,0
0.01758399,0
0.7042925,1
0.7296096,0
0.67321503,0
0.011447257,0
0.40326568,0
0.7460297,1
0.012113875,0
0.11998689,0
0.6324697,1
0.74953073,1
0.023757884,0
0.0021514292,0
0.34219357,0
0.79452807,0
0.064748295,0
0.0034039062,0
0.00328225,0
0.004740057,0
0.6322617,0
0.773162,0
0.11152402,0
0.002329474,0
0.3110534,0
0.10985929,0
0.06745323,0
0.6267542,0
0.036601465,0
0.0046687243,0
0.7581595,0
0.6734189,1
0.050999165,0
0.008204647,0
0.6050723,1
0.038305335,0
0.6731314,0
0.014313816,0
0.6484252,0
0.005933611,0
0.80723304,0
0.048992716,0
0.008764166,0
0.0063582393,0
0.03057597,0
0.01892557,0
0.48213157,0
0.45274466,0
0.011962016,0
0.09450049,0
0.0036505836,0
0.06195595,0
0.7434984,0
0.5315317,1
0.68430215,0
0.15111028,0
0.8351995,0
0.7333173,1
0.0028532909,0
0.53921163,0
0.14110394,0
0.60600203,1
0.6936166,0
0.0041443696,0
0.5336655,0
0.40133548,1
0.0029645197,0
0.0100087365,0
0.349554,0
0.01042184,0
0.53798425,1
0.03194777,0
0.14510977,0
0.75741196,1
0.8192293,0
0.69439256,1
0.6779822,1
0.003358381,0
0.011272896,0
0.12850018,0
0.14725113,0
0.014838896,0
0.03354186,0
0.034687884,0
0.06282773,0
0.7976408,1
0.576494,0
0.6909329,1
0.010065967,0
0.060908265,0
0.41042748,1
0.028624848,0
0.81193525,0
0.0061794,0
0.6464536,0
0.8093555,0
0.71158284,1
0.7371422,1
0.00528583,0
0.78327566,1
0.0052848742,0
0.005013699,0
0.668456,0
0.5814475,0
0.0763732,0
0.008615584,0
0.39138114,0
0.62341034,0
0.24559157,0
0.003435948,0
0.0052072653,0
0.76753396,0
0.68199325,0
0.113895044,0
0.74837583,1
0.6917466,1
0.030234566,0
0.17526299,1
0.11767732,0
0.25185493,0
0.06573437,0
0.42630637,0
0.041755892,0
0.29490674,0
0.005860077,0
0.0051575014,0
0.04808768,0
0.0014438205,0
0.72598845,1
0.11856806,0
0.11583142,0
0.77134764,1
0.119540334,0
0.55210847,0
0.6512866,0
0.36660606,0
0.8284324,1
0.72994417,0
0.0046963478,0
0.3665632,0
0.0021771363,0
0.060364913,0
0.27705327,0
0.3134297,0
0.0052381754,0
0.01546494,0
0.42316166,0
0.21273203,0
0.11179893,0
0.0092271045,0
0.009504413,0
0.59053606,0
0.30800924,0
0.012189527,0
0.6625235,1
0.49284822,0
0.009815539,0
0.5761956,1
0.04788934,0
0.009712971,0
0.030638287,0
0.8178583,0
0.44552317,0
0.8197646,1
0.102139995,0
0.0027850207,0
0.004003954,0
0.5687608,1
0.7030862,0
0.65554667,0
0.066447884,0
0.7918053,1
0.0025346435,0
0.67533267,0
0.79657453,0
0.05028827,0
0.16400255,0
0.44974956,0
0.27602676,0
0.4244277,0
0.7024707,1
0.0054688496,0
0.5109014,0
0.73623955,0
0.003021294,0
0.45831102,0
0.20668581,0
0.74518055,0
0.82862854,0
0.002513426,0
0.24977028,0
0.004093599,0
0.004943813,0
0.66084844,0
0.003008412,0
0.08748533,0
0.0028775858,0
0.2337343,1
0.86734295,1
0.0050689676,0
0.3626267,0
0.037108444,0
0.004920561,0
0.87670827,1
0.003500658,0
0.39775378,0
0.21949483,0
0.00877307,0
0.558241,0
0.76429826,1
0.20414825,0
0.010858851,0
0.85871804,0
0.6672179,0
0.008299063,0
0.70420897,0
0.09871146,0
0.0017178277,0
0.72749263,0
0.6087206,1
0.0024694272,0
0.0020041515,0
0.37196082,0
0.79211396,1
0.002924605,0
0.8016004,1
0.0022612368,0
0.027401457,0
0.59989923,0
0.6930073,0
0.5171677,0
0.041598275,0
0.009174567,0
0.11399148,0
0.0035713639,0
0.0067153005,0
0.0035944956,0
0.004464065,0
0.02999476,0
0.0036480366,0
0.7950383,0
0.15738273,0
0.32732433,0
0.22253546,0
0.27026194,0
0.15183805,0
0.23985176,0
0.48508635,0
0.012467594,0
0.7520347,0
0.0023938653,0
0.08510041,0
0.014167823,0
0.82857144,0
0.6420276,1
0.010669606,0
0.016760278,0
0.005967042,0
0.783943,1
0.0071548615,0
0.47547087,0
0.13944341,0
0.61299735,0
0.85756505,1
0.0026082688,0
0.7212707,0
0.41727832,0
0.058819383,0
0.05309592,0
0.2132546,0
0.46946204,0
0.57940215,0
0.052625418,0
0.08440295,0
0.004922543,0
0.69062006,0
0.81802195,0
0.019532964,0
0.013512189,0
0.003416868,0
0.098291025,0
0.72129667,0
0.6400636,0
0.0060733557,0
0.14015582,0
0.003913957,0
0.10879851,0
0.007471577,0
0.479656,0
0.2819608,0
0.66169775,1
0.14839745,0
0.22462375,0
0.65624994,1
0.5859788,0
0.0036472066,0
0.45289508,0
0.81271267,0
0.69840914,1
0.079056405,0
0.01235125,0
0.008324056,0
0.0026313185,0
0.8093446,0
0.007924539,0
0.12833013,0
0.7381226,0
0.0025136769,0
0.35600984,0
0.12916495,0
0.10354354,0
0.07481614,0
0.061792895,0
0.7036167,0
0.23526461,0
0.0029649201,0
0.02516848,0
0.0093508,0
0.02410954,0
0.5804983,0
0.01938968,0
0.61704296,1
0.25312293,0
0.046071555,0
0.007620312,0
0.056515735,0
0.7523372,0
0.005255804,0
0.6351912,0
0.4861237,0
0.39526263,0
0.59889793,0
0.15744896,0
0.47764456,0
0.6646606,0
0.68705255,0
0.003898315,0
0.0069482885,0
0.2401793,0
0.007201509,0
0.006591704,0
0.022582758,0
0.088318855,0
0.5058154,0
0.743814,1
0.052062396,0
0.6799912,0
0.17197737,0
0.007037972,0
0.51410174,0
0.0050920458,0
0.008363458,0
0.83731043,1
0.014759258,0
0.5731892,0
0.08150768,0
0.6106205,0
0.062046945,0
0.33472797,0
0.0023508319,0
0.82148445,1
0.8412942,0
0.039907854,0
0.8389059,1
0.30646202,0
0.0064408947,0
0.4291785,0
0.008651528,0
0.6985303,0
0.06362492,0
0.011003156,0
0.7077211,0
0.747659,1
0.7392039,0
0.0028801893,0
0.18988383,0
0.05844223,0
0.23099889,0
0.14262947,0
0.33776304,0
0.0027131115,0
0.21587062,0
0.37574565,0
0.6743808,0
0.5562821,0
0.75315464,0
0.638297,0
0.11932567,0
0.023085672,0
0.078516684,0
0.71205723,1
0.015571318,0
0.6772349,1
0.0035464277,0
0.21662211,0
0.6319044,1
0.0058923196,0
0.64769924,0
0.092256494,0
0.030205442,0
0.010407798,0
0.12674737,0
0.0032938824,0
0.012664884,0
0.0062814876,0
0.08480097,0
0.17613338,0
0.011307029,0
0.0022529329,0
0.04531401,0
0.009494458,0
0.69942397,1
0.007795566,0
0.0058988733,0
0.69245464,0
0.6561536,0
0.005567894,0
0.8776614,1
0.7537019,1
0.72312254,0
0.03725911,0
0.17746578,0
0.53140324,1
0.49024445,0
0.321902,0
0.82684207,0
0.041723806,0
0.0040684408,0
0.38609886,0
0.4240288,1
0.443307,0
0.0019783927,0
0.32155627,0
0.55558646,1
0.06998523,0
0.0059246877,0
0.73953646,0
0.007354315,0
0.6954518,0
0.8317804,0
0.044025864,0
0.67067087,0
0.00828313,0
0.79734784,1
0.41461793,0
0.16352578,0
0.6737407,0
0.003626124,0
0.011188656,0
0.3312639,0
0.42364508,0
0.73909956,0
0.6738797,0
0.0038223823,0
0.01081249,0
0.004594533,0
0.6445363,1
0.19095945,0
0.25413772,0
0.6779113,0
0.04860357,0
0.0023215197,0
0.8037022,0
0.0102696195,0
0.6060221,0
0.7321495,0
0.077349916,1
0.6588894,1
0.007855547,0
0.009231844,0
0.18167713,0
0.64573085,1
0.053198475,0
0.75936013,1
0.01235989,0
0.0033956731,0
0.010719931,0
0.07725466,0
0.011697926,0
0.5662728,1
0.4298956,0
0.013248273,0
0.036085635,0
0.0031922052,0
0.09313361,0
0.3951157,1
0.4661266,0
0.00235172,0
0.24224393,1
0.7864615,1
0.0059545087,0
0.4352608,0
0.08925656,0
0.071720175,0
0.44047508,0
0.0048391935,0
0.114007674,0
0.76062334,0
0.0026700308,0
0.009823156,0
0.84876376,1
0.53729147,0
0.097363345,0
0.8115807,1
0.21078849,1
0.0032715609,0
0.7114086,1
0.0018611258,0
0.5096639,1
0.06962233,0
0.0054546418,0
0.31206697,0
0.8562843,0
0.012193324,0
0.08229429,0
0.45983076,0
0.009166503,0
0.4648308,0
0.118478425,0
0.0120874755,0
0.120181,1
0.41376743,0
0.14984939,0
0.0056202873,0
0.0052297544,0
0.098780535,0
0.0029771265,0
0.8012269,0
0.7683535,0
0.029937869,0
0.121032074,0
0.011508094,0
0.83923703,1
0.05735343,0
0.70062554,0
0.045229036,0
0.8362435,0
0.012441284,0
0.060538474,0
0.0040213075,0
0.020241877,0
0.7374075,1
0.43377572,0
0.0022461067,0
0.0023136178,0
0.49299398,0
0.0037651116,0
0.8833527,0
0.79586935,0
0.3881141,0
0.38018388,0
0.03535768,0
0.4436483,1
0.32323003,0
0.22351992,0
0.06441168,0
0.7821837,0
0.299789,0
0.1417303,0
0.59877896,1
0.0038180542,0
0.0049735196,0
0.0043937545,0
0.019798411,0
0.5953305,0
0.6746288,1
0.72057253,1
0.49124506,0
0.64142644,1
0.57023406,1
0.0032038793,0
0.114389665,0
0.481256,0
0.44641775,0
0.427843,1
0.5359233,0
0.7686613,0
0.043190487,0
0.85583913,0
0.0051412694,0
0.24961923,0
0.6263055,0
0.0061767963,0
0.5002746,1
0.1883172,0
0.8209283,0
0.0046490645,0
0.006897796,0
0.011488539,0
0.0070745326,0
0.30192184,1
0.8206874,0
0.7000729,1
0.09383999,0
0.7662166,0
0.0036617331,0
0.48283583,0
0.0494436,0
0.011083856,0
0.13647726,0
0.63455874,1
0.4872694,1
0.12077593,0
0.3002858,0
0.0030666078,0
0.0033793943,0
0.0026523038,0
0.648898,1
0.005233102,0
0.012655818,0
0.0069322074,0
0.03551786,0
0.35276747,1
0.0042788507,0
0.55784273,0
0.16514616,0
0.6519696,0
0.36706987,0
0.6277413,0
0.022748796,0
0.013475874,0
0.21788153,0
0.79174215,0
0.5408311,0
0.273495,0
0.09404726,0
0.12781939,0
0.67246205,0
0.76649886,0
0.83195984,0
0.060344752,0
0.19537988,0
0.16425848,0
0.88206905,1
0.17163433,0
0.03146536,0
0.48116073,1
0.1010054,0
0.022859028,0
0.0019206456,0
0.18511876,0
0.0030414925,0
0.6621886,0
0.8253408,1
0.0014509708,0
0.17312263,0
0.77779704,0
0.7942378,1
0.014367122,0
0.22213946,0
0.07631802,0
0.05516418,0
0.7043684,0
0.3285935,0
0.042009793,0
0.75608516,1
0.45435187,0
0.7145334,1
0.0027170556,0
0.0039290213,0
0.40888524,0
0.03813203,0
0.5014774,1
0.80365396,1
0.07387377,0
0.12966305,0
0.058555607,0
0.5408742,0
0.49495557,0
0.004418785,0
0.4238636,0
0.20419464,0
0.3244823,0
0.397832,1
0.0013866858,0
0.06189751,0
0.76302165,0
0.7499202,0
0.44018504,0
0.63538945,0
0.19438803,0
0.0082493005,0
0.00367734,0
0.2512404,0
0.015004307,0
0.8398349,0
0.0985583,0
0.0023472826,0
0.5735233,1
0.004532096,0
0.32467386,1
0.04878815,0
0.642272,0
0.73346615,1
0.0085140355,0
0.0036921795,0
0.55991185,0
0.6063105,0
0.0059648897,0
0.7186356,1
0.15707397,1
0.017450912,0
0.019437661,0
0.7849828,1
0.0021940605,0
0.7912295,0
0.8251993,1
0.14060336,0
0.6974378,1
0.0071033225,0
0.6189744,0
0.29125684,0
0.565023,0
0.10251916,0
0.021753365,0
0.0063151666,0
0.07213633,0
0.009175885,0
0.017650308,0
0.8173764,1
0.70972145,0
0.90861195,1
0.028722132,0
0.004628923,0
0.045177788,0
0.74583477,0
0.076758176,0
0.6978501,0
0.006381711,0
0.0015790287,0
0.0043525724,0
0.7375485,1
0.102330804,0
0.003240653,0
0.31659457,0
0.049769524,0
0.060922783,0
0.13999256,0
0.0038049154,0
0.47239718,0
0.66592246,1
0.01087632,0
0.7459229,1
0.10021554,0
0.010257278,0
0.0154562425,0
0.017266735,0
0.5924026,0
0.8403287,1
0.7801013,1
0.00560609,0
0.12390201,0
0.0046086838,0
0.033907253,0
0.32746258,0
0.60311097,1
0.019735385,0
0.021881731,0
0.11084694,0
0.6274202,1
0.6826551,0
0.6986293,0
0.015361972,0
0.26784858,0
0.11674554,0
0.007603764,0
0.77211076,0
0.71707827,0
0.8146414,1
0.7034397,0
0.65692276,0
0.003251108,0
0.0039710663,0
0.3276581,0
0.4885764,0
0.60579646,0
0.015686221,0
0.58151233,0
0.22021496,0
0.006203082,0
0.80706066,0
0.0024053426,0
0.8637131,1
0.55517143,1
0.41457522,1
0.0027299006,0
0.5096541,0
0.6158457,1
0.74719214,0
0.0967265,0
0.7528545,0
0.28442296,0
0.0071027875,0
0.014489307,0
0.30909058,1
0.0020537172,0
0.368226,0
0.581736,0
0.6729002,0
0.03700744,0
0.5724311,0
0.011007812,0
0.35807133,0
0.012869745,0
0.052906018,0
0.5773545,0
0.38158044,0
0.032953426,0
0.049317513,0
0.017605206,0
0.4577994,1
0.0146863945,0
0.005600644,0
0.22483651,0
0.0051538185,0
0.76769656,1
0.6741265,0
0.06320408,0
0.042012885,0
0.69865245,0
0.71542054,0
0.830574,1
0.0029634216,0
0.35019976,0
0.00479511,0
0.60708153,0
0.039593518,0
0.007259224,0
0.016981345,0
0.4984194,0
0.17815445,1
0.009001318,0
0.75027794,0
0.0061591566,0
0.59402895,0
0.34058568,0
0.019609718,0
0.094222926,0
0.6955683,1
0.023558147,0
0.6276418,0
0.6218002,0
0.4250148,0
0.86789113,0
0.81047356,0
0.005552589,0
0.06549042,0
0.54335785,0
0.012552254,0
0.0125978775,0
0.20520504,0
0.0044429875,0
0.34050724,0
0.0038661684,0
0.0030705766,0
0.82218,0
0.0055878577,0
0.044426057,0
0.0021092973,0
0.0061749853,0
0.051898785,0
0.0296402,0
0.6934466,1
0.66539574,1
0.0019029648,0
0.0031836592,0
0.7148398,0
0.19475242,0
0.5409893,1
0.50512886,0
0.018154867,0
0.10349186,0
0.009075581,0
0.007567588,0
0.048661932,0
0.0041024163,0
0.60036254,0
0.021556392,0
0.007151417,0
0.09841737,0
0.047482982,0
0.7308427,0
0.0029508893,0
0.009999725,0
0.4730803,0
0.035806354,0
0.65299577,0
0.051194735,0
0.5986896,0
0.066932514,0
0.046822663,0
0.001298489,0
0.5822163,0
0.60215217,0
0.8590632,1
0.7194051,0
0.0039060721,0
0.005691638,0
0.36464998,0
0.0028626798,0
0.51392055,0
0.3486028,0
0.2869569,0
0.0046764305,0
0.55085754,0
0.73451847,1
0.0038398309,0
0.010980887,0
0.37913314,0
0.36031124,0
0.038668178,0
0.034597997,0
0.0646736,0
0.044650327,0
0.14102194,0
0.39625075,0
0.7278594,1
0.5421066,0
0.6209143,0
0.64726645,0
0.1043857,0
0.7180703,0
0.03013575,0
0.6879566,0
0.2843759,0
0.70744425,0
0.0042556496,0
0.55201185,0
0.35508975,1
0.39771459,0
0.5500459,0
0.54649127,1
0.024641974,0
0.79900515,1
0.58869946,0
0.8262521,1
0.036918864,0
0.4701071,0
0.2077968,0
0.004551339,0
0.006773853,0
0.5956181,1
0.087033875,0
0.006112698,0
0.006339892,0
0.57024425,1
0.002214209,0
0.17642663,0
0.009701048,0
0.43008393,0
0.0063875006,0
0.91762114,1
0.5265397,0
0.5326053,0
0.56869155,1
0.06293299,0
0.39006963,0
0.005232298,0
0.0061998204,0
0.21338987,0
0.028131014,0
0.04128455,0
0.61910504,0
0.0060167136,0
0.7301188,0
0.008967125,0
0.48320094,1
0.0038502722,0
0.46853387,0
0.021154275,0
0.14423922,0
0.5902668,1
0.7541281,0
0.17118956,0
0.79971284,1
0.06772204,0
0.0062371143,0
0.8204742,0
0.017587353,0
0.015908966,0
0.6256574,0
0.03595123,0
0.0039959904,0
0.7686085,1
0.004957009,0
0.0675266,0
0.41123188,0
0.551816,0
0.018525256,0
0.38759097,0
0.054108813,0
0.24454935,0
0.015333834,0
0.5747148,0
0.39245713,0
0.064900324,0
0.2975005,0
0.12575558,0
0.66715294,1
0.27666593,0
0.10967982,0
0.00287811,0
0.06936646,0
0.0030889036,0
0.73600036,1
0.57469946,1
0.012817153,0
0.66489947,1
0.004497297,0
0.7458682,0
0.68133605,0
0.07745559,0
0.29121393,0
0.1065889,0
0.5874179,0
0.6715697,1
0.18499286,0
0.0042711757,0
0.6201169,0
0.59789664,0
0.4947657,0
0.56936693,0
0.30397138,1
0.041841246,0
0.28648672,0
0.7394935,0
0.04580489,0
0.0061138133,0
0.9034182,0
0.26703307,0
0.3798509,0
0.76974845,0
0.6278737,1
0.74382067,1
0.58025897,1
0.5599396,0
0.5826286,0
0.008139124,0
0.7135401,0
0.53185445,0
0.010645714,0
0.8192625,0
0.008700404,0
0.17965503,0
0.6313488,0
0.3120163,0
0.0012008975,0
0.0034031526,0
0.008161145,0
0.0077123423,1
0.2267152,0
0.004984859,0
0.73973066,1
0.004222692,0
0.25666,0
0.351635,0
0.3942232,0
0.028517269,0
0.0050335457,0
0.007937075,0
0.0034397577,0
0.012567783,0
0.008553036,0
0.03798764,0
0.4200214,0
0.3390644,0
0.014852196,0
0.007859714,0
0.015710866,0
0.7168329,0
0.014314737,0
0.7196867,1
0.5392034,0
0.0072364495,0
0.49026668,0
0.0093345195,0
0.026781548,0
0.8605094,1
0.09111007,0
0.34943396,0
0.0058153486,0
0.36809388,0
0.46090305,0
0.01265259,0
0.048990257,0
0.047831934,0
0.30329826,0
0.8781169,0
0.0026444837,0
0.0043980703,0
0.046294533,0
0.55493253,1
0.75251824,0
0.7842147,0
0.60911316,1
0.17454503,0
0.60761374,1
0.089392416,0
0.65800756,1
0.014817623,0
0.00865089,0
0.09527596,0
0.61187047,0
0.06703183,0
0.8232927,0
0.7322795,1
0.58721805,0
0.73491335,0
0.87009215,1
0.6908977,0
0.0030078685,0
0.004110515,0
0.008453273,0
0.85510695,1
0.0038100719,0
0.38654095,0
0.6106212,0
0.0189254,0
0.015083874,0
0.0036555803,0
0.6606224,0
0.012817436,0
0.152713,0
0.6290132,0
0.85531133,1
0.011519106,0
0.79030776,1
0.6924711,0
0.023804937,0
0.03370982,0
0.60113347,0
0.020435635,0
0.7145361,1
0.32747474,0
0.0036282572,0
0.7606929,0
0.002058722,0
0.0034637968,0
0.09739798,0
0.46499312,0
0.018014569,0
0.18535446,0
0.7550753,1
0.03932039,0
0.018170243,0
0.5511505,1
0.47958747,0
0.08774352,0
0.7880972,0
0.26077434,0
0.029596291,0
0.01171637,0
0.2916115,0
0.88290596,1
0.35756418,0
0.005705951,0
0.70811164,1
0.008900844,0
0.008796998,0
0.8032707,0
0.0061574583,0
0.0025893212,0
0.022025274,0
0.047548167,0
0.00892072,0
0.38557556,1
0.2001284,0
0.7355548,0
0.5406072,0
0.007888655,0
0.7903522,1
0.62588894,0
0.022828566,0
0.0021744603,0
0.13375837,0
0.0029236889,0
0.15606834,0
0.5399413,0
0.64088285,0
0.14047009,0
0.019225145,0
0.06337874,0
0.8992208,0
0.50454754,0
0.030208731,0
0.0029259387,0
0.7146093,0
0.5777372,1
0.743474,1
0.1571996,0
0.6326402,0
0.3259536,0
0.18336509,0
0.26265028,0
0.032593887,0
0.12780641,0
0.020298986,0
0.83023137,0
0.6364714,0
0.4644551,0
0.003647539,0
0.011044907,0
0.17877376,0
0.8174978,0
0.035752203,0
0.123691894,0
0.00618379,0
0.8475369,0
0.017746735,0
0.8861135,0
0.002875786,0
0.08832282,1
0.0035646711,0
0.0033431419,0
0.75640374,0
0.8757224,0
0.27944526,0
0.81280637,0
0.78711593,0
0.5016012,0
0.010099207,0
0.07010619,0
0.026895545,0
0.002457412,0
0.09076891,0
0.19165173,0
0.6912222,0
0.0024381645,0
0.13118565,0
0.35450992,0
0.012782333,0
0.35649812,0
0.70503825,1
0.0028006579,0
0.008859347,0
0.63871765,1
0.72973186,0
0.0040617073,0
0.77902955,1
0.4180761,0
0.0039761467,0
0.19329397,0
0.009097816,0
0.5544802,0
0.83379203,1
0.40066272,1
0.0076109823,0
0.15637209,0
0.023458397,0
0.81772894,1
0.43575484,0
0.04689681,0
0.34623602,0
0.5993423,0
0.0075336597,0
0.06744432,0
0.009852067,0
0.25311616,0
0.0039008432,0
0.0059983255,0
0.2850817,0
0.28378484,0
0.18172958,1
0.0049002203,0
0.65610003,0
0.0019014485,0
0.21902682,0
0.79055774,1
0.048759036,0
0.0034245946,0
0.54609406,1
0.26352218,0
0.018316902,0
0.85084414,0
0.5559545,0
0.0471464,0
0.010195356,0
0.12854299,0
0.8598859,0
0.28824627,0
0.67933047,0
0.24106343,0
0.034936473,0
0.64232975,0
0.0017950159,0
0.031809155,0
0.18315414,0
0.23312569,1
0.3863111,1
0.0055264966,0
0.049392335,0
0.61105734,0
0.013215302,0
0.33547503,0
0.78781754,1
0.8469299,0
0.54084027,0
0.058376443,0
0.0797735,0
0.88428754,1
0.5682344,0
0.7743029,0
0.73800266,0
0.012531614,0
0.5239451,0
0.6003564,0
0.03153013,0
0.64342886,0
0.6078103,1
0.035273142,0
0.002720734,0
0.19861948,1
0.48605284,1
0.23665906,0
0.40957168,0
0.7768014,1
0.60581404,0
0.5911457,0
0.02648756,0
0.004097395,0
0.012115289,0
0.008280463,0
0.64470226,0
0.0030004908,0
0.19248958,0
0.46352038,1
0.80573183,0
0.0053426833,0
0.66098934,1
0.002639125,0
0.6840764,0
0.13062312,0
0.012843182,0
0.66421974,0
0.050591372,0
0.002440007,0
0.83546716,0
0.005253658,0
0.663581,0
0.036698945,0
0.31514812,0
0.009700906,0
0.0014251188,0
0.0044163293,0
0.0109648295,0
0.38455495,0
0.76848793,0
0.7120887,0
0.15854612,0
0.003356146,0
0.78121686,0
0.8365629,1
0.49050897,1
0.06679218,0
0.0017432533,0
0.6486082,0
0.12994573,0
0.02937289,0
0.85480046,1
0.5265122,0
0.19159971,0
0.3715738,0
0.6038701,1
0.122628234,0
0.18016224,0
0.017535605,0
0.0044425125,0
0.0020126894,0
0.7816151,0
0.27548417,0
0.00901244,0
0.00296802,0
0.12909141,0
0.1132448,0
0.009265881,0
0.013564835,0
0.37705788,1
0.033402216,0
0.85638696,0
0.7490217,0
0.002700936,0
0.10457387,0
0.87632746,0
0.69635445,0
0.39326972,1
0.08549503,0
0.004355123,0
0.8042454,1
0.06240595,0
0.11317152,0
0.36072838,0
0.011935338,0
0.031487845,0
0.7562348,1
0.29389477,1
0.08369077,0
0.11177197,0
0.006952929,0
0.050604504,0
0.0084721865,0
0.88594776,1
0.007977285,0
0.3215407,0
0.02260339,0
0.39969033,0
0.7983589,1
0.470787,0
0.053967293,0
0.31754225,0
0.6110589,0
0.0023091545,0
0.61274934,0
0.075673826,0
0.7355076,0
0.65797323,0
0.6561168,1
0.0029636023,0
0.8263886,0
0.10628496,0
0.2513158,0
0.015119641,0
0.008623376,0
0.0543537,0
0.057485834,0
0.790516,1
0.3543222,0
0.04606433,0
0.073272094,0
0.7546031,1
0.7721146,1
0.79941607,1
0.6964544,0
0.30881426,0
0.70439076,1
0.28119943,0
0.005214409,0
0.36448178,1
0.010972739,0
0.2394219,0
0.0145557765,0
0.70098794,1
0.5168441,0
0.092661716,0
0.4285171,0
0.32709587,1
0.7939619,0
0.003143465,0
0.008899877,0
0.020491116,0
0.25820652,0
0.79159653,0
0.001897237,0
0.18841298,0
0.12924848,0
0.3969462,0
0.6878507,1
0.21452357,0
0.0063245213,0
0.711323,0
0.08046272,0
0.042284504,0
0.009507399,0
0.01485845,0
0.004543993,0
0.006055826,0
0.08941221,0
0.5613201,0
0.4037781,0
0.011557065,0
0.008285582,0
0.51743776,0
0.0196417,0
0.46058697,0
0.6540492,1
0.0040319776,0
0.82051015,1
0.8024341,1
0.00700623,0
0.1948735,0
0.83639944,1
0.57758814,0
0.5543682,1
0.773756,1
0.8009624,1
0.010324902,0
0.7134823,1
0.18538645,0
0.36456123,0
0.17980666,0
0.007844588,0
0.8615713,0
0.025459168,0
0.010663849,0
0.54489857,0
0.007878499,0
0.43200484,0
0.14155495,0
0.7525134,0
0.700471,0
0.024466183,0
0.08353007,0
0.85725343,0
0.16711324,0
0.03342139,0
0.5645255,0
0.13107409,0
0.06116778,0
0.2721209,0
0.042888474,0
0.61035967,1
0.044377387,0
0.006409786,0
0.82821953,1
0.005592937,0
0.5912208,1
0.48057976,0
0.0037271844,0
0.0025227475,0
0.6491934,1
0.66384417,0
0.82529694,1
0.008904155,0
0.00898599,0
0.0042607626,0
0.013023015,0
0.003965147,0
0.003852096,0
0.06499562,0
0.49422458,0
0.12140396,0
0.004797063,0
0.007802739,0
0.7843136,0
0.004486757,0
0.8560019,0
0.043985944,0
0.69737613,0
0.0062705027,0
0.2748323,0
0.020142011,0
0.0021598048,0
0.8249209,0
0.1731052,0
0.006865901,0
0.39662915,0
0.26366693,0
0.036822297,0
0.24108158,1
0.5967837,1
0.0020772307,0
0.502145,1
0.008588965,0
0.0039699576,0
0.45524687,0
0.37298062,1
0.25027722,0
0.16040611,1
0.0059595574,0
0.005313976,0
0.78003126,1
0.042966276,0
0.735615,1
0.77571905,0
0.020120583,0
0.21004598,0
0.0055218707,0
0.006478751,1
0.7521868,1
0.002783452,0
0.22073428,0
0.6489305,0
0.016781548,0
0.3733339,0
0.833184,0
0.20999235,0
0.0106656505,0
0.77059263,0
0.0025053872,0
0.040926363,0
0.11094982,0
0.7138197,0
0.77444315,1
0.40208364,0
0.0060916063,0
0.17785047,0
0.11490891,0
0.47257304,0
0.0051462543,0
0.75609964,1
0.14982945,0
0.34448868,1
0.004577398,0
0.085585766,0
0.417885,1
0.52505505,0
0.6098454,0
0.12948348,0
0.5545301,0
0.11989644,0
0.6176255,0
0.017313914,0
0.13981843,0
0.56360024,1
0.024679508,0
0.41962057,0
0.041967854,0
0.00763815,1
0.13894765,0
0.06140741,0
0.5802144,0
0.18835591,0
0.0071948543,0
0.19870046,0
0.054016747,0
0.787562,1
0.6742467,0
0.36682287,0
0.009187606,0
0.4954681,0
0.70017844,0
0.7077949,0
0.59595317,0
0.40075606,0
0.1923137,0
0.23503,0
0.6988478,0
0.5460777,0
0.0061232164,0
0.80922455,0
0.3907001,0
0.113240525,0
0.0068113785,0
0.10705327,0
0.8161542,0
0.63560563,0
0.007798351,0
0.08736496,0
0.78097653,1
0.021124821,0
0.019365083,0
0.23077026,0
0.47919497,0
0.111787364,0
0.6684353,0
0.6582065,1
0.08971811,0
0.69603527,1
0.002551074,0
0.08411089,0
0.2111319,0
0.34272107,0
0.6002638,0
0.013645984,0
0.10438775,0
0.8878258,1
0.01701406,0
0.7042609,0
0.030692644,0
0.41083914,0
0.003697412,0
0.7216349,0
0.0032286674,0
0.03139608,0
0.124223456,0
0.01024716,0
0.7183827,0
0.014104919,0
0.41029483,0
0.015276621,0
0.007730203,0
0.25401142,0
0.20071624,0
0.63030696,0
0.023464503,0
0.0073689013,0
0.5005753,1
0.012724661,0
0.52577084,0
0.31168723,0
0.029975425,0
0.52239364,0
0.028740315,0
0.014439658,0
0.7523987,0
0.014051314,0
0.47529948,0
0.004748509,0
0.0037646233,0
0.7866315,1
0.0023924103,0
0.0020524052,0
0.47988212,0
0.01630979,0
0.006746293,0
0.67484516,0
0.7310592,0
0.002143795,0
0.0059054587,0
0.44732583,0
0.0070222043,0
0.018756894,0
0.0073176776,0
0.7365477,1
0.57778543,0
0.793974,0
0.005383168,0
0.01951491,0
0.04980017,0
0.0037540367,0
0.011140945,0
0.0029827936,0
0.18049122,0
0.6891664,1
0.7113175,1
0.008701013,0
0.03794528,0
0.59170413,0
0.1591391,0
0.5411701,0
0.06603617,0
0.7284803,0
0.85373837,1
0.011199354,0
0.0014423631,0
0.3084222,0
0.013623028,0
0.0025427507,0
0.21721481,0
0.01603093,0
0.0028720065,0
0.004745026,0
0.0035165623,0
0.2779872,0
0.505647,0
0.53034884,0
0.004235035,0
0.69699293,1
0.004708448,0
0.042409956,0
0.6703539,1
0.77899516,0
0.27244434,0
0.8971918,0
0.007487555,0
0.57970446,0
0.20492764,0
0.005274149,0
0.06439164,0
0.007266822,0
0.39448795,0
0.3740388,0
0.7565714,1
0.00284298,0
0.77254295,0
0.7336258,1
0.6949059,0
0.8528717,1
0.0035514543,0
0.57057136,0
0.75493556,1
0.4187747,0
0.037402414,0
0.48816445,0
0.8507134,0
0.016671488,0
0.3122504,0
0.0058592553,0
0.14584467,0
0.7972855,1
0.005165601,0
0.00511231,0
0.0066912407,0
0.2934765,0
0.6263688,0
0.014503906,0
0.079019114,0
0.38984895,0
0.5220766,1
0.0714359,0
0.6040445,0
0.8731756,0
0.46156144,1
0.0130621875,0
0.018712847,0
0.26904926,0
0.5915482,1
0.55713683,0
0.7628136,1
0.7522988,0
0.7777555,0
0.58648676,0
0.73602235,1
0.0053650388,0
0.00568194,0
0.81933475,0
0.0033710983,0
0.105961494,0
0.0044872,0
0.080755785,0
0.0115886405,0
0.3769238,0
0.48415896,0
0.15050758,0
0.6010074,0
0.020483842,0
0.0073712873,0
0.18168075,0
0.4752159,0
0.82864124,0
0.19637007,0
0.509044,0
0.3732643,1
0.0019769545,0
0.0044262465,0
0.21923548,0
0.47853065,0
0.0041901255,0
0.29587057,0
0.5661407,1
0.39855778,0
0.03339258,0
0.40342095,0
0.0044193747,0
0.076346345,0
0.7801391,0
0.5157858,0
0.0038837772,0
0.35668445,0
0.118130825,0
0.6046642,1
0.4652229,1
0.54002154,0
0.0056272866,0
0.06981425,0
0.006588277,0
0.0124078235,0
0.7012335,1
0.4920694,0
0.006242114,0
0.033090778,0
0.73082423,0
0.44722345,1
0.6692167,1
0.05021168,0
0.0051417006,0
0.8151624,1
0.53438616,0
0.03559932,0
0.0037279744,0
0.009021234,0
0.8265694,1
0.74300826,1
0.0039829058,0
0.007105226,0
0.0033906386,0
0.06796834,0
0.69559276,0
0.6985791,0
0.0048483927,0
0.0056752497,0
0.03426455,0
0.81303585,0
0.42687866,0
0.0056015383,0
0.43548968,1
0.0048639863,0
0.029215759,0
0.8017608,1
0.81061924,1
0.3275475,0
0.17674713,0
0.484422,0
0.17604724,0
0.0029914503,0
0.55927455,1
0.021614153,0
0.24838793,0
0.006048219,0
0.32969877,0
0.57808566,0
0.44416714,0
0.032417204,0
0.08466791,1
0.5472702,0
0.547107,0
0.01331001,0
0.80360293,0
0.7106235,0
0.56792986,0
0.17713574,0
0.0058270716,0
0.00449699,0
0.0059953434,0
0.47164223,0
0.24920253,1
0.6777246,0
0.01361265,0
0.3107997,0
0.3904277,1
0.027799042,0
0.4092883,0
0.7848275,1
0.8238333,0
0.0033528209,0
0.7960206,0
0.0033052375,0
0.5162754,0
0.8257156,1
0.7225549,1
0.6599584,1
0.61625916,0
0.022728313,0
0.75805527,0
0.0037506002,0
0.020370623,0
0.0017828319,0
0.7637672,0
0.7172665,0
0.7042623,0
0.002123717,0
0.00704354,0
0.013604668,0
0.7571065,0
0.0037087924,0
0.0034861166,0
0.85672337,1
0.0052794423,0
0.5046582,0
0.6880825,1
0.70170414,0
0.717347,1
0.013318153,0
0.065847516,0
0.0036186103,0
0.7328188,0
0.01109758,0
0.01932335,0
0.45541754,1
0.72500515,0
0.7990822,0
0.8288688,0
0.6337146,1
0.0073803607,0
0.0032222362,0
0.8158663,1
0.32483634,0
0.01667531,0
0.3330879,0
0.2905141,0
0.002883098,0
0.3384264,0
0.41264158,1
0.18648028,1
0.75145286,0
0.6480042,1
0.029810403,0
0.65342665,0
0.0030721433,0
0.62145025,1
0.0052384315,0
0.6391604,1
0.80262333,0
0.30162397,0
0.0617452,0
0.5331949,1
0.032930225,0
0.8829792,1
0.6332266,0
0.08853913,0
0.85975933,1
0.0041766833,0
0.009512314,0
0.55240905,0
0.580925,1
0.49450308,0
0.8709071,1
0.010790235,0
0.0065288246,0
0.49438965,1
0.06439591,0
0.0023999778,0
0.61482626,0
0.8859896,0
0.5707131,0
0.7288158,1
0.084182,0
0.6305124,0
0.0067902314,0
0.7484505,1
0.8588691,0
0.27047312,0
0.62777996,0
0.07029604,0
0.7302364,1
0.0076319645,0
0.5094462,1
0.42189595,0
0.18090378,0
0.024549475,0
0.0075318166,0
0.29689685,1
0.74855095,0
0.5414291,0
0.20092598,0
0.50591,0
0.09971834,0
0.0018752795,0
0.0023434947,0
0.32586053,0
0.1328922,0
0.43594468,0
0.7350567,1
0.038238354,0
0.08791418,0
0.002034694,0
0.05946457,0
0.0037894014,0
0.24243033,0
0.0071297647,0
0.18302423,0
0.0027000138,0
0.0033476797,0
0.032640934,0
0.13373181,0
0.110405356,0
0.557398,0
0.7006234,0
0.22327772,0
0.009870801,0
0.81103647,0
0.004039614,0
0.77815497,0
0.2492501,0
0.00809849,0
0.017505137,0
0.00232042,0
0.09905332,0
0.03790492,0
0.39906606,1
0.25641984,0
0.35561028,0
0.02095968,0
0.010668911,0
0.6875905,0
0.24334985,0
0.21002716,0
0.80339617,0
0.72309417,0
0.7656476,0
0.46854874,0
0.26578417,0
0.0853465,0
0.32717958,0
0.02697889,0
0.6969947,0
0.062964745,0
0.023495719,0
0.6690124,1
0.04167827,0
0.4817201,0
0.024064412,0
0.20085378,0
0.23830217,0
0.4932189,0
0.14898719,0
0.5873494,0
0.77908933,1
0.007722114,0
0.049964614,0
0.008024631,0
0.4260831,0
0.019207457,0
0.38929883,0
0.5900881,0
0.32107812,0
0.7780314,0
0.0047907657,0
0.010604065,0
0.005700775,0
0.5818681,0
0.02941388,0
0.0083095515,0
0.6442273,0
0.13025102,0
0.5396874,0
0.5293612,0
0.005672118,0
0.72422177,0
0.0021003045,0
0.6644028,0
0.006216201,0
0.096921474,0
0.6063248,0
0.38711646,1
0.0042798016,0
0.09467348,0
0.031826753,0
0.30621848,0
0.8964922,1
0.0063067693,0
0.048164397,0
0.0022935388,0
0.009664647,0
0.30295992,0
0.0036516848,0
0.0047124657,0
0.76008624,0
0.60888124,0
0.11678066,0
0.8418422,1
0.73415583,0
0.009778505,0
0.5329111,1
0.037343632,0
0.022415804,0
0.020218216,0
0.2379173,0
0.04183662,0
0.65674514,0
0.917376,1
0.006123719,0
0.64122266,0
0.4093871,0
0.09691218,0
0.23122194,0
0.6244786,1
0.5639958,0
0.45605206,0
0.41681182,1
0.003937271,0
0.011718998,0
0.68441266,1
0.55455,0
0.6971062,1
0.12032588,0
0.63759124,0
0.030245125,0
0.0023063945,0
0.10064942,0
0.6406371,0
0.0077685444,0
0.013477548,0
0.07650784,0
0.82029396,1
0.09621626,0
0.027433284,0
0.03685401,0
0.11993386,0
0.0051698666,0
0.005072855,0
0.17174864,0
0.029620942,0
0.0047769314,0
0.6521073,0
0.011145233,0
0.0036034507,0
0.1991249,0
0.07725912,0
0.635535,0
0.7677688,0
0.47032675,1
0.33642492,0
0.010585261,0
0.040480573,0
0.023381416,0
0.0068459953,0
0.47589538,0
0.054444946,0
0.0020394595,0
0.020882169,0
0.60230225,0
0.7354032,1
0.0718798,0
0.0030494377,0
0.35355115,0
0.40648422,0
0.07805154,0
0.22150435,0
0.012915475,0
0.002537501,0
0.16399105,0
0.6358274,0
0.007128418,0
0.6695877,0
0.28332213,0
0.08143429,0
0.30854604,0
0.012012046,0
0.0041688844,0
0.020613171,0
0.104362056,0
0.55291843,0
0.008335538,0
0.56201726,1
0.2569065,0
0.8445167,1
0.0056763394,0
0.009351719,0
0.8117854,0
0.1528083,0
0.004793747,0
0.032233115,0
0.45238057,0
0.42189714,0
0.00614026,0
0.7871174,0
0.74253213,0
0.78113055,0
0.30324286,0
0.70807475,1
0.8495589,0
0.7149124,0
0.80028135,1
0.703644,0
0.791781,0
0.08108491,0
0.13882838,0
0.0031000979,0
0.04174728,0
0.005583218,0
0.027163448,0
0.032808136,0
0.07717002,0
0.7907049,1
0.0030532149,0
0.299044,0
0.086757995,0
0.3101656,0
0.5659786,0
0.6075567,0
0.723696,0
0.006571875,0
0.2557968,0
0.008059101,0
0.003640787,0
0.32582927,0
0.45538613,0
0.098285295,0
0.012165447,0
0.004929097,0
0.054606546,0
0.6608965,1
0.005717023,0
0.019325117,0
0.060709447,0
0.46375164,0
0.0041837757,0
0.1112294,0
0.006593834,0
0.5738692,0
0.5906859,0
0.013889114,0
0.0050484166,0
0.5384313,0
0.07431487,0
0.6107348,1
0.0068553938,0
0.75848424,1
0.7309441,0
0.02257413,0
0.7843257,1
0.10063966,0
0.086438306,0
0.16356917,0
0.635772,0
0.0057795667,0
0.017959472,0
0.015439246,0
0.7119074,0
0.2267698,0
0.007166255,0
0.0056369808,0
0.39229965,1
0.021749226,0
0.33452085,0
0.25910315,0
0.0026239366,0
0.13264588,0
0.22312869,0
0.39999223,1
0.69512653,1
0.3417039,0
0.8654129,1
0.003908785,0
0.7031271,1
0.38870764,0
0.52705866,0
0.304726,0
0.032297608,0
0.2349669,0
0.018292775,0
0.37073332,1
0.4834328,0
0.0069728857,0
0.0034887418,0
0.12205091,0
0.023575913,0
0.4434299,0
0.77138823,0
0.012831298,0
0.013769945,0
0.52395225,0
0.63561636,0
0.0053101773,0
0.008639374,0
0.022116676,0
0.3422732,0
0.7388163,1
0.3861974,1
0.038436837,0
0.6807247,0
0.7328478,0
0.003125945,0
0.8784701,1
0.006810634,0
0.87244785,0
0.2799848,0
0.7636217,0
0.0015601612,0
0.014441044,0
0.019853368,0
0.4245386,0
0.74909556,0
0.24966842,0
0.00938189,0
0.8330647,0
0.07480162,0
0.6964415,1
0.7173858,0
0.09147769,0
0.6642998,0
0.38018405,0
0.06242646,0
0.28831887,0
0.0024050085,0
0.8048075,0
0.028819473,0
0.22111973,0
0.5257436,0
0.0019694234,0
0.19756497,0
0.6655172,1
0.8428973,0
0.52786994,0
0.4053341,0
0.347209,0
0.40822804,0
0.09110451,0
0.8335924,0
0.0059284917,0
0.8496271,0
0.0029423411,0
0.229202,1
0.5457996,0
0.07531988,0
0.87676233,0
0.7222347,0
0.005271508,0
0.46168116,1
0.0686077,0
0.18631311,0
0.58907473,0
0.3484173,0
0.057142086,0
0.00478388,0
0.006522635,0
0.39447215,0
0.00347909,0
0.47722948,0
0.35714388,0
0.0027617207,0
0.04709882,0
0.853216,1
0.024761392,0
0.53350955,0
0.10930659,0
0.6612373,0
0.7493565,0
0.0048155445,0
0.38439783,0
0.018529626,0
0.558146,0
0.0020229318,0
0.37853786,1
0.87286675,1
0.68561006,0
0.014702094,0
0.1989156,0
0.25264227,0
0.535978,0
0.34115633,0
0.0021145632,0
0.007243824,0
0.7453071,1
0.23844251,0
0.42671537,0
0.011816333,0
0.0015874737,0
0.7618032,0
0.49570456,1
0.1202336,0
0.012006547,0
0.006479104,0
0.011377113,0
0.012781358,0
0.005249852,0
0.00464245,0
0.0031206892,0
0.057183612,1
0.019307649,0
0.004463353,0
0.026566798,0
0.42966512,0
0.549085,0
0.060489636,0
0.5930054,1
0.4215043,1
0.70858014,0
0.06309728,0
0.008739847,0
0.5364152,1
0.005003177,0
0.89711887,1
0.5528193,0
0.024028946,0
0.096318774,0
0.733654,0
0.20722088,1
0.0316456,0
0.004291212,0
0.06508482,0
0.12243181,0
0.8146853,0
0.7586835,0
0.5857194,0
0.7206698,1
0.20663986,0
0.31456494,0
0.006757645,0
0.0038481131,0
0.009083822,0
0.010439888,0
0.17887057,0
0.0044067963,0
0.20506735,0
0.10877269,0
0.8129257,0
0.003573627,0
0.039718673,0
0.040321104,0
0.7895202,1
0.018149225,0
0.12982893,0
0.4165763,0
0.07041186,0
0.7067228,0
0.025335362,0
0.79989976,0
0.7527912,1
0.005740198,0
0.015696185,0
0.18847689,0
0.034378584,0
0.0028561945,0
0.0059659644,0
0.57435215,1
0.0019292312,0
0.5759021,0
0.7509725,1
0.0065837563,0
0.33208787,0
0.5705874,0
0.013498105,0
0.0064334255,0
0.039633308,0
0.0043713176,0
0.9055553,1
0.0066618402,0
0.69375557,1
0.4213576,0
0.63816476,1
0.22480915,0
0.7049371,1
0.38286272,0
0.09373782,0
0.015027398,0
0.089439206,0
0.9034349,1
0.83998173,1
0.063268825,0
0.5292038,0
0.033076774,0
0.809818,1
0.12889871,0
0.010707807,0
0.035566896,0
0.027577762,0
0.6252323,0
0.004777473,0
0.1253759,0
0.0017803438,0
0.094100446,0
0.0038020802,0
0.0019110771,0
0.0045350273,0
0.5630273,1
0.026050461,0
0.44439933,0
0.16506878,0
0.5078486,0
0.252375,0
0.004359589,0
0.5411996,0
0.38801122,0
0.3108762,0
0.52765864,1
0.6494192,0
0.3400606,0
0.55672544,1
0.85955733,1
0.8172626,1
0.40947053,0
0.0023830466,0
0.23003547,0
0.6392012,0
0.7083344,0
0.7015112,0
0.30520484,0
0.0038822556,0
0.13623624,0
0.49294275,0
0.004251588,0
0.018204866,0
0.785285,1
0.30878168,1
0.8539612,0
0.8513229,0
0.026338123,0
0.18581952,0
0.27171627,0
0.47972196,0
0.0071513797,0
0.004437479,0
0.0064428044,0
0.0065251947,0
0.09590887,0
0.0052646766,0
0.75023586,0
0.82691836,1
0.05319157,0
0.0050526075,0
0.37754586,0
0.001669665,0
0.24658495,0
0.0035668397,0
0.019356184,0
0.045472234,0
0.012087037,0
0.13065432,0
0.007984553,0
0.82633364,0
0.0026160942,0
0.02611726,0
0.86489975,1
0.0029121463,0
0.43900988,1
0.007227817,0
0.58365524,0
0.13756475,0
0.016414976,0
0.7888753,0
0.010213738,0
0.0021167556,0
0.72492355,1
0.00778241,0
0.16859391,0
0.16043748,0
0.32138163,0
0.037053723,0
0.00621088,0
0.07030759,0
0.31013256,0
0.408216,0
0.005860856,0
0.66569394,0
0.84633946,1
0.039907187,0
0.10370993,0
0.49512467,0
0.069530234,0
0.63010466,0
0.027254315,0
0.08156984,0
0.046010505,0
0.56551814,0
0.11849996,0
0.012205954,0
0.00833285,0
0.0039258357,0
0.006066446,0
0.008289203,0
0.44908145,0
0.055684347,0
0.012359867,0
0.012269848,0
0.01790779,0
0.6011288,0
0.13464491,0
0.113200426,0
0.08255961,0
0.014187204,0
0.055199,0
0.02549896,1
0.7446648,0
0.24288754,0
0.32550934,0
0.0050165895,0
0.0031080807,0
0.008840926,0
0.6327094,0
0.005574419,0
0.0029057735,0
0.81927264,0
0.69213253,0
0.0025465086,0
0.38933328,0
0.098033756,0
0.47280136,1
0.46302086,1
0.54962677,0
0.0075001246,0
0.35100752,0
0.018251324,0
0.8357357,1
0.081795655,0
0.7951219,0
0.5611761,0
0.028249515,0
0.56288236,0
0.0039895508,0
0.6902969,0
0.5528412,1
0.0038826852,0
0.30286828,0
0.005937224,0
0.0032289345,0
0.5696213,1
0.103514664,0
0.6175282,0
0.90431774,1
0.013771141,0
0.8948692,0
0.5440424,0
0.83372706,1
0.53671855,0
0.0029705607,0
0.38499647,0
0.82165724,1
0.7157507,0
0.62750065,0
0.84274936,0
0.023031702,0
0.7021846,1
0.3558794,0
0.0066492623,0
0.005254702,0
0.700994,1
0.70326203,1
0.010649351,0
0.36058965,0
0.608312,0
0.42171627,0
0.62719035,1
0.0030336515,0
0.0024900758,0
0.7854418,1
0.5245684,0
0.213002,0
0.0028494464,0
0.036081553,0
0.013376074,0
0.05214894,0
0.3657483,0
0.002692148,0
0.68753594,0
0.68393594,1
0.011825735,0
0.6116957,0
0.5885426,0
0.3002126,0
0.25426525,0
0.798905,0
0.500808,0
0.8616803,0
0.011054114,0
0.37279806,0
0.34230095,0
0.22235744,0
0.8163115,1
0.8363629,0
0.07348929,0
0.6714303,1
0.8228888,1
0.01679629,0
0.26148492,0
0.007917083,0
0.49175462,0
0.14844993,0
0.7011483,0
0.003875903,0
0.24192913,0
0.009030362,0
0.25742403,0
0.008579265,0
0.48442537,0
0.29638693,0
0.6559693,0
0.009578408,0
0.061842285,0
0.009732322,0
0.5453697,0
0.19153394,0
0.85355663,0
0.38558117,0
0.11838803,0
0.71431047,0
0.0045984276,0
0.0263192,0
0.65101165,1
0.0022180153,0
0.007372177,0
0.6831379,1
0.3710438,0
0.002628253,0
0.0020865172,0
0.03524171,0
0.84886897,0
0.7956011,1
0.026885632,0
0.41560563,0
0.73818177,1
0.008901534,0
0.82998306,1
0.0015030103,0
0.02078855,0
0.5669715,0
0.008421701,0
0.7160821,1
0.13601406,0
0.0019434338,0
0.82450527,0
0.09767334,0
0.02085603,0
0.51137906,0
0.68973434,0
0.68625486,0
0.08078591,0
0.0042238166,0
0.757015,0
0.0019164528,0
0.002964538,0
0.27524903,0
0.54160297,0
0.003858467,0
0.14958723,0
0.45182255,0
0.4922787,0
0.45608196,0
0.7199632,1
0.56394845,0
0.08772696,0
0.0017170273,0
0.48796907,0
0.009253073,0
0.7109528,1
0.8791723,0
0.004766576,0
0.31926635,0
0.0047358023,0
0.6581937,0
0.8284551,1
0.26819676,0
0.008378131,0
0.020450301,0
0.8951296,1
0.04082471,0
0.44324452,0
0.01798152,0
0.1753663,1
0.020175783,0
0.0034239404,0
0.61165124,0
0.076007485,0
0.017147865,0
0.019034578,0
0.0050974838,0
0.0029501626,0
0.007202419,0
0.0051462348,0
0.6393433,0
0.0025158285,0
0.31093195,1
0.8307864,1
0.7318365,1
0.00641389,0
0.6351559,1
0.043129563,0
0.0049513327,0
0.0046926737,0
0.0040259752,0
0.12355157,0
0.015779791,0
0.005857167,0
0.05064681,0
0.7740245,0
0.47325602,0
0.37199712,1
0.0049327817,0
0.72599226,0
0.03491342,0
0.58815265,1
0.026223866,0
0.030006388,0
0.04706084,0
0.006823619,0
0.44471127,0
0.3063059,0
0.004210397,0
0.71372515,0
0.74153316,0
0.7116353,0
0.42242053,0
0.05467092,0
0.7918816,1
0.6907437,0
0.42821455,1
0.7642566,0
0.2892302,0
0.13690858,0
0.09926672,0
0.39584845,0
0.7854107,0
0.021268757,0
0.6678308,0
0.85432357,1
0.09088403,0
0.018433083,0
0.8088822,1
0.70214576,1
0.05472663,0
0.04153087,0
0.0027061491,0
0.006443144,0
0.6239224,1
0.4377494,0
0.5933767,0
0.0045491057,0
0.4098051,0
0.13242587,0
0.5856571,0
0.8117883,1
0.18856323,0
0.0029006382,0
0.37975183,0
0.038142946,0
0.6651922,0
0.4704894,1
0.0038986113,0
0.007352165,0
0.5458461,0
0.7321644,0
0.87995774,1
0.79932964,1
0.019590067,0
0.006496159,0
0.00364095,0
0.5736619,0
0.12531999,0
0.1603644,0
0.65126806,0
0.4512973,1
0.7236519,0
0.49897718,0
0.39515182,0
0.0066199317,0
0.0038764179,0
0.8814806,1
0.8171017,1
0.00466543,0
0.676183,1
0.055886723,0
0.50933176,0
0.022219092,0
0.48011336,0
0.057563737,0
0.51638854,0
0.0019422077,0
0.27985248,0
0.8377835,1
0.36143318,1
0.41878954,0
0.50652623,1
0.2563737,0
0.095342435,0
0.3990842,0
0.004963693,0
0.014362119,0
0.9189579,1
0.0025621413,0
0.0056649237,0
0.32887924,0
0.004382657,0
0.008736295,0
0.16080263,0
0.005454816,0
0.47139087,0
0.22599497,0
0.14823797,0
0.5483395,1
0.033491995,0
0.010097795,0
0.01871118,0
0.2648715,0
0.8080532,0
0.034367464,0
0.021496598,0
0.6302868,0
0.0067133536,0
0.00494016,0
0.64651155,1
0.39267194,1
0.5320975,0
0.0065352973,0
0.0068406602,0
0.021671442,0
0.5150257,0
0.7289302,1
0.783061,0
0.35560596,0
0.12320207,0
0.14281197,0
0.14092664,1
0.5830961,0
0.0026230223,0
0.037845664,0
0.74092,0
0.13892336,0
0.3060756,1
0.015029705,0
0.030203618,0
0.6465923,0
0.0033945984,0
0.5658042,1
0.001670417,0
0.07327673,0
0.013328277,0
0.007829841,0
0.008123867,0
0.010590461,0
0.15729034,0
0.7345852,0
0.6154289,0
0.042906806,0
0.015929585,0
0.069527335,0
0.005626302,0
0.007911718,0
0.0052286726,0
0.33285233,0
0.69053644,1
0.036312174,0
0.1953542,0
0.75545776,1
0.24787273,0
0.2704389,1
0.037389796,0
0.22489262,0
0.28774583,0
0.54518247,0
0.7130524,0
0.019681882,0
0.72892994,0
0.57218605,0
0.033527337,0
0.391584,0
0.009581312,0
0.38647714,0
0.7544906,0
0.4247269,0
0.015740264,0
0.46556166,0
0.3707261,0
0.8096709,0
0.48147118,0
0.031440977,0
0.49974057,0
0.013313824,0
0.32943472,0
0.0022884456,0
0.6935188,0
0.36809537,0
0.08829976,1
0.100114256,0
0.11887831,0
0.02477381,0
0.18098351,0
0.45863298,0
0.37241754,0
0.006411863,0
0.8357674,1
0.20583278,0
0.010217028,0
0.07288923,0
0.13479394,0
0.53927124,1
0.00582275,0
0.6508798,1
0.80860883,0
0.15942064,0
0.58010304,0
0.22049099,0
0.042019676,0
0.4213627,0
0.003950884,0
0.76466465,0
0.37609088,0
0.66236943,1
0.07468336,0
0.6539156,0
0.55941206,0
0.025363643,0
0.4708861,0
0.002506251,0
0.008561555,0
0.5203599,0
0.3644548,0
0.05316018,0
0.007032836,0
0.0051299725,0
0.020864513,0
0.0077636577,0
0.21345825,1
0.5285275,1
0.12194157,0
0.05335154,0
0.48180208,0
0.019012148,0
0.4897056,0
0.6148084,1
0.33928818,0
0.23300166,0
0.31051084,0
0.024248395,0
0.6511667,0
0.29636016,0
0.14265406,0
0.21202521,0
0.003410026,0
0.16303743,0
0.004227898,0
0.7468491,1
0.7930272,1
0.0027520903,0
0.77847666,1
0.08114145,0
0.7027608,0
0.001524379,0
0.8163305,0
0.57554257,0
0.035179924,0
0.27328676,0
0.047281966,0
0.012538472,0
0.15627469,0
0.69649255,0
0.67421097,0
0.0061885514,0
0.0070504295,0
0.2809721,0
0.35971683,0
0.009408994,0
0.61736697,0
0.64718163,0
0.010658914,0
0.0145866005,0
0.6094156,1
0.004707557,0
0.0037463708,0
0.015410358,0
0.6341062,0
0.5672745,0
0.51867896,0
0.8657588,1
0.030817615,0
0.08835857,0
0.77395105,0
0.9142622,1
0.0016864776,0
0.15851964,0
0.3102434,0
0.010444519,0
0.17773782,0
0.028191768,0
0.4430154,0
0.632361,1
0.041727502,0
0.50604796,1
0.005411402,0
0.09767389,0
0.0022981588,0
0.68761176,1
0.77618074,0
0.3504206,0
0.058792446,0
0.0894957,0
0.06049277,0
0.7917597,1
0.3045075,0
0.60620105,0
0.1643204,0
0.90400004,0
0.4277414,0
0.8052256,0
0.4510593,0
0.79782695,1
0.04180485,0
0.02048635,0
0.008968075,0
0.4448958,0
0.7459648,1
0.0026658247,0
0.0026838903,0
0.42342383,0
0.016220106,0
0.39619184,0
0.43817547,0
0.05772898,0
0.035767544,0
0.5523678,0
0.049566973,0
0.008115402,0
0.041359104,0
0.78016573,0
0.46359393,0
0.0024229528,0
0.00950037,0
0.005391771,0
0.015536113,0
0.6477102,0
0.0072928425,0
0.5338709,0
0.608194,0
0.04419733,0
0.566544,0
0.044499107,0
0.33531466,0
0.0060892105,0
0.8008002,1
0.005218554,0
0.0027823562,0
0.75899315,0
0.015825758,0
0.004853173,0
0.55004764,0
0.23074591,0
0.5866163,0
0.009060109,0
0.045027252,0
0.007784767,0
0.0050855083,0
0.005710007,0
0.8375445,1
0.076426886,0
0.01169194,0
0.36610904,0
0.0034488249,0
0.3503963,0
0.83306575,1
0.08194764,0
0.6608162,0
0.7518184,0
0.29907238,0
0.48021418,1
0.44806805,0
0.0018348761,0
0.85771143,0
0.37921014,0
0.13001308,0
0.07279199,0
0.0031120912,0
0.024029208,0
0.14485899,0
0.20627713,0
0.5117157,0
0.4995341,0
0.3880336,0
0.78272474,1
0.004160997,0
0.7025849,1
0.04174393,0
0.3022499,0
0.6588047,1
0.004395161,0
0.0018072056,0
0.025862463,0
0.5702783,0
0.3506429,0
0.83855206,1
0.3550745,0
0.228901,0
0.7781714,1
0.0044830204,0
0.62752944,0
0.010348301,0
0.7463412,0
0.006802678,0
0.0117332935,0
0.09478675,1
0.0041689416,0
0.002434901,0
0.8156313,0
0.8199668,0
0.5967961,0
0.4688151,0
0.008244569,0
0.01860705,0
0.033655886,0
0.8637054,1
0.0061106645,0
0.27764323,1
0.1646151,0
0.25532946,0
0.045291726,0
0.7487008,0
0.007039289,0
0.7784612,0
0.002301542,0
0.0033238572,0
0.7009628,1
0.7761445,0
0.0036824779,0
0.39043018,0
0.10995155,0
0.7631987,1
0.0014795144,0
0.8243588,1
0.005136557,0
0.0022937797,0
0.22871946,0
0.44917268,0
0.73659456,0
0.00340879,0
0.043843925,0
0.010029538,0
0.01232343,0
0.22953057,0
0.008520425,0
0.3587597,0
0.37358636,0
0.8429642,0
0.0075236196,0
0.23974307,0
0.0060138856,0
0.25654596,0
0.07914336,0
0.0031513046,0
0.84756017,0
0.18529938,0
0.005900509,0
0.6483057,1
0.5741481,1
0.0039548026,0
0.34487107,0
0.52612585,1
0.19770071,1
0.6755178,0
0.018679133,0
0.68832386,0
0.39023584,0
0.19507702,0
0.21682757,0
0.17454678,0
0.005703443,0
0.022764793,0
0.071731485,0
0.0148165785,0
0.6622678,0
0.06408781,0
0.06221442,0
0.18478708,0
0.47067484,0
0.6180736,1
0.25386015,1
0.030271519,0
0.43660232,1
0.6578709,1
0.5275967,0
0.0037675484,0
0.53754574,0
0.008295273,0
0.67581195,0
0.005164097,0
0.022796076,0
0.0899925,0
0.034504812,0
0.003800237,0
0.8502172,0
0.8746311,0
0.74917054,1
0.3385658,1
0.42973307,0
0.19367413,0
0.848811,0
0.7725802,1
0.038913928,0
0.8623287,0
0.65332365,0
0.5081517,1
0.4557536,0
0.009788086,0
0.71866345,1
0.7607542,0
0.5186293,0
0.6666464,0
0.004086084,0
0.0066739335,0
0.25173488,0
0.018930838,0
0.013568861,0
0.37740913,1
0.008605555,0
0.40839827,0
0.008294642,0
0.7780762,1
0.0020793017,0
0.64871013,0
0.010630974,0
0.004569709,0
0.5430793,1
0.020476477,0
0.31967607,0
0.63477445,0
0.20374462,0
0.03786597,0
0.6613434,0
0.014422861,0
0.67877835,0
0.18618062,0
0.0048176907,0
0.31995526,0
0.0049479553,0
0.7233626,1
0.0058676354,0
0.7052222,1
0.2308356,0
0.50631607,1
0.7862766,0
0.638305,0
0.53165174,0
0.20921764,0
0.012323825,0
0.09194952,0
0.007954375,0
0.00889104,0
0.5545407,1
0.07589033,0
0.59685546,0
0.0019946385,0
0.0863679,0
0.14090677,0
0.6570722,0
0.043670207,0
0.1214789,0
0.3635993,0
0.3472675,1
0.36158845,0
0.09021491,0
0.0017662629,0
0.8562234,1
0.02895957,0
0.78508985,1
0.3682487,1
0.48899937,0
0.0063075675,0
0.0057095224,0
0.80935776,1
0.003788903,0
0.003616211,0
0.28056455,0
0.0047493023,0
0.79124314,1
0.42848077,0
0.19249241,0
0.1054759,0
0.10628491,0
0.56229025,0
0.39964265,0
0.02256541,0
0.0033337434,0
0.0069421157,0
0.16754222,0
0.8448277,1
0.84571344,0
0.8078703,0
0.59627813,1
0.83538944,1
0.46367747,0
0.6789817,0
0.004531324,0
0.07002664,1
0.04818295,0
0.8916289,1
0.72630143,0
0.8891195,0
0.83226013,0
0.0011865648,0
0.7330065,0
0.7888845,0
0.0076855565,0
0.37003118,0
0.037419092,0
0.003580185,0
0.25984624,0
0.6976713,0
0.7110276,0
0.40130493,0
0.004335022,0
0.15432674,0
0.84894025,0
0.5813488,0
0.7654374,0
0.8870598,0
0.031190353,0
0.2739085,0
0.6806694,1
0.73880893,0
0.008159698,0
0.27529585,0
0.38761574,0
0.25201157,0
0.09187098,0
0.4923752,0
0.061540037,0
0.69761103,0
0.6400284,0
0.06338007,0
0.60151577,0
0.7513338,1
0.40651667,0
0.006427107,0
0.16758348,0
0.29177806,0
0.005801957,0
0.47761533,1
0.0068537677,0
0.07883382,0
0.026196457,0
0.65062124,1
0.016501758,0
0.025643373,0
0.0024188936,0
0.68183476,1
0.0053706723,0
0.56205183,0
0.0032049883,0
0.78668976,1
0.56378317,0
0.042375423,0
0.2342292,0
0.06860323,0
0.6129383,0
0.09632026,0
0.020425402,0
0.0063184737,0
0.63538337,0
0.0018719897,0
0.67032284,1
0.003784165,0
0.7683814,0
0.476805,0
0.47830305,0
0.5341292,1
0.741098,1
0.44185695,0
0.8575639,0
0.014564897,0
0.016693499,0
0.005837334,0
0.72776735,0
0.030384278,0
0.010337023,0
0.0040925937,0
0.49185634,0
0.22527044,0
0.86920696,1
0.6891017,0
0.016889717,0
0.008965629,0
0.115358725,0
0.8616993,0
0.43001783,0
0.1167569,0
0.011525329,0
0.0029507116,0
0.597882,1
0.003184351,0
0.79017067,0
0.0068721785,0
0.1965072,0
0.08122503,0
0.6180641,1
0.012515238,0
0.0035302106,0
0.028693944,0
0.20846914,0
0.6509354,0
0.011546018,0
0.044491477,0
0.49424344,0
0.22228718,0
0.19073229,0
0.08315473,0
0.024022596,0
0.53247863,0
0.47894254,1
0.8022607,1
0.070085585,0
0.11908532,0
0.79521346,1
0.0038239933,0
0.004964916,0
0.73179746,0
0.052623834,0
0.6223302,1
0.005178961,0
0.08863518,0
0.0049444744,0
0.0039980807,0
0.48260927,1
0.7758362,0
0.22268072,0
0.7269505,1
0.0021849286,0
0.031768456,0
0.057483602,0
0.6896031,0
0.19899668,0
0.005525019,0
0.47460374,1
0.016129512,0
0.004987232,0
0.52494997,0
0.42298084,0
0.0022745694,0
0.041870546,0
0.5303002,1
0.7455283,1
0.31730238,0
0.46837157,0
0.71776927,1
0.8077207,0
0.6894262,1
0.181228,0
0.028447155,0
0.84352684,0
0.63972336,1
0.5995673,0
0.31622154,0
0.07653895,0
0.0019128305,0
0.006067987,0
0.7361644,0
0.1566539,0
0.6853164,1
0.06973715,0
0.78908277,1
0.5179212,0
0.2065643,0
0.2180519,1
0.3885999,0
0.012770546,0
0.014991803,0
0.48325807,0
0.16908836,0
0.22854106,0
0.8557251,0
0.0044801827,0
0.0028533642,0
0.15085375,0
0.2703179,0
0.45744184,0
0.7432803,0
0.0111895,0
0.49117628,0
0.013617165,0
0.052688893,0
0.7698769,0
0.6975206,0
0.003077426,0
0.039976772,0
0.88531774,0
0.06746358,0
0.08851043,0
0.4683047,0
0.7416317,0
0.028213434,0
0.6952853,0
0.004350968,0
0.2989003,0
0.8352317,0
0.10688266,0
0.015072367,0
0.5275453,0
0.029200528,0
0.5919372,0
0.046881605,0
0.7078006,0
0.33690643,0
0.007180776,0
0.0038665836,0
0.03272396,0
0.64501184,0
0.002899807,0
0.47101292,0
0.0047131297,0
0.032429487,0
0.5114866,0
0.0019403517,0
0.5818964,0
0.008687394,0
0.003666965,0
0.18306246,0
0.06672837,0
0.10956837,0
0.69924486,1
0.42049527,1
0.71038693,0
0.4944951,0
0.6569224,1
0.20377177,0
0.56980616,0
0.0031146028,0
0.80839676,0
0.39476612,1
0.051488865,0
0.8569468,0
0.4365581,0
0.82013714,0
0.70648855,1
0.004166246,0
0.011741043,0
0.019926678,0
0.26188,0
0.060350977,0
0.27585194,0
0.068174385,0
0.36968833,0
0.08445158,1
0.0029520586,0
0.014095676,0
0.7285588,0
0.012110662,0
0.006539367,0
0.21051177,0
0.793378,1
0.02211103,0
0.0051068924,0
0.7147913,1
0.76693493,1
0.7537915,0
0.7715363,1
0.025665881,0
0.22273722,0
0.0027879435,0
0.0059137433,0
0.6819282,0
0.0048341034,0
0.48017493,0
0.041916136,0
0.067717135,0
0.6409768,1
0.2991622,0
0.0022995074,0
0.008782101,0
0.2163804,1
0.48134708,0
0.5505347,0
0.7276793,0
0.18384016,0
0.4967392,0
0.26727667,0
0.33551723,0
0.26500225,0
0.061645854,0
0.5010553,1
0.017115742,0
0.002932868,0
0.71587026,1
0.43891472,0
0.7494447,1
0.02356757,0
0.10976908,0
0.29952782,0
0.0026526998,0
0.0035313712,0
0.13440788,1
0.29730353,0
0.05152235,0
0.02679854,0
0.099646844,0
0.1749971,0
0.0034665552,0
0.3510779,0
0.0041986937,0
0.29772714,0
0.71284044,1
0.70615244,1
0.71823204,0
0.002362228,0
0.0052767294,0
0.004687461,0
0.108439945,0
0.07713629,0
0.044306252,0
0.04371573,0
0.67940533,1
0.114980824,0
0.73942226,1
0.0037209413,0
0.084018886,0
0.034222875,0
0.7563666,0
0.29121876,0
0.39989582,0
0.8120706,1
0.83553636,0
0.66074467,1
0.14833994,0
0.02370396,0
0.13968545,0
0.0031941936,0
0.02983243,0
0.4548202,0
0.0025932873,0
0.005613988,0
0.8287869,0
0.0057726526,0
0.0059353183,0
0.6161104,1
0.010313717,0
0.014047234,0
0.54811716,0
0.4816421,1
0.33818597,1
0.0034451757,0
0.6785676,0
0.34009096,0
0.8343717,0
0.6211496,1
0.4446703,1
0.0041596536,0
0.35106692,0
0.6290428,1
0.0043119844,0
0.0022309471,0
0.47775376,0
0.060730748,0
0.011611133,0
0.011687049,0
0.0050585414,0
0.82098025,1
0.17372967,0
0.6410613,1
0.47679037,0
0.09876399,0
0.0043428023,0
0.004582415,0
0.7189932,0
0.31792587,0
0.0024722537,0
0.82897174,0
0.39820382,1
0.37882602,0
0.003290617,0
0.24769804,0
0.39865464,0
0.0108939335,1
0.52775,0
0.14227134,0
0.003935009,0
0.6734117,0
0.7000779,1
0.17080484,0
0.004442203,0
0.034972332,0
0.8282473,1
0.6512618,1
0.59313726,1
0.022935012,0
0.015401873,0
0.7640372,0
0.023979433,0
0.30311787,0
0.36417323,0
0.0034781478,0
0.56406283,0
0.74718326,0
0.0024796168,0
0.55556905,0
0.005026441,0
0.64347214,0
0.01857396,0
0.07253151,0
0.7383522,0
0.53020906,0
0.18374877,0
0.12606871,0
0.746147,1
0.5425715,1
0.5084511,0
0.27895528,0
0.8084443,0
0.094515406,0
0.011417069,0
0.002946559,0
0.7813538,1
0.005228757,0
0.70557505,1
0.14121222,0
0.7021466,0
0.45479813,0
0.31345513,0
0.5633951,0
0.7953626,1
0.010327032,0
0.0050551514,0
0.0071951468,0
0.0039411103,0
0.7434706,0
0.48418167,0
0.13070981,0
0.046608515,0
0.038222596,0
0.67013234,1
0.005636315,0
0.0035190599,0
0.7053218,1
0.07632231,0
0.26804897,1
0.14335835,0
0.015986761,0
0.03690578,0
0.20658918,0
0.00864111,0
0.0038573584,0
0.0064725727,0
0.014708414,0
0.49195597,0
0.007388074,0
0.69515204,1
0.02303323,0
0.48272267,0
0.13765281,0
0.326974,0
0.5637957,0
0.33980852,0
0.0031781872,0
0.584437,1
0.45203847,0
0.004222654,0
0.2652281,0
0.54870546,1
0.77501065,0
0.006257905,1
0.007377759,0
0.3717947,0
0.09632549,0
0.19479688,0
0.044179495,0
0.00475671,0
0.0039502764,0
0.81015253,0
0.71246994,1
0.8018213,1
0.016550694,0
0.101236045,0
0.7459193,0
0.005774516,0
0.8444808,1
0.0064967987,0
0.11297521,0
0.21763304,0
0.028494598,0
0.7932404,0
0.6166385,0
0.028356066,0
0.09467676,0
0.6251049,1
0.59673387,0
0.7129945,0
0.61727804,0
0.3393507,0
0.42615035,1
0.01824863,0
0.008837589,0
0.0055904263,0
0.646741,0
0.003317817,0
0.56499094,1
0.36388117,0
0.59012955,0
0.31476864,0
0.005796343,0
0.8193089,0
0.60931575,0
0.8369378,1
0.0035652893,0
0.38511828,0
0.55210406,0
0.023001779,0
0.7790745,0
0.69602185,1
0.088289075,0
0.63744557,1
0.57079744,1
0.6479207,0
0.045675766,0
0.35675517,1
0.006013278,0
0.31945816,1
0.17108032,0
0.014706066,0
0.0033484686,0
0.0066094697,0
0.8861713,0
0.7689677,0
0.716249,1
0.43536142,0
0.005269791,0
0.46239576,0
0.38065934,0
0.3195238,0
0.09661689,0
0.0042970204,0
0.018454153,0
0.1845809,0
0.73828876,1
0.76778996,1
0.18026303,0
0.02384355,0
0.011161372,0
0.06550332,0
0.0055089844,0
0.1543709,0
0.3233058,0
0.052972455,0
0.0044073695,0
0.06461869,0
0.00928721,0
0.008661688,0
0.18678203,0
0.008152851,0
0.004192908,0
0.802678,0
0.3101836,1
0.011584065,0
0.8611108,1
0.21200432,0
0.7413362,0
0.28423744,0
0.077101104,0
0.5885594,0
0.16421846,0
0.13120463,0
0.13648856,1
0.8600523,1
0.014851797,0
0.03950602,0
0.7318721,0
0.6608112,0
0.032546267,0
0.09873535,0
0.46740884,1
0.78929925,1
0.17806777,0
0.0652713,0
0.34244594,0
0.011187348,0
0.57448906,0
0.8815749,1
0.50650656,1
0.004406564,0
0.03705165,0
0.027766561,0
0.005997012,0
0.01097498,0
0.03806748,0
0.042117678,0
0.10358048,0
0.0018498263,0
0.009286271,0
0.5160504,0
0.5971896,0
0.0071144435,0
0.20231785,0
0.021242265,0
0.59394246,0
0.4832954,0
0.008399321,0
0.035642393,1
0.1391927,0
0.779364,0
0.2299657,0
0.016140835,0
0.045352716,0
0.008950153,0
0.021711063,0
0.80790275,1
0.58207047,0
0.005600174,0
0.410335,0
0.41464344,1
0.0032341934,0
0.78169876,0
0.08013786,0
0.37980452,0
0.36096898,0
0.33610466,0
0.022569396,0
0.5091255,0
0.66298056,0
0.5755639,0
0.8656681,1
0.2837682,0
0.7369445,0
0.004772302,0
0.0030207585,0
0.11417881,0
0.16275412,0
0.23435652,0
0.02749258,0
0.010625894,0
0.013156297,0
0.43749675,0
0.5439582,0
0.024102025,0
0.0049815704,0
0.039271962,0
0.67758834,0
0.4159276,1
0.39253274,0
0.016408881,0
0.8457016,0
0.44829667,0
0.75709283,0
0.17230047,0
0.003180534,0
0.67605686,0
0.6944943,1
0.4341704,0
0.0054496187,0
0.028902682,0
0.06369379,0
0.0047247442,0
0.0025403835,0
0.0053068288,0
0.049530614,0
0.28598404,0
0.648169,1
0.7325536,1
0.006058906,0
0.039075866,0
0.54054445,0
0.7870155,1
0.21709715,1
0.0056624934,0
0.05449502,0
0.6113916,0
0.004193527,0
0.01618651,0
0.038923316,0
0.7261193,0
0.6029551,1
0.44537464,0
0.7997245,1
0.0029835762,0
0.689962,1
0.0089151785,0
0.1539013,0
0.0086718565,0
0.0061688134,0
0.14032069,0
0.008183771,0
0.04408206,0
0.010823246,0
0.05454455,0
0.062388442,0
0.27215633,0
0.47166663,0
0.0056293765,0
0.09870631,0
0.0034648837,0
0.5319843,0
0.02729398,0
0.65094024,1
0.0041501913,0
0.10770194,0
0.60919756,1
0.071868405,0
0.025771081,0
0.09550685,0
0.28729966,0
0.006862,0
0.7574052,1
0.0062564136,0
0.010929175,0
0.5345534,0
0.3089536,0
0.0033457219,0
0.032921184,0
0.019656418,0
0.7363817,0
0.02191815,0
0.0009909199,0
0.22638917,0
0.8062749,0
0.0034176332,0
0.27207667,0
0.0028621857,0
0.4532093,0
0.095556825,0
0.38249958,0
0.05247016,0
0.0063392282,0
0.042604662,0
0.13996787,0
0.021160638,0
0.7035377,0
0.6538969,1
0.07062592,0
0.62067175,0
0.008273945,0
0.26945528,0
0.0032310605,0
0.0030736758,0
0.7158035,0
0.253427,0
0.6891574,1
0.0015578513,0
0.8855078,1
0.54746026,0
0.0072827213,0
0.16313085,0
0.0032434822,0
0.3473113,0
0.013920871,0
0.152899,0
0.03679279,0
0.011618907,0
0.7537804,0
0.09031944,0
0.7905737,0
0.0030149005,0
0.707739,0
0.22217517,0
0.00370442,0
0.16446973,0
0.6298035,1
0.104629844,0
0.40643382,1
0.76056576,0
0.030259069,0
0.0036645685,0
0.5449961,0
0.2679487,0
0.2747551,0
0.6170976,1
0.0028343229,0
0.0045407605,0
0.18167554,0
0.8941591,1
0.015780687,0
0.027989449,0
0.014382518,0
0.5192641,0
0.24206457,0
0.0041434565,0
0.48846176,1
0.15861262,0
0.074895784,0
0.01946885,0
0.794024,0
0.011942291,0
0.0068886923,0
0.122085184,1
0.021143481,0
0.27390033,0
0.06682682,0
0.5727565,0
0.29192635,0
0.013629629,0
0.40098447,0
0.8101712,0
0.14276241,0
0.76899457,0
0.0040245703,0
0.0035340153,0
0.01212508,0
0.47563803,1
0.7515872,1
0.0031165874,0
0.3941984,0
0.59002537,0
0.15623064,0
0.007680932,0
0.0073199784,0
0.5678257,1
0.0019775436,0
0.0624729,0
0.10115195,0
0.29251468,0
0.0038683377,0
0.36349005,0
0.62878615,0
0.8014585,1
0.8258087,0
0.84123474,1
0.61160445,0
0.13554463,0
0.77724403,1
0.70313376,0
0.057648674,0
0.7187807,1
0.7526441,0
0.7678877,0
0.003386286,0
0.7326174,1
0.0039960737,0
0.6513136,0
0.017591842,0
0.009678206,0
0.07948295,1
0.3663305,0
0.49557593,0
0.0019840552,0
0.7778524,0
0.10931811,0
0.04434747,0
0.17763339,0
0.7852228,1
0.0055678627,0
0.12187305,0
0.85473824,0
0.0036229505,0
0.022627914,0
0.48091722,0
0.7436209,1
0.09079428,0
0.006577207,0
0.84838736,1
0.010866091,0
0.10004068,1
0.102914914,0
0.005442534,0
0.012239955,0
0.005697686,0
0.0028724053,0
0.039493065,0
0.08121241,0
0.396238,0
0.0041206796,0
0.16116406,0
0.08954143,0
0.20421,0
0.0127126025,0
0.07828844,0
0.0043736007,0
0.29755482,0
0.006209432,0
0.11892909,0
0.023871418,0
0.0061388253,0
0.13371384,0
0.005618552,0
0.88386744,0
0.08831538,0
0.07987585,0
0.17687032,0
0.81371886,0
0.0042521977,0
0.5982887,0
0.78026885,1
0.004007407,0
0.910716,1
0.124185905,0
0.0055033728,0
0.7425037,1
0.79217285,0
0.24821557,0
0.7367861,0
0.84978384,0
0.16767596,0
0.15506381,0
0.002215559,0
0.010520882,0
0.007085732,0
0.7743161,0
0.52002674,0
0.7767563,0
0.7093917,0
0.6084472,0
0.095215976,0
0.007502009,0
0.014957584,0
0.05408035,0
0.87148404,1
0.0068182214,0
0.025873981,0
0.11643556,0
0.0043054693,0
0.8856916,1
0.58093786,1
0.003850978,0
0.122878075,0
0.6615516,0
0.016794046,0
0.0022934556,0
0.099721886,0
0.36340025,1
0.018448409,0
0.0048736827,0
0.013811366,0
0.019383915,0
0.7137287,0
0.75020987,1
0.30434293,0
0.034448765,0
0.78803134,0
0.6867249,1
0.58670056,0
0.73952186,1
0.0024309151,0
0.5430967,1
0.3131639,0
0.0022274824,0
0.020299582,0
0.031978194,0
0.10061966,0
0.009022487,0
0.4727033,1
0.0044437274,0
0.56017333,0
0.009446649,0
0.04631341,0
0.0065762596,0
0.012108932,0
0.35444263,0
0.8359819,0
0.17979115,0
0.3778487,0
0.0051868996,0
0.051407687,0
0.83857524,0
0.020335227,0
0.07498971,0
0.5993609,0
0.06549675,0
0.5169632,0
0.32508263,0
0.056241747,0
0.0854238,0
0.012030804,0
0.59409845,1
0.52125674,0
0.013668831,0
0.7948643,0
0.033438608,0
0.002470381,0
0.07621662,0
0.3135381,0
0.8794744,1
0.008855139,0
0.0792134,0
0.34535715,0
0.090975665,0
0.6401611,0
0.03975065,0
0.0035134978,0
0.01965334,0
0.003135712,0
0.0068433275,0
0.06581944,0
0.0030586529,0
0.01930205,0
0.006535304,0
0.6636303,1
0.0023687265,0
0.009103303,0
0.6071779,1
0.5372947,0
0.09827099,0
0.28570732,0
0.3142238,0
0.7010251,1
0.2041553,0
0.6174915,1
0.14665721,0
0.4593848,0
0.43661767,0
0.08331342,0
0.6569597,0
0.003817242,0
0.10762749,0
0.26093045,0
0.8340029,1
0.074569836,0
0.3994563,1
0.71294546,0
0.7574067,0
0.5600728,1
0.010370692,0
0.004890963,0
0.12626044,0
0.11986531,0
0.7367102,0
0.6586358,0
0.0033161605,0
0.008881004,0
0.13381286,0
0.003781105,0
0.37639052,0
0.0043306137,0
0.07567291,0
0.0042507765,0
0.5217757,1
0.107314326,0
0.15574864,0
0.21636969,0
0.033123195,0
0.006560223,0
0.5159073,0
0.7656649,1
0.6855623,0
0.771488,1
0.46714163,1
0.50543284,0
0.018597031,0
0.5562205,0
0.13685855,1
0.0036426317,0
0.72614956,1
0.006531583,0
0.008351793,0
0.7990624,1
0.0062157637,0
0.0048002414,0
0.014682847,0
0.013969589,0
0.6325714,0
0.39688203,0
0.8557633,1
0.3347362,0
0.05152479,0
0.7913227,0
0.48056465,0
0.045325942,0
0.55891734,0
0.0061449613,0
0.14748056,0
0.01820925,0
0.6528775,0
0.38310373,0
0.09068478,0
0.33673415,0
0.107355066,0
0.5597163,0
0.7748584,1
0.6688586,0
0.80073273,0
0.0061704894,0
0.31151137,1
0.86612207,0
0.3864485,0
0.4811071,0
0.63104314,1
0.72416925,1
0.27391103,0
0.012635641,0
0.72836536,0
0.09249314,0
0.68620443,1
0.7908448,1
0.016224701,1
0.3147318,0
0.029414997,0
0.0025069818,0
0.5858913,0
0.7882491,1
0.7422216,0
0.5549352,1
0.53447026,0
0.8870642,1
0.17855804,0
0.7922169,1
0.5883698,1
0.2842592,0
0.22317702,1
0.41301847,0
0.0065150666,0
0.79957575,1
0.33263195,0
0.8118173,1
0.05159019,0
0.30773714,1
0.2517108,0
0.102725856,0
0.8353435,1
0.0018242691,0
0.098510936,0
0.005879987,0
0.08419602,0
0.6907831,1
0.71336454,1
0.65009665,1
0.14313748,0
0.75279653,0
0.6673689,0
0.8390615,0
0.84210956,0
0.37504643,0
0.059623674,0
0.32264692,0
0.13213171,0
0.0027393757,0
0.0071646604,0
0.0033707987,0
0.38557306,0
0.68780214,0
0.032468613,0
0.006865869,0
0.6149497,1
0.019466024,0
0.5002889,0
0.7906756,1
0.43571168,0
0.4055655,0
0.6654014,1
0.77057844,0
0.004619099,0
0.1279205,0
0.81812686,1
0.122722626,0
0.04187299,0
0.013982955,0
0.3211581,0
0.71488714,1
0.5067587,1
0.70477295,0
0.0013612994,0
0.16975327,0
0.21516453,0
0.5290752,0
0.68683004,0
0.5581254,0
0.0026830556,0
0.4011881,0
0.006595908,0
0.4479309,0
0.0041589825,0
0.22148894,0
0.36421043,0
0.3024109,1
0.8893414,0
0.61205316,1
0.5361685,1
0.035673786,0
0.22671406,0
0.10194464,0
0.005006955,0
0.043654665,0
0.5559922,1
0.58026195,0
0.5492712,0
0.7508164,0
0.24482827,1
0.0038942287,0
0.034488026,0
0.0046644476,0
0.7837881,0
0.78854537,0
0.0039149188,0
0.06834502,0
0.8410326,0
0.7542065,0
0.12361886,0
0.5248036,1
0.66803765,0
0.54831445,0
0.42026162,0
0.006712244,0
0.0024464966,0
0.054823816,0
0.63670725,0
0.74521154,1
0.52321464,0
0.008216762,0
0.72893685,1
0.7750437,1
0.48659953,1
0.5679693,1
0.3557605,0
0.5626025,0
0.004089549,0
0.03732437,0
0.52516925,0
0.033137266,0
0.1947371,0
0.33025795,0
0.8037754,0
0.8576141,0
0.08839295,0
0.050494768,0
0.053186275,0
0.3385962,0
0.004538628,0
0.079443865,0
0.61488193,0
0.33500096,0
0.008580536,0
0.4500289,0
0.75186896,1
0.8654271,0
0.052013483,0
0.14319901,0
0.0023741089,0
0.714514,0
0.0047548953,0
0.5997205,0
0.0066745942,0
0.0053843507,0
0.034032725,0
0.30848303,0
0.13566051,0
0.014251811,0
0.19848543,0
0.0033327325,0
0.12039272,0
0.22838454,0
0.70789725,0
0.0036502506,0
0.7320174,0
0.15279634,0
0.055924147,0
0.003071381,0
0.01574285,0
0.17114437,0
0.4598838,1
0.6508533,0
0.49168292,0
0.89877695,1
0.62325966,0
0.86849624,0
0.8532711,1
0.07714312,0
0.01752479,0
0.47750112,0
0.53530985,0
0.78399956,1
0.20928493,0
0.029581847,0
0.024983421,0
0.016250188,0
0.8353154,0
0.022074241,0
0.05855825,0
0.060392104,0
0.7029678,0
0.09083995,0
0.6217307,0
0.02765565,0
0.71543634,0
0.7500314,0
0.7436504,0
0.0027007381,0
0.50918645,0
0.5344034,0
0.5262902,0
0.657877,0
0.84425664,1
0.6007479,0
0.004768356,0
0.61441714,0
0.46339977,0
0.0030811632,0
0.011581014,0
0.6872237,0
0.67924875,0
0.013171666,0
0.0069300025,0
0.035965983,0
0.78959465,0
0.21980928,0
0.036151264,0
0.6757209,0
0.0041688187,0
0.88524276,1
0.08819147,0
0.010348864,0
0.47995788,0
0.5412303,1
0.024270754,0
0.0075246836,0
0.80794096,1
0.01436752,0
0.8885025,1
0.027161213,0
0.4858493,1
0.5056838,0
0.0026302424,0
0.653407,1
0.010459448,0
0.21360493,1
0.0028521598,0
0.035191137,0
0.73581547,0
0.666877,0
0.13632004,0
0.007197382,0
0.27194718,0
0.013239668,0
0.40642354,0
0.37359247,0
0.5132076,0
0.0829252,0
0.5486229,1
0.5317227,0
0.19210684,0
0.012832511,0
0.4749236,1
0.09312678,0
0.17843708,1
0.08668947,0
0.613228,0
0.013970199,0
0.7786484,1
0.15153077,0
0.49893588,0
0.64530694,0
0.002441147,0
0.002150424,0
0.8330967,0
0.0060669403,0
0.7290718,1
0.01818233,0
0.7308453,1
0.040704884,0
0.02669059,0
0.015004468,0
0.642022,0
0.29435626,0
0.00774591,0
0.041772906,0
0.0044129407,0
0.0040426655,0
0.01195365,0
0.66640526,1
0.70521945,0
0.012438086,0
0.018729508,0
0.039499704,0
0.010121245,0
0.4975743,0
0.693521,1
0.108785845,0
0.031491283,0
0.4524673,0
0.08623827,0
0.7112275,0
0.4306384,0
0.27064252,0
0.55707425,1
0.69506127,1
0.35527757,0
0.65918714,1
0.47323334,0
0.73510295,1
0.028083064,0
0.7856568,0
0.03945778,0
0.60021615,1
0.004724383,0
0.0046129865,0
0.04929353,0
0.00964372,0
0.019485306,0
0.51367813,0
0.00226728,0
0.48210824,1
0.0028308881,0
0.3003695,0
0.0066686096,0
0.7420902,1
0.0060309917,0
0.029854044,0
0.8620942,1
0.6358404,1
0.004712488,0
0.55390847,0
0.7182485,0
0.54217964,1
0.09459411,0
0.0039526583,0
0.04328211,0
0.80611324,0
0.01389617,0
0.6079376,0
0.09383703,0
0.069085374,0
0.73672676,1
0.5215625,0
0.01642579,0
0.6937951,1
0.54023594,1
0.03566696,0
0.0049805418,0
0.0035465069,0
0.0073994063,0
0.25169912,0
0.005054046,0
0.042802606,0
0.58290166,1
0.48047316,0
0.04106641,0
0.747234,1
0.06536548,0
0.42450356,0
0.7282826,0
0.003138942,0
0.68853503,0
0.5933655,0
0.4826579,0
0.7173476,0
0.08551872,1
0.17570202,0
0.21805243,0
0.023656365,0
0.020306183,0
0.033065856,0
0.24917275,0
0.8474699,0
0.7868021,0
0.30830926,0
0.0066570803,0
0.1153694,0
0.81903005,1
0.64385086,1
0.0041268244,0
0.77122307,0
0.66544014,0
0.0019022044,0
0.4680705,0
0.076435454,0
0.71595013,0
0.026620151,0
0.0068833698,0
0.77896965,0
0.45570764,0
0.05916075,0
0.013914497,0
0.68788993,0
0.0035286106,0
0.0044369632,0
0.6629728,0
0.37167245,0
0.004100858,0
0.13576508,0
0.0035816636,0
0.57059366,0
0.0029531799,0
0.70165485,0
0.34243548,0
0.009960945,0
0.052808844,0
0.018590422,0
0.5903191,0
0.53910464,1
0.042964954,0
0.08482091,0
0.005961176,0
0.5889405,0
0.17768054,0
0.029836232,0
0.002828301,0
0.0035978411,0
0.0876678,0
0.3380558,0
0.73474616,0
0.58449143,1
0.73400825,1
0.19595583,0
0.119555324,0
0.020022908,0
0.0088682445,0
0.0035085762,0
0.0034237355,0
0.60907614,1
0.67929274,0
0.38247558,0
0.007478843,0
0.77466804,0
0.045513224,1
0.26052177,0
0.010899192,0
0.0064918767,0
0.5900792,0
0.61061966,0
0.7253743,0
0.19048981,0
0.004613954,0
0.2186758,1
0.44741052,0
0.042619467,0
0.056541137,0
0.0030298952,0
0.0041716443,0
0.7424741,0
0.86515635,1
0.009088451,0
0.019292139,0
0.13091105,0
0.38328615,0
0.57125586,1
0.30361253,0
0.54823345,0
0.5743903,0
0.001906544,0
0.69940645,1
0.7487234,1
0.0062721604,0
0.697572,0
0.54260534,0
0.0073591312,0
0.009388398,0
0.0043416624,0
0.0055103768,0
0.01903966,0
0.7381253,0
0.022550264,0
0.78448075,0
0.5030501,0
0.81562114,1
0.31469613,1
0.55540067,0
0.70306623,0
0.07166071,0
0.007944252,0
0.780103,1
0.6548652,0
0.3113459,0
0.36143678,0
0.73143446,1
0.01585283,0
0.0376805,0
0.49541503,0
0.5071338,0
0.0046556424,0
0.00281086,0
0.05694632,0
0.665334,0
0.19833449,0
0.6718925,0
0.0070488546,0
0.25957397,0
0.78521323,1
0.004652603,0
0.04412817,0
0.0044330414,0
0.30002654,0
0.81975406,1
0.009621368,0
0.13478728,0
0.6521281,1
0.0035512215,0
0.03655069,0
0.0022102778,0
0.0064736274,0
0.00331057,0
0.39039624,0
0.6212158,0
0.11505125,0
0.75685394,0
0.045612257,0
0.15488729,1
0.04595933,0
0.005875404,0
0.35371578,0
0.6468912,0
0.009828153,0
0.099205025,0
0.725492,1
0.3327343,0
0.5029421,0
0.8163648,0
0.008866937,0
0.003750641,0
0.47634023,1
0.62373143,0
0.54062426,0
0.033083905,0
0.0060036923,0
0.0022195652,0
0.2074833,0
0.09222314,0
0.7380846,0
0.6290318,1
0.6641086,0
0.52512807,0
0.009366587,0
0.7990307,0
0.013641499,0
0.4258291,0
0.0019074151,0
0.6068008,1
0.7810311,0
0.81805474,0
0.056906838,0
0.699439,0
0.55429584,1
0.6472096,0
0.02219412,0
0.25876012,0
0.050197218,0
0.056479085,0
0.30190733,0
0.24428488,0
0.43267164,0
0.1324047,0
0.46717483,1
0.0035171292,0
0.4746754,0
0.020730423,0
0.3355436,0
0.8563997,1
0.004308755,0
0.12404876,0
0.45297456,0
0.0044136443,0
0.24716902,0
0.1415068,0
0.0033237196,0
0.14847627,0
0.10747487,0
0.042239275,0
0.38146517,0
0.0670369,0
0.3869306,0
0.24449503,0
0.052569762,0
0.10936563,0
0.022953898,0
0.6055046,0
0.7626248,1
0.44801158,0
0.15822011,0
0.13792738,0
0.34398612,0
0.5702035,1
0.030584678,0
0.72406876,0
0.27685532,0
0.09824169,0
0.19174993,0
0.005769033,0
0.0022401796,0
0.006575335,0
0.08379455,0
0.026684465,0
0.01245476,0
0.016053932,0
0.21998274,0
0.0050339852,0
0.30916443,1
0.5069267,0
0.7902534,0
0.22477774,0
0.0021778261,0
0.0046719406,0
0.033045363,0
0.005240534,0
0.14706153,0
0.1188524,0
0.13353552,0
0.27183542,0
0.062337123,0
0.6919926,1
0.0366567,0
0.10716747,0
0.37873843,0
0.7584122,1
0.6482032,1
0.43570215,0
0.0054047485,0
0.010072284,0
0.58842885,0
0.006061103,0
0.086981885,0
0.017279848,0
0.76194227,0
0.0178095,0
0.19656733,0
0.31920072,0
0.0034053347,0
0.002260101,0
0.0040232865,0
0.06477525,0
0.61248887,1
0.0680148,1
0.7713621,1
0.0036653155,0
0.0052248896,0
0.47673273,1
0.48914126,0
0.6183902,0
0.009872462,0
0.5060432,0
0.7641965,0
0.4881374,0
0.73299915,1
0.006438472,0
0.0674695,0
0.008383478,0
0.27172282,0
0.64473516,1
0.37815496,1
0.48685956,1
0.49156848,1
0.0035050772,0
0.10745899,0
0.59252477,0
0.0074991942,0
0.017046556,0
0.023156049,0
0.04372477,0
0.14928818,0
0.2717828,0
0.066529915,0
0.61099446,0
0.7400911,1
0.042594142,0
0.0062028645,0
0.122842446,0
0.7220694,1
0.0015280459,0
0.20231748,0
0.010779446,0
0.81116897,0
0.0070549045,0
0.29387116,0
0.40081134,0
0.22902168,1
0.5632478,0
0.13810863,0
0.6591442,1
0.6690158,0
0.549371,0
0.08232612,0
0.7917232,1
0.7318961,0
0.21934068,1
0.0044610803,0
0.6437393,0
0.007724193,0
0.75102836,0
0.004400368,0
0.5834601,1
0.14110832,0
0.0253663,0
0.64325243,0
0.054966215,0
0.579338,0
0.26584935,0
0.5162476,0
0.718511,0
0.06439738,0
0.005859758,0
0.6792848,1
0.5324582,0
0.06338885,0
0.21199264,0
0.06549201,0
0.005012788,0
0.60060954,0
0.8292716,1
0.026422054,0
0.29917663,0
0.7375935,0
0.010356705,0
0.58538085,1
0.52035594,1
0.49284893,0
0.37795466,1
0.5491968,1
0.27435696,0
0.7297305,1
0.01388179,0
0.8094126,0
0.38262373,0
0.5619761,0
0.04767826,0
0.0045625526,0
0.12485723,0
0.022395,0
0.05902107,0
0.6933556,1
0.6181398,0
0.10579327,0
0.59453076,0
0.0009157254,0
0.0024829379,0
0.5354552,0
0.08194359,0
0.019011436,0
0.40664327,0
0.0039538504,0
0.35899705,1
0.31651944,0
0.26323095,0
0.03305593,0
0.2775196,1
0.02947054,0
0.086577445,0
0.64760005,0
0.78208685,1
0.05320447,0
0.48589963,0
0.66955113,1
0.009652195,0
0.68659467,1
0.7346521,1
0.8240013,0
0.016838165,0
0.2919047,0
0.0034002054,0
0.0041806735,0
0.70175904,0
0.0074566444,0
0.02468973,0
0.588315,0
0.4802055,0
0.05293307,0
0.0058465227,0
0.49925244,0
0.017235048,0
0.48793656,0
0.7851127,1
0.0051448997,0
0.38138795,0
0.6998802,0
0.146556,0
0.004866676,0
0.75994813,1
0.01952449,0
0.19451217,0
0.7235372,1
0.09473753,0
0.0070408494,0
0.108222365,0
0.8238605,1
0.8290747,1
0.0049307295,0
0.595074,1
0.37520874,0
0.011332613,0
0.007537154,0
0.42799768,0
0.5866754,0
0.20576145,0
0.03606871,0
0.8323826,0
0.0030513667,0
0.45187986,0
0.68017167,0
0.02187115,0
0.72051156,0
0.58823484,0
0.0085159,0
0.006826259,0
0.16256087,0
0.013482437,0
0.016977103,0
0.00985757,0
0.20064113,0
0.5083839,0
0.6452824,0
0.23639081,0
0.17782775,0
0.005996776,0
0.019609777,0
0.6751849,0
0.013964157,0
0.8028583,0
0.02446074,0
0.026694147,0
0.013707078,0
0.043480758,0
0.30477768,0
0.005117275,0
0.6972775,0
0.17873983,0
0.0057374532,0
0.11691416,0
0.005237058,0
0.26853356,0
0.7073166,0
0.013196449,0
0.12516631,0
0.003637317,0
0.46482053,1
0.037372287,0
0.7957999,0
0.0051395013,0
0.006692315,0
0.025854403,0
0.5492008,0
0.0044949367,0
0.26892334,0
0.011472235,0
0.089247264,0
0.0179331,0
0.63263345,1
0.34930888,0
0.005887707,0
0.602009,1
0.5475299,1
0.08202872,0
0.6494617,0
0.04104583,0
0.004961023,0
0.08330488,0
0.0052088387,0
0.2578685,0
0.83923334,1
0.5951091,1
0.016968241,0
0.6859794,0
0.28267828,0
0.67473817,0
0.0024760352,0
0.47717518,1
0.74406624,1
0.27190372,1
0.007213721,0
0.50143164,0
0.095283814,0
0.4252695,0
0.46676412,0
0.0061984714,0
0.7163339,0
0.10346356,0
0.017082531,0
0.012001204,0
0.003990527,0
0.27590755,0
0.2615193,0
0.5165651,1
0.21388493,0
0.63790977,0
0.5025342,1
0.2038764,0
0.0051152455,0
0.0057645217,0
0.042426404,0
0.361048,0
0.3061802,0
0.8226385,0
0.26307017,0
0.3390957,0
0.29013288,0
0.13808821,0
0.18889943,0
0.018172685,0
0.7050903,0
0.84869754,1
0.4451703,0
0.018229837,0
0.004299629,0
0.326626,0
0.75392,1
0.42898667,0
0.0051628063,0
0.2041515,0
0.0071687526,0
0.011654801,0
0.6105997,1
0.79956824,0
0.008231819,0
0.35937133,0
0.08648369,1
0.28473908,0
0.024503855,0
0.026620202,0
0.4125098,0
0.15130985,0
0.645719,1
0.79647064,0
0.0038072655,0
0.6373742,0
0.26958376,0
0.14180712,1
0.019105284,0
0.7644211,1
0.58757573,0
0.31705844,0
0.017211994,0
0.0037523804,0
0.6152532,0
0.002473237,0
0.5126144,0
0.3550748,0
0.64024276,0
0.004796988,0
0.11266402,0
0.34305257,0
0.167523,0
0.44913483,0
0.049030174,0
0.00472367,0
0.0025331394,0
0.13193573,0
0.86341274,1
0.4531089,0
0.0015945671,0
0.723362,1
0.080036394,0
0.41176036,1
0.009912135,0
0.026884796,0
0.08507527,0
0.55857027,1
0.029710028,0
0.008704613,0
0.0132254595,0
0.78966385,0
0.0021167565,0
0.010990928,0
0.04985245,0
0.06773774,0
0.67229176,0
0.0031997128,0
0.09395624,0
0.73437643,0
0.39433154,0
0.050357956,0
0.112371184,0
0.39605522,1
0.0029289064,0
0.060793843,0
0.004274698,0
0.06063905,0
0.01376692,0
0.6093227,0
0.67569387,0
0.8086561,0
0.83576053,1
0.2388426,0
0.13841164,0
0.72969556,0
0.6639038,1
0.0028212322,0
0.003071809,0
0.71025515,1
0.71184975,0
0.87550765,0
0.011432136,0
0.73209065,0
0.0056228805,0
0.028535439,0
0.00605654,0
0.86541617,1
0.26693198,0
0.012967328,0
0.10871057,0
0.004190203,0
0.117018595,0
0.002761718,0
0.7711414,0
0.65162677,0
0.53396934,0
0.79158825,0
0.79025,0
0.619885,0
0.06081742,0
0.021660734,0
0.73826367,1
0.004465935,0
0.0030009227,0
0.4151322,0
0.74762887,1
0.005975785,0
0.0035869514,0
0.84301364,0
0.49250284,0
0.022693295,0
0.20397478,0
0.8356868,1
0.01795938,0
0.018660769,0
0.36775643,1
0.007518771,0
0.62824064,0
0.034726433,0
0.03128805,0
0.73756546,1
0.3499249,0
0.2813648,0
0.051856223,0
0.42294955,1
0.69760513,0
0.7536896,0
0.5757238,0
0.0033664827,0
0.3355323,0
0.16882725,0
0.024966653,0
0.29072282,0
0.68191594,0
0.0085855825,0
0.08453946,0
0.29320404,0
0.014090973,0
0.54595935,0
0.10857904,0
0.10460368,0
0.012256679,0
0.023907438,0
0.64156836,0
0.0062914523,0
0.0749211,0
0.0028786834,0
0.8712408,1
0.4726251,0
0.7096117,0
0.0044655325,0
0.065358534,0
0.62721735,0
0.072061144,0
0.24326031,0
0.6566467,0
0.17379954,0
0.74452335,0
0.42172307,0
0.0068295607,0
0.0052295164,0
0.0050876127,0
0.9157972,1
0.7898822,0
0.004407537,0
0.78018546,1
0.23533782,0
0.636984,0
0.05943427,0
0.7991692,1
0.74166375,0
0.60962516,1
0.058328785,0
0.5038572,0
0.004713146,0
0.023274248,0
0.20803913,0
0.002499867,0
0.71152896,1
0.7986171,0
0.61785203,0
0.005452534,0
0.03283611,0
0.4415107,1
0.6653,1
0.019128438,0
0.55951524,0
0.011103055,0
0.0018951116,0
0.012915396,0
0.19858964,0
0.42110682,0
0.5728186,0
0.81441087,1
0.19851676,0
0.5108406,0
0.29686934,0
0.88378084,0
0.869211,0
0.30267778,0
0.12790014,0
0.8491153,1
0.005335802,0
0.03201594,0
0.35381675,1
0.0042517334,0
0.1182146,0
0.0097669875,0
0.012399774,0
0.6748044,0
0.041138038,0
0.51093394,0
0.011090993,0
0.6185266,0
0.06073371,0
0.019980894,0
0.01022728,0
0.6069231,0
0.43921944,0
0.722884,1
0.006680464,0
0.007324106,0
0.015344247,0
0.65628266,0
0.0047458233,0
0.2044435,0
0.2217186,0
0.005220294,0
0.12029548,0
0.610281,0
0.30598938,1
0.049570937,0
0.33626974,0
0.011205852,0
0.5611329,0
0.16367272,1
0.0030285735,0
0.152688,0
0.00487138,0
0.8096974,0
0.39382663,0
0.074763164,0
0.554481,0
0.005902313,0
0.034365002,0
0.7762002,1
0.019578302,0
0.10665947,0
0.10168373,1
0.5214065,0
0.40435025,1
0.0042115566,0
0.3016553,0
0.0070346007,0
0.06223786,1
0.006910714,0
0.8417008,0
0.7519697,0
0.810962,0
0.008841494,0
0.0056602415,0
0.7830545,1
0.009958477,0
0.7405022,1
0.78414,1
0.7690277,0
0.5847472,0
0.016140047,0
0.0023881202,0
0.26361966,0
0.3189843,0
0.613013,0
0.31053916,0
0.008847158,0
0.4079901,0
0.72059155,1
0.7518227,1
0.0016292452,0
0.8225919,0
0.49870393,0
0.015540714,0
0.021750342,0
0.014464938,0
0.008947983,0
0.7076972,0
0.2797232,0
0.028964112,0
0.8027793,0
0.7704584,0
0.11525669,0
0.37784585,0
0.013787374,0
0.36069193,1
0.76560074,0
0.58171713,0
0.39473864,0
0.44887084,1
0.056892894,0
0.38669607,0
0.002763745,0
0.8142773,0
0.017374843,0
0.0062710023,0
0.81556743,1
0.24100527,0
0.010201281,0
0.004320497,0
0.008213146,0
0.19077918,1
0.3676255,0
0.21620189,1
0.34776396,0
0.6119477,1
0.040327653,0
0.07755214,0
0.51269424,1
0.80033857,1
0.0138162235,0
0.01230005,0
0.20475093,0
0.0073609944,0
0.6902482,0
0.0043155216,0
0.012491511,0
0.10171872,0
0.21688747,0
0.0033356275,0
0.008472444,0
0.18313764,0
0.6046991,0
0.3447205,0
0.011474463,0
0.75738347,0
0.08322528,0
0.019900156,0
0.02345609,0
0.51089966,0
0.69561666,1
0.056068793,0
0.5437943,0
0.2965931,1
0.0035264983,0
0.3983695,0
0.0097186,0
0.7807866,1
0.4288215,0
0.5575462,0
0.02483559,0
0.011265644,0
0.007316077,0
0.019617947,0
0.00334735,0
0.20127279,0
0.62950146,0
0.44181952,0
0.74803305,0
0.7487272,1
0.21087874,0
0.5771229,0
0.492799,0
0.78307796,0
0.47178495,0
0.7027944,0
0.7516488,0
0.02372077,0
0.057085983,0
0.0112478165,0
0.8609294,0
0.6209347,0
0.11300616,0
0.6590281,0
0.7088111,1
0.7788184,0
0.8640604,0
0.09449245,0
0.011016101,0
0.62816423,0
0.0049611623,0
0.0053747064,0
0.006530637,0
0.005240258,0
0.24513151,0
0.22336361,0
0.6937731,0
0.06513929,0
0.10963088,0
0.0070034564,0
0.86066914,0
0.2692501,1
0.76624286,1
0.0042816876,0
0.31411764,1
0.007780647,0
0.67473584,0
0.7835046,0
0.64277655,0
0.70600057,1
0.4702414,0
0.27935395,1
0.0024854064,0
0.0028666952,0
0.80642664,0
0.17403632,0
0.013498548,0
0.054153904,0
0.16199298,0
0.0060601095,0
0.4612568,0
0.69779915,0
0.008494631,0
0.6379621,0
0.33682597,0
0.011478645,0
0.50104654,0
0.4730984,0
0.008201428,0
0.8495997,0
0.7640226,1
0.53579986,0
0.6769774,0
0.048903868,0
0.048374843,0
0.0042197476,0
0.0033697498,0
0.0036552174,0
0.48761293,0
0.5170606,0
0.74099416,1
0.0038923647,0
0.0054496983,0
0.062052812,0
0.24919271,0
0.0021814103,0
0.23783018,0
0.33060756,1
0.078487426,0
0.0042625535,0
0.03375346,1
0.5097266,0
0.77834076,0
0.5706178,0
0.18287994,0
0.00849715,0
0.7729528,0
0.1240495,0
0.82127017,0
0.20083581,0
0.32890147,0
0.61027735,0
0.51723295,0
0.7736059,0
0.00369011,0
0.6664849,1
0.29542685,0
0.33584854,1
0.57148653,0
0.85062164,1
0.017668953,0
0.36441433,0
0.6540648,1
0.0082313195,0
0.8463687,1
0.0024551002,0
0.024019692,0
0.82993495,1
0.0038054793,0
0.11703884,0
0.12743345,0
0.0060646804,0
0.0047191866,0
0.002266385,0
0.004391098,0
0.01053397,0
0.08341518,0
0.047087338,0
0.011706854,0
0.0025311762,0
0.7263685,0
0.057715856,0
0.009852732,0
0.07605065,0
0.041149125,0
0.7573569,1
0.23274814,0
0.46412972,0
0.11226834,0
0.01391555,0
0.026249198,0
0.87048453,1
0.6773939,0
0.01462067,0
0.8078086,1
0.0025067804,0
0.20202233,0
0.7782691,0
0.277633,0
0.08948909,0
0.73882425,1
0.71068645,0
0.47226655,0
0.003815476,0
0.07061573,0
0.18613091,0
0.3632168,0
0.168963,0
0.006032685,0
0.024830583,0
0.2525663,0
0.08141494,0
0.0027604983,0
0.6279343,0
0.5498567,0
0.7399177,0
0.36089364,0
0.7222112,0
0.23135963,0
0.4906631,0
0.005602803,0
0.06945474,0
0.01728269,0
0.02324657,0
0.7174165,0
0.0022518202,0
0.6481788,0
0.015483703,0
0.030092513,0
0.7318437,1
0.054313727,0
0.007165075,0
0.011938881,0
0.20955448,1
0.15236965,0
0.038810927,0
0.38858953,0
0.0058616027,0
0.12286984,0
0.80317557,1
0.36138508,0
0.3978112,0
0.6050176,0
0.09811629,0
0.0023295095,0
0.8311103,0
0.7315535,1
0.82964396,0
0.5481084,0
0.64146215,1
0.016515028,0
0.059650265,0
0.6470287,0
0.47686952,0
0.21664143,1
0.5803308,1
0.64016247,0
0.7085345,0
0.5997083,1
0.001824685,0
0.08897852,0
0.013567451,0
0.012281018,0
0.5691623,0
0.6033816,0
0.040691547,0
0.017488455,0
0.22777621,0
0.64985883,0
0.7757916,1
0.70327127,1
0.018654652,0
0.06576781,0
0.13509153,0
0.82625246,0
0.3758748,0
0.02648907,0
0.005332094,0
0.010096861,0
0.65471125,1
0.003995243,0
0.0043708757,0
0.008526345,0
0.50146157,0
0.4675329,0
0.7477564,1
0.4185887,0
0.6311223,1
0.6027793,1
0.009823156,0
0.017317127,0
0.70071274,1
0.0045947316,0
0.46546674,0
0.6877692,0
0.003206768,0
0.10710869,0
0.67595476,0
0.058845032,0
0.7445828,0
0.0070147873,0
0.7613424,1
0.0020967617,0
0.0033931772,0
0.09861244,0
0.13798729,0
0.024413917,0
0.8181142,1
0.63936305,0
0.045559406,0
0.11205414,0
0.018384323,0
0.0042459075,0
0.15965578,0
0.293871,0
0.071044765,0
0.3039551,0
0.045551755,0
0.3673187,0
0.08155493,0
0.86304665,1
0.40367946,0
0.6026839,1
0.011087071,0
0.02041408,0
0.7056729,0
0.83374906,1
0.01895903,0
0.7531568,0
0.18601744,0
0.848465,0
0.004887474,0
0.0031746107,0
0.0058653164,0
0.8020419,0
0.57295334,0
0.8598231,0
0.64727473,0
0.6101454,1
0.16876653,0
0.79958594,0
0.015246931,1
0.3078298,0
0.1643098,1
0.0077344477,0
0.010968311,0
0.062861815,0
0.0017092883,0
0.7063392,0
0.003921944,0
0.003100133,0
0.09485675,0
0.03747981,0
0.29998106,0
0.9036861,0
0.045174498,0
0.007413789,0
0.49893275,0
0.011772832,0
0.3299536,0
0.008155227,0
0.015477513,0
0.6913159,1
0.44498083,0
0.03649129,0
0.13998674,0
0.55654943,0
0.006059767,0
0.12851149,0
0.022651237,0
0.5747018,0
0.14396524,0
0.7643061,0
0.25559378,1
0.21156101,0
0.010814806,0
0.0010796727,0
0.3797741,0
0.38668787,0
0.02187726,0
0.004368944,0
0.0035476356,0
0.5931525,0
0.004692776,0
0.008581103,0
0.0065501467,0
0.71770483,0
0.0037607732,0
0.27645594,0
0.24752277,0
0.034804925,0
0.08457602,0
0.041004453,0
0.6586126,0
0.07284449,0
0.005569344,0
0.13890032,0
0.3161556,0
0.0059166364,0
0.86872333,0
0.0746233,0
0.8531062,1
0.033062182,0
0.06468921,0
0.43614736,1
0.0042943736,0
0.7891674,1
0.06015173,0
0.08061925,0
0.4013255,0
0.0016242872,0
0.85880035,1
0.20173858,1
0.0023627598,0
0.91146433,0
0.5980887,1
0.43514055,0
0.0061192075,0
0.12268636,0
0.048127815,1
0.5198519,0
0.7980553,0
0.0044596344,0
0.29281834,0
0.18019916,0
0.7579744,1
0.0030144348,0
0.06301231,0
0.006550364,0
0.10087322,0
0.0038791643,0
0.042296257,0
0.045009147,0
0.58587575,1
0.327664,0
0.18505934,0
0.60412455,1
0.44114032,0
0.26335183,0
0.013503402,0
0.7636211,1
0.0055194953,0
0.0012663516,0
0.866597,1
0.0037089742,0
0.023000985,0
0.13510913,0
0.70157355,1
0.9021981,0
0.5810871,1
0.019559009,0
0.633783,0
0.15765622,0
0.0024377538,0
0.65052617,1
0.70934206,0
0.79549044,0
0.009860959,0
0.13534431,0
0.7022038,0
0.8923072,1
0.54311436,1
0.17030416,0
0.7931248,1
0.0042247535,0
0.2651097,0
0.04188818,0
0.16808471,0
0.6134668,0
0.43721417,0
0.004666677,0
0.92150337,1
0.4958724,0
0.013900745,0
0.79722255,0
0.73503834,1
0.18041706,1
0.04552508,0
0.04828843,0
0.4718708,0
0.7339221,1
0.2506363,0
0.010682458,0
0.25832042,0
0.065538146,0
0.008758275,0
0.008467113,0
0.6923345,1
0.011310229,0
0.46918765,0
0.75252116,1
0.0023948653,0
0.017693633,0
0.77389455,0
0.8565471,1
0.01366828,0
0.23310272,0
0.0021725036,0
0.003496073,0
0.0044116816,0
0.14744662,0
0.053905454,0
0.015884478,0
0.7349499,0
0.22113986,0
0.22347419,0
0.008590991,0
0.0053128777,0
0.7503701,1
0.037385926,0
0.5451835,0
0.073797286,0
0.08716572,0
0.8065611,1
0.65727925,1
0.12807819,0
0.0090646865,0
0.6610774,1
0.90277714,0
0.016181625,0
0.0044267885,0
0.07792654,0
0.0024594774,0
0.43363184,1
0.0034281292,0
0.7198172,0
0.54185206,0
0.13988507,0
0.25496593,0
0.00419081,0
0.11847056,0
0.2259825,0
0.013976237,1
0.24835517,0
0.81598157,1
0.0017527486,0
0.17344005,0
0.24040373,0
0.060467955,0
0.007900188,0
0.12839834,0
0.42937005,0
0.01418437,0
0.76218355,1
0.009719862,0
0.022636762,0
0.0044926736,0
0.43326136,0
0.7109749,0
0.0047383606,0
0.0056109675,0
0.26513618,0
0.6733449,0
0.8737562,1
0.00594793,0
0.28347906,0
0.5302702,1
0.04730562,0
0.045429286,0
0.005571774,0
0.5969981,0
0.01073343,0
0.009812199,0
0.6267587,0
0.6544604,0
0.1777436,0
0.0052084588,0
0.016234804,0
0.01167348,0
0.0021027776,0
0.0046416414,0
0.8769851,1
0.7968484,1
0.09663698,0
0.71084696,1
0.010404087,0
0.83825666,1
0.44589618,0
0.5530562,0
0.7949586,1
0.6865106,0
0.01747008,0
0.45224962,0
0.3530833,0
0.0034482446,0
0.60678065,0
0.16910122,0
0.008259794,0
0.002080833,0
0.00904139,0
0.28951493,0
0.11349153,0
0.7167479,0
0.6186077,1
0.5305024,0
0.4237745,0
0.34013164,1
0.112832926,0
0.0631183,0
0.7932493,0
0.79347783,1
0.23683082,0
0.053500388,0
0.45219633,1
0.045074012,0
0.18314543,0
0.03978553,0
0.7608004,1
0.36477777,0
0.84136426,0
0.69407886,1
0.09774288,0
0.021311436,0
0.009345033,0
0.63749313,1
0.052384157,0
0.63609135,0
0.3014827,0
0.3106049,0
0.10630548,0
0.6956469,0
0.69823235,0
0.5467979,0
0.11503169,0
0.16745842,0
0.4439932,0
0.018171074,0
0.27824005,0
0.69013244,1
0.005665157,0
0.0022472076,0
0.6939686,0
0.04425,0
0.3835444,0
0.8397768,1
0.046174455,0
0.456911,0
0.0063741053,0
0.7960541,1
0.04357306,0
0.012851189,0
0.006379737,0
0.47669718,0
0.067075774,0
0.0516165,0
0.0057331542,0
0.7899294,1
0.0030308177,0
0.77043575,0
0.32967404,0
0.0044173715,0
0.004420768,0
0.60642344,1
0.7303672,1
0.0028884695,0
0.13388461,0
0.75357115,1
0.0053652804,0
0.1015269,0
0.023369042,0
0.024451578,0
0.81405723,0
0.725691,0
0.006112576,0
0.026101267,0
0.0016468741,0
0.033915456,0
0.42500338,0
0.6640082,1
0.06720641,0
0.28323108,0
0.0018038171,0
0.67008525,1
0.19539896,0
0.016177913,0
0.6948052,1
0.06792811,0
0.684682,0
0.011463824,0
0.004151204,0
0.016388722,0
0.0103788525,0
0.6304114,1
0.43827692,0
0.18773006,0
0.00441227,0
0.0018354686,0
0.006903962,0
0.22252446,0
0.008239498,0
0.50975776,0
0.67364144,1
0.006051275,0
0.36983976,0
0.5050652,0
0.02927466,0
0.25569978,0
0.37385952,0
0.7419356,1
0.5216712,0
0.6045811,1
0.01783729,0
0.011826142,0
0.5650175,0
0.011390872,0
0.05477516,0
0.5034118,1
0.70601773,1
0.0027139527,0
0.75811106,0
0.6800019,0
0.5636435,1
0.0025053155,0
0.6140073,1
0.048283923,0
0.40017036,0
0.0062332763,0
0.66729087,1
0.03630284,0
0.424449,1
0.4749075,1
0.015056199,0
0.69595647,0
0.38465685,0
0.02075611,0
0.004537824,0
0.74698853,0
0.18402112,0
0.84214246,0
0.30170652,0
0.03532196,0
0.023039047,0
0.0066549336,0
0.1917717,0
0.024590535,0
0.6135132,0
0.5459767,1
0.015264073,0
0.7085013,1
0.12854098,0
0.22355686,0
0.45194802,0
0.2857696,0
0.008217175,0
0.0037472625,0
0.6373195,0
0.7102292,0
0.5771186,1
0.17732316,0
0.76831865,1
0.028688364,0
0.00510098,0
0.62589467,1
0.19503278,0
0.62304544,0
0.33323982,1
0.2143696,0
0.003941805,0
0.2901094,0
0.58154374,1
0.013751829,0
0.0038383137,0
0.07772232,0
0.688207,1
0.28051978,0
0.30279416,0
0.23509328,0
0.007718282,0
0.0128209125,0
0.0051810616,0
0.009716053,0
0.15352209,0
0.19202031,0
0.658821,1
0.0052274996,0
0.0472491,0
0.041894753,0
0.006293196,0
0.0055213105,0
0.010516525,0
0.009774326,0
0.005607486,0
0.009493646,0
0.754257,1
0.565839,0
0.6004986,1
0.010689552,0
0.56309587,0
0.40045637,0
0.04573058,0
0.36925536,0
0.64315635,0
0.0025087534,0
0.6871045,0
0.7901632,0
0.0033388294,0
0.444978,0
0.8291722,0
0.45570645,1
0.008243571,0
0.648393,1
0.39809453,0
0.041711155,0
0.004847261,0
0.005460181,1
0.4236553,0
0.003146609,0
0.7222794,0
0.06694681,0
0.009897709,0
0.0034174463,0
0.22174214,0
0.039489627,0
0.074667044,0
0.008123417,0
0.017678374,0
0.499009,0
0.8133259,1
0.00982967,0
0.05137658,0
0.05468464,0
0.32862303,0
0.7173364,0
0.17560157,0
0.0034864682,0
0.74158436,0
0.004137666,0
0.17110373,0
0.81084687,0
0.30597344,0
0.025085783,0
0.002484838,0
0.5958072,0
0.6621843,0
0.26428705,0
0.002695335,0
0.15541764,0
0.0022321767,0
0.0032082286,0
0.5215198,0
0.3529113,0
0.79540986,0
0.002501472,0
0.6864302,0
0.79194546,1
0.016832892,0
0.60931003,1
0.36100736,0
0.26848787,1
0.60670894,1
0.29465893,0
0.0033268281,0
0.78578705,1
0.018669082,0
0.023461815,0
0.031839117,0
0.15026876,0
0.025241246,0
0.020477964,0
0.63764155,1
0.83628863,0
0.010410746,0
0.32016262,0
0.017466731,0
0.0144277485,0
0.08745523,0
0.0027503252,0
0.37822124,0
0.05908959,0
0.87927437,0
0.20870985,0
0.24335702,0
0.24078855,0
0.26438636,1
0.044952523,0
0.0040359707,0
0.010165128,0
0.138392,1
0.0031230876,0
0.7771762,0
0.027529841,0
0.47278675,0
0.0029612177,0
0.006413814,0
0.015482811,0
0.29830492,0
0.0051828786,0
0.8268898,1
0.20017685,0
0.3801863,0
0.3318555,1
0.0027347875,0
0.46863365,0
0.21770163,0
0.33644992,0
0.0032721595,0
0.0024691208,0
0.008850064,0
0.19692692,1
0.8355428,0
0.16721846,0
0.71561253,0
0.17771955,0
0.0038356527,0
0.23432468,0
0.042578075,0
0.5022925,0
0.0012304867,0
0.1335869,0
0.029055342,0
0.066252746,0
0.04933851,0
0.67771834,0
0.5910715,0
0.52225995,0
0.0039887377,0
0.20125492,0
0.0074892784,0
0.010294712,0
0.06792067,0
0.0318924,0
0.021534622,0
0.23699445,0
0.08129746,0
0.051153384,0
0.437664,1
0.010567303,0
0.7329281,1
0.8385308,1
0.72857994,1
0.7281328,1
0.014548535,0
0.8136945,0
0.39519656,0
0.83207095,0
0.8340622,0
0.40931252,1
0.5891894,0
0.3494708,0
0.021785196,0
0.18259355,0
0.5306767,0
0.0019092779,0
0.11149354,0
0.7319237,1
0.7135311,0
0.120993495,0
0.004525002,0
0.49325126,1
0.6698129,1
0.68664676,0
0.7481361,1
0.019416746,0
0.6827344,1
0.39721853,0
0.16604844,0
0.0037294768,0
0.50915587,0
0.012032941,0
0.07421538,0
0.23790447,0
0.0073341215,0
0.011084604,0
0.19142425,0
0.023363566,0
0.012883963,0
0.2913717,0
0.009126301,0
0.16372557,0
0.4600037,0
0.6781247,0
0.0035455513,0
0.4493182,1
0.5729275,0
0.2518662,0
0.009364154,0
0.63125354,0
0.34760806,0
0.014366083,0
0.4407131,1
0.816537,0
0.84843636,1
0.6017063,0
0.0062864637,0
0.46078983,0
0.63067335,0
0.083664775,0
0.021086672,0
0.0031842934,0
0.5235252,0
0.67267424,0
0.6657897,0
0.0038692974,0
0.0028382796,0
0.054275665,0
0.014304062,0
0.003958943,0
0.678909,1
0.005832723,0
0.0023034436,0
0.053246036,0
0.0038162214,0
0.4808311,0
0.0130736325,0
0.077632025,0
0.0027265921,0
0.46358174,0
0.45839027,0
0.2018749,0
0.5041068,0
0.70132893,0
0.7283918,0
0.04668929,0
0.58819735,1
0.010763786,0
0.03294347,0
0.6141452,1
0.14927205,0
0.64805883,0
0.8484504,1
0.0018251281,0
0.23004408,0
0.54063123,0
0.62794966,0
0.039691668,0
0.3819494,1
0.010207465,0
0.80831975,1
0.037335686,0
0.33724967,0
0.78286606,1
0.13954026,1
0.7457285,1
0.54686916,0
0.790023,0
0.5494966,0
0.21061315,0
0.042675644,0
0.12784293,0
0.8455957,0
0.0069014127,0
0.0049271467,0
0.013934971,0
0.0033624982,0
0.08071735,0
0.43726104,1
0.057931148,0
0.411858,0
0.00790366,0
0.04535062,0
0.33679724,0
0.28979737,1
0.03991848,0
0.0035692947,0
0.17606777,0
0.0027130868,0
0.8033924,0
0.003988647,0
0.013131728,0
0.014285754,0
0.40332118,0
0.35116446,0
0.7418403,0
0.20150928,0
0.010214862,0
0.4491059,0
0.75175756,0
0.006164027,0
0.01521387,0
0.005637157,0
0.71345884,1
0.023516547,0
0.5504095,0
0.009997927,0
0.49261263,1
0.2642863,0
0.18061844,1
0.2445959,0
0.01845896,0
0.011297311,0
0.5883839,1
0.0037450092,0
0.007332921,0
0.7266964,1
0.006161171,0
0.04393642,0
0.015830565,0
0.6092662,0
0.09137031,0
0.0029616375,0
0.49325952,0
0.5350739,1
0.0031149834,0
0.5233182,0
0.006850996,0
0.0037583301,0
0.5716027,1
0.0024231477,0
0.51866907,0
0.41039675,0
0.0060104975,0
0.019029377,0
0.04942436,0
0.48569694,0
0.0036788967,0
0.024802128,0
0.8322997,0
0.82495046,0
0.012291757,0
0.058947835,0
0.0034913123,0
0.5142002,0
0.15499507,0
0.026189296,0
0.8459326,1
0.019174451,0
0.32737106,0
0.17799641,0
0.40693307,0
0.42326647,0
0.7201922,0
0.5798564,0
0.33883408,0
0.070923366,0
0.088296406,0
0.42108256,0
0.03983013,0
0.6865029,0
0.030684482,0
0.73008454,0
0.4878618,0
0.0030764283,0
0.7062781,1
0.59402204,0
0.031219453,0
0.058620855,0
0.0042031957,0
0.002763908,0
0.13830179,0
0.009236197,0
0.0047949557,0
0.19120368,0
0.065295525,0
0.7994902,1
0.76895976,0
0.04184222,0
0.5554612,0
0.0057032946,0
0.04494973,0
0.002841476,0
0.012815832,0
0.009478458,0
0.6456237,0
0.44613895,0
0.09411455,0
0.7530513,0
0.03167776,0
0.3470171,0
0.045785625,0
0.0018720254,0
0.06628565,0
0.0035568126,0
0.21410467,0
0.0034837867,0
0.52191454,0
0.7694296,1
0.49876678,0
0.39957047,0
0.1272837,0
0.004840239,0
0.0039266283,0
0.5572066,0
0.012932969,0
0.7115976,1
0.3284634,0
0.019718174,0
0.0051103607,0
0.12182488,0
0.6341029,1
0.7129614,1
0.91485655,1
0.6635374,0
0.44952324,0
0.19419518,0
0.0037159352,0
0.17286779,0
0.6924455,0
0.8592797,1
0.06410765,0
0.004458068,0
0.085093416,0
0.05132489,0
0.57305163,1
0.5919974,0
0.0038107196,0
0.05415763,0
0.06953943,0
0.029281558,0
0.80324644,0
0.033346083,0
0.65132517,1
0.0040735872,0
0.49833348,0
0.52485615,0
0.004266948,0
0.0047512995,0
0.002897329,0
0.6376616,0
0.61787814,1
0.6813539,0
0.4454553,0
0.0031484475,0
0.7264999,1
0.009088584,0
0.00779654,0
0.0056799897,0
0.044217378,0
0.20911162,0
0.096709415,1
0.47167227,0
0.82739705,1
0.15616027,0
0.0043550357,0
0.72443736,1
0.67099845,0
0.009607633,0
0.022129396,0
0.7752607,1
0.81851524,0
0.0063175517,0
0.49392915,0
0.3130093,0
0.5025272,0
0.6798386,0
0.5150562,0
0.112452775,0
0.0065217237,0
0.21629465,0
0.003840796,0
0.35361627,0
0.0029092513,0
0.12277298,0
0.01058572,0
0.4016851,0
0.0066034114,0
0.002799473,0
0.0040354836,0
0.019362157,0
0.4857222,1
0.13985331,0
0.008538152,0
0.3810407,0
0.0040278784,0
0.6985389,1
0.035100915,0
0.1830819,0
0.5439271,1
0.111174256,0
0.6710652,1
0.42940345,0
0.402984,0
0.5511226,0
0.012550115,0
0.27059713,0
0.0064382553,0
0.00490687,0
0.27564394,0
0.38398802,0
0.39752865,0
0.15288515,0
0.3501848,0
0.0048919218,0
0.6600051,1
0.03607795,0
0.027707601,0
0.007939654,0
0.0025621988,0
0.4368398,0
0.055667955,0
0.81020063,0
0.5917184,0
0.63163835,1
0.100712776,0
0.84007215,0
0.02688779,0
0.8466205,1
0.87274384,0
0.4309526,1
0.3101103,0
0.5372647,0
0.65085024,0
0.04377892,0
0.23366787,0
0.19329467,0
0.8628673,1
0.2031847,0
0.6425161,0
0.5799425,0
0.11076715,0
0.65318316,0
0.003090904,0
0.30352592,0
0.6878915,0
0.003203502,0
0.2423127,0
0.045953613,0
0.0060845693,0
0.009417703,0
0.33933625,0
0.13935079,0
0.005854855,0
0.49418753,0
0.44048542,0
0.6429428,0
0.22489052,0
0.8479819,1
0.11224097,0
0.005105492,0
0.65935755,1
0.0067527243,0
0.24602696,0
0.009742884,0
0.0039069606,0
0.012259814,0
0.73335445,0
0.048758745,0
0.7078439,0
0.47954354,0
0.044390745,0
0.6020288,0
0.021580776,0
0.70638174,1
0.28433466,0
0.00803654,0
0.6723895,1
0.28368545,0
0.0035277824,0
0.043698072,0
0.13345759,0
0.030548498,0
0.07592636,0
0.05082338,0
0.0055028144,0
0.7999954,0
0.57848555,1
0.32443497,0
0.7453876,0
0.83637476,0
0.020663133,0
0.14735919,0
0.3635759,0
0.68272644,0
0.7272021,1
0.80300945,1
0.5413557,0
0.1937962,0
0.052461427,0
0.07450579,0
0.0046054935,0
0.457724,0
0.11496613,0
0.002007348,0
0.6059127,0
0.18343452,0
0.074573785,0
0.017610261,0
0.6360131,0
0.17660934,0
0.058143813,0
0.12412396,0
0.007369264,0
0.028253032,0
0.0066003874,0
0.29132032,0
0.6257804,0
0.048132323,0
0.8735853,1
0.010250861,0
0.003831195,0
0.37980407,0
0.015200674,0
0.016837746,0
0.47483093,0
0.0118180085,0
0.23039798,0
0.30789575,0
0.41643047,0
0.7941911,0
0.0037829212,0
0.46297184,0
0.28573394,0
0.80403644,1
0.009778126,0
0.62990427,1
0.6556947,0
0.75811666,0
0.007765124,0
0.003434673,0
0.019050907,0
0.8625089,1
0.19233768,0
0.006865332,0
0.011275602,0
0.005639467,0
0.65041924,0
0.3375428,0
0.7190419,0
0.02522267,0
0.34390882,0
0.19618788,0
0.73776275,0
0.0040002875,0
0.78050756,1
0.031436015,0
0.013939839,0
0.5526747,0
0.5784718,0
0.0050614127,0
0.027172985,0
0.45771065,0
0.0042420505,0
0.40806937,0
0.048061624,0
0.44545117,0
0.018519554,0
0.01339346,0
0.0259073,0
0.009017168,0
0.62824035,0
0.02700558,0
0.88070965,0
0.7657295,0
0.002175201,0
0.11879465,0
0.49796554,0
0.2893382,0
0.47992176,0
0.0519323,0
0.013377446,0
0.7588573,1
0.0042011268,0
0.16629593,0
0.022444956,0
0.005746363,0
0.010463505,0
0.040365595,0
0.0032253896,0
0.0564943,0
0.011900172,0
0.7072329,0
0.09679476,0
0.7189456,0
0.5326654,0
0.3121474,1
0.55401886,0
0.5564309,0
0.5592768,1
0.13522442,0
0.20800625,0
0.23499323,0
0.7637799,1
0.076645166,0
0.0076174713,0
0.0066643995,0
0.010324273,0
0.15483832,0
0.42898965,0
0.048101455,0
0.2635435,0
0.67982376,1
0.5010912,1
0.006121255,0
0.68453467,0
0.004489505,0
0.13906176,0
0.54154605,0
0.014637022,0
0.55705696,0
0.18800864,0
0.6836408,0
0.5181964,0
0.28754908,0
0.65356153,0
0.4088115,0
0.003038673,0
0.13127898,0
0.0063645025,0
0.0056344257,0
0.01196466,0
0.63787216,1
0.6762473,0
0.3224923,0
0.42898768,0
0.013728406,0
0.035037503,0
0.0036513521,0
0.33750504,0
0.2642941,1
0.003119983,0
0.38420588,1
0.9309185,1
0.15683116,0
0.020437144,0
0.010495056,0
0.51034456,0
0.6750108,1
0.83683956,1
0.8367723,0
0.031569812,0
0.008592278,0
0.021089084,0
0.26950073,1
0.405846,0
0.8085212,1
0.27514198,0
0.77046156,0
0.005725144,0
0.92896295,0
0.628568,1
0.004011061,0
0.907095,1
0.74634665,1
0.04467958,0
0.1202102,0
0.027196057,0
0.007066629,0
0.68608344,1
0.8467285,0
0.3225993,0
0.0053401724,0
0.016065385,0
0.49374658,0
0.004007458,0
0.041408222,0
0.011846264,0
0.029314749,0
0.64446133,0
0.0066849715,0
0.14734827,0
0.77655363,0
0.2623215,0
0.16074765,0
0.6169947,0
0.017183328,0
0.613163,0
0.47252005,0
0.008082418,0
0.005710462,0
0.47430375,1
0.07297095,0
0.46056017,0
0.025920318,0
0.21982653,1
0.6731579,0
0.00320843,0
0.013441534,0
0.48439547,0
0.03943104,0
0.027832057,0
0.07559375,0
0.7537071,0
0.0043235873,0
0.03244218,0
0.009224711,1
0.21519186,0
0.75554955,0
0.6652524,1
0.06633343,0
0.7744536,0
0.26739743,0
0.00280211,0
0.0074645285,0
0.003025553,0
0.03956692,0
0.01212017,0
0.3737651,0
0.5152529,0
0.6077398,0
0.20712805,0
0.8225661,1
0.09998142,0
0.05659579,0
0.18269852,0
0.6642412,1
0.47413796,0
0.029845204,0
0.49745178,0
0.018930178,0
0.49765477,0
0.03128853,0
0.0066788252,0
0.4478784,0
0.4562845,0
0.05360713,0
0.7108698,0
0.347847,0
0.25805634,0
0.031963762,0
0.094021164,0
0.031366024,0
0.0071191834,0
0.29657507,0
0.0074344296,0
0.19995129,0
0.048297264,0
0.6392559,0
0.67155504,0
0.016786128,0
0.5528232,0
0.35982016,0
0.24081863,0
0.5378984,0
0.031344276,0
0.84653056,1
0.23785928,1
0.41654938,0
0.40918288,0
0.76691496,1
0.6857701,1
0.07516087,0
0.011780469,0
0.57192475,0
0.7035508,0
0.07255981,0
0.82035345,1
0.0047777407,0
0.6961022,0
0.008660685,0
0.0065044668,0
0.83952284,0
0.016574405,0
0.050909497,0
0.8097037,0
0.45522264,0
0.51496273,0
0.45575616,0
0.035970744,0
0.04012126,0
0.060330726,0
0.003489836,0
0.3524528,0
0.5468228,0
0.0070184614,0
0.0030389123,0
0.011514084,0
0.9121555,0
0.0046127457,0
0.011661356,0
0.07832309,0
0.24071158,1
0.008174012,0
0.64762354,0
0.4769554,0
0.13494988,0
0.41215748,0
0.014457578,0
0.12648806,0
0.081044935,0
0.0022532556,0
0.8580104,1
0.7512984,0
0.21040533,0
0.009325585,0
0.6112618,0
0.1839399,0
0.8093905,0
0.13122506,0
0.003766167,0
0.020410452,0
0.76170415,0
0.59987,0
0.0110352505,0
0.034318592,0
0.002691988,0
0.056682132,0
0.26344362,1
0.50713986,0
0.0044285376,0
0.8311127,1
0.0465203,0
0.71559876,0
0.72537506,0
0.3910258,0
0.004631887,0
0.004221834,0
0.11286285,0
0.6189466,0
0.4111101,0
0.011850412,0
0.19753844,0
0.007826408,0
0.42724463,0
0.33907872,0
0.15294513,0
0.81712574,1
0.72233135,0
0.09417008,0
0.37360188,0
0.66834164,0
0.89478,0
0.005179843,0
0.64996237,0
0.20288527,0
0.7271857,1
0.0017359738,0
0.6935278,1
0.15215491,0
0.19713967,0
0.69764596,0
0.4835025,0
0.004611815,0
0.028761081,0
0.01590876,0
0.005359034,0
0.7979408,0
0.024706965,0
0.81069916,1
0.0060537043,0
0.004181414,0
0.31261513,0
0.023915557,0
0.32868513,0
0.6360882,0
0.03267788,0
0.43804893,0
0.6463911,0
0.0033341253,0
0.11754957,0
0.6033776,0
0.09458678,0
0.76578563,1
0.008287466,0
0.62963235,1
0.7392403,1
0.71839577,0
0.076767944,0
0.0034610822,0
0.14662528,0
0.01807377,0
0.2550778,0
0.6366251,1
0.9179579,1
0.5855402,0
0.008459423,0
0.4361109,0
0.0113254255,0
0.012870397,0
0.041695643,0
0.0038924664,0
0.46634912,0
0.41169322,0
0.5260895,0
0.10747885,0
0.0044458355,0
0.017763851,0
0.6950513,0
0.0087515125,0
0.81735474,0
0.006699508,0
0.046733648,0
0.017117748,1
0.13373676,0
0.16477866,0
0.6202506,0
0.12792547,0
0.8675144,1
0.004043299,0
0.002589729,0
0.47941926,1
0.0044777887,0
0.115288205,0
0.5246417,0
0.0059896177,0
0.0023741655,0
0.44887257,0
0.0045100087,0
0.23140472,0
0.10262448,0
0.6900406,0
0.082133085,0
0.35859123,0
0.81887776,1
0.031714145,0
0.3645338,0
0.007001736,0
0.012495022,0
0.0048643327,0
0.11719872,0
0.0093325395,0
0.61058253,0
0.32516342,0
0.92035824,1
0.7272131,1
0.0051812367,0
0.0016545336,0
0.17808741,0
0.003389461,0
0.020977987,0
0.59490997,0
0.0029310707,0
0.62900317,0
0.8359389,0
0.03359369,0
0.2564567,1
0.056789815,0
0.12093716,0
0.85295486,1
0.018037798,0
0.22987053,0
0.0066546784,0
0.04929075,0
0.6961618,1
0.3318331,0
0.030722208,0
0.53535706,0
0.14809227,0
0.38845098,0
0.005694934,0
0.16120584,0
0.006566261,0
0.004928248,0
0.015160695,0
0.8159731,1
0.02985128,0
0.24890357,0
0.6041358,1
0.10195822,0
0.004029283,0
0.6667178,0
0.40576488,0
0.054412123,0
0.04511496,0
0.0032254371,0
0.6833741,1
0.115495116,0
0.4360452,0
0.004180263,0
0.01752607,0
0.0029133179,0
0.0048715696,0
0.50019217,0
0.0030744052,0
0.3866202,1
0.5210367,0
0.00666439,0
0.8473634,1
0.027436664,0
0.7003628,0
0.4560003,0
0.03775003,0
0.118464075,0
0.510416,0
0.17437613,0
0.05414825,0
0.40059808,0
0.33646193,0
0.61929315,0
0.011611282,0
0.42791876,0
0.031412967,0
0.0023758984,0
0.25990483,0
0.13968565,0
0.57713807,0
0.05952691,0
0.27702942,0
0.0041073537,0
0.81812316,1
0.6217097,1
0.0053099506,0
0.40569824,1
0.54405063,0
0.055273443,0
0.039019648,0
0.0356106,0
0.0026428779,0
0.7917132,0
0.37132138,0
0.48785517,1
0.5274991,0
0.689532,1
0.6605444,1
0.0065536327,0
0.35369498,0
0.11011563,0
0.017539252,0
0.78968996,1
0.086174,0
0.06618311,0
0.05682015,0
0.10622363,1
0.015774986,0
0.15304253,0
0.75248635,1
0.027159927,0
0.004152145,0
0.0677505,0
0.21518993,0
0.0020500927,0
0.8556314,1
0.5136518,0
0.0016689824,0
0.018596008,0
0.48556662,0
0.67501086,0
0.008016883,0
0.0061194138,0
0.5092469,0
0.6779508,1
0.00755056,0
0.026822975,0
0.32054976,0
0.0056390683,0
0.5785187,0
0.16002999,0
0.1058834,0
0.048350375,0
0.39836,0
0.18526329,0
0.61992806,0
0.686092,1
0.19129415,0
0.022522952,0
0.7339921,1
0.59114945,0
0.26874408,0
0.040936194,0
0.03768495,0
0.7231668,0
0.011178095,0
0.74842405,0
0.03803395,0
0.027200703,0
0.6755704,0
0.38117298,0
0.0074695474,0
0.4866666,0
0.09889403,0
0.779632,1
0.72416824,1
0.50567806,0
0.5280356,1
0.008010102,0
0.06795988,0
0.0040361104,1
0.0054206206,0
0.42270875,0
0.5873329,1
0.17106527,0
0.31329995,0
0.022346923,0
0.0016098177,0
0.027857302,0
0.18312888,0
0.008810771,0
0.24438335,0
0.4630319,1
0.04814267,0
0.012533585,0
0.064603835,0
0.027081382,0
0.0028699806,0
0.17553432,0
0.039214414,0
0.4190397,1
0.7194633,0
0.023199555,0
0.24392812,0
0.020044256,0
0.007932867,0
0.007316116,0
0.0012427203,0
0.8499357,1
0.011711969,0
0.72012305,0
0.16977979,0
0.576909,0
0.005317022,0
0.018488873,0
0.14948909,0
0.37884033,0
0.36647376,1
0.02139186,0
0.0033058817,0
0.69320506,0
0.027862525,0
0.006355197,0
0.26793087,0
0.26233444,0
0.06191388,0
0.18468969,0
0.14699544,0
0.07309326,0
0.7176009,1
0.0064724255,0
0.8066157,1
0.63420683,0
0.78652406,0
0.8840269,0
0.28039083,0
0.5261697,0
0.672674,1
0.6198538,1
0.612871,0
0.8053746,0
0.64726084,0
0.37096894,0
0.61253285,0
0.33216217,0
0.0022509336,0
0.053033236,0
0.80085033,1
0.101535715,0
0.06697594,0
0.82228875,0
0.016835013,0
0.15342343,0
0.6134714,0
0.60696983,0
0.7420941,0
0.2891909,0
0.43242303,0
0.38807485,0
0.011204753,0
0.13567412,1
0.70690864,1
0.44625184,0
0.01191028,0
0.0031421236,0
0.19624442,0
0.29280716,0
0.662924,1
0.19800714,1
0.8604883,0
0.12341674,0
0.3168505,0
0.025210042,0
0.71450126,0
0.8429875,0
0.015774727,0
0.13800688,0
0.5326092,0
0.259071,0
0.05486381,0
0.09347133,0
0.0022073584,0
0.79440933,0
0.030887026,0
0.56961346,0
0.5867409,1
0.49500796,0
0.08673768,0
0.010578107,0
0.7471961,1
0.7699459,1
0.4061393,0
0.006885854,0
0.730905,0
0.028336635,0
0.0034065747,0
0.7653629,1
0.38246882,0
0.064641595,0
0.4970194,1
0.7395534,1
0.18304779,0
0.1661472,0
0.7809976,0
0.45328617,0
0.0079440875,0
0.0035466452,0
0.70672995,1
0.650661,1
0.003339961,0
0.68115705,0
0.14651197,0
0.4612196,0
0.035483375,0
0.7764866,0
0.23354132,0
0.05586538,0
0.26255664,0
0.0018422761,0
0.0071400874,0
0.006041933,1
0.44924888,0
0.32173344,0
0.7197473,1
0.010091016,0
0.0057438193,0
0.035769437,0
0.15804936,0
0.042255558,0
0.20100155,0
0.006282709,0
0.29040056,0
0.34122276,1
0.0052408027,0
0.6959544,0
0.79221994,1
0.008997618,0
0.42164642,0
0.5243184,1
0.019656066,0
0.0051344302,0
0.5576679,1
0.008570773,0
0.03274648,0
0.5034326,0
0.75221235,0
0.09646784,0
0.6544753,0
0.005318162,0
0.0027700684,0
0.048703607,0
0.6265083,1
0.0962041,0
0.0036128224,0
0.11564695,0
0.0243301,0
0.03793062,0
0.5393758,0
0.20811354,0
0.72513497,0
0.03051378,0
0.0055275527,0
0.5730746,0
0.02575098,0
0.7392631,0
0.053367674,0
0.005457711,0
0.19730367,0
0.06492285,0
0.32231897,0
0.74123114,0
0.51712734,0
0.004906332,0
0.59580994,0
0.88300544,0
0.47496232,1
0.004373557,0
0.44003573,0
0.7319523,0
0.36246803,0
0.3007626,0
0.7180751,0
0.042095993,0
0.72567195,0
0.41986173,0
0.14444286,0
0.44043964,0
0.002901921,0
0.53513664,1
0.0058460324,0
0.013223773,0
0.007567509,0
0.37414175,0
0.4986847,0
0.013225379,0
0.45086595,1
0.02863306,0
0.012131543,0
0.85410583,0
0.071611926,0
0.39879516,0
0.008626095,0
0.0032382186,0
0.06628687,0
0.12587906,0
0.013433695,0
0.03634058,0
0.0056607835,0
0.5028119,0
0.021802096,0
0.82831407,1
0.013994294,0
0.56269044,0
0.008900706,0
0.5801645,1
0.0035754577,0
0.006666474,0
0.73357517,1
0.14891247,0
0.33834514,0
0.6683314,0
0.009113163,0
0.034258783,0
0.067863174,0
0.021245768,0
0.32505223,1
0.44775024,0
0.82129085,0
0.0037499014,0
0.20527165,0
0.47191277,1
0.0071495078,0
0.015748022,0
0.011931645,0
0.15722436,0
0.56481725,0
0.6485312,0
0.40724024,0
0.056666516,0
0.0049641053,0
0.5493032,0
0.026506687,0
0.20996304,0
0.0037411312,0
0.6813664,0
0.22691774,0
0.5528886,0
0.72788423,0
0.54527205,0
0.008899397,0
0.43954265,0
0.0073813424,0
0.44757956,0
0.43210515,0
0.017803155,0
0.7000967,0
0.24699688,0
0.062349726,0
0.76075256,0
0.026562234,0
0.26790884,0
0.03723813,1
0.15955803,0
0.6698082,1
0.017869597,0
0.39365208,0
0.011613405,0
0.8137113,1
0.004989944,0
0.69496197,1
0.70814955,0
0.047676448,0
0.0031443588,0
0.1609124,0
0.30502322,1
0.005778668,0
0.0026602244,0
0.030838853,0
0.08127092,0
0.0022510344,0
0.68071914,0
0.6478723,0
0.46801597,0
0.016141472,0
0.54754317,0
0.00815545,0
0.1462557,0
0.8017719,1
0.078151494,0
0.026955714,0
0.5104238,0
0.027436638,0
0.0080683995,0
0.24869259,0
0.024704402,0
0.7341703,0
0.00443115,0
0.062745884,0
0.84963924,0
0.45611757,1
0.02561927,0
0.48461667,0
0.056347717,0
0.0025290702,0
0.009231795,0
0.013504474,0
0.8432839,0
0.5678639,0
0.026510501,0
0.4812792,1
0.55877113,0
0.13609804,0
0.50798905,1
0.22128835,0
0.0014904942,0
0.012005071,0
0.028440164,0
0.16481471,0
0.6935984,1
0.5545631,0
0.014427919,0
0.5657304,1
0.040448215,0
0.12071329,0
0.008759268,0
0.20304626,0
0.0025779633,0
0.85607076,1
0.0054854024,0
0.5266997,0
0.0037389959,0
0.6264502,0
0.7225621,1
0.8663839,1
0.0052632755,0
0.75353307,1
0.8228409,1
0.013978104,0
0.07695086,0
0.7240767,1
0.4211431,0
0.2735567,0
0.0070609064,0
0.16447172,0
0.5373627,1
0.37899518,0
0.020266995,0
0.002443238,0
0.6119032,1
0.5884221,1
0.7147294,0
0.025723642,0
0.07492178,0
0.18487202,0
0.027394908,0
0.6703485,1
0.037191257,0
0.6481899,0
0.74734133,0
0.001985267,0
0.7308224,0
0.9051267,0
0.0027246429,0
0.0057958597,0
0.07322214,0
0.41398072,0
0.0024233034,0
0.003209983,0
0.832443,0
0.8562709,1
0.00450556,0
0.082442746,0
0.6055634,0
0.009977106,0
0.0018891044,0
0.85198617,0
0.82619834,1
0.008588541,0
0.7817603,0
0.7806043,0
0.0034963188,0
0.0019596908,0
0.4654921,0
0.013665226,0
0.253364,0
0.008781197,0
0.18519802,0
0.7223095,0
0.017931748,0
0.018529126,0
0.7858604,0
0.59968585,0
0.7677823,1
0.5985794,1
0.0039419713,0
0.25979283,0
0.06525254,0
0.36408058,0
0.44903356,1
0.0040595764,0
0.036688473,0
0.008775466,0
0.51934457,0
0.4940811,1
0.69468,1
0.7052796,0
0.0065868883,0
0.003833922,0
0.22199053,0
0.10024539,0
0.0045015346,0
0.0024511605,0
0.11764314,1
0.018108232,0
0.090949945,0
0.012829739,0
0.0044868975,0
0.2722386,0
0.018099073,0
0.018025665,0
0.06690301,0
0.24587858,0
0.004528679,0
0.19616532,0
0.72484994,0
0.74423885,0
0.12295574,0
0.008380489,0
0.006472131,0
0.01624092,0
0.36590078,0
0.0034514088,0
0.006233743,0
0.68933946,0
0.00613423,0
0.22595358,0
0.02937801,0
0.014918557,0
0.072367996,0
0.005041528,0
0.17431872,0
0.60158914,0
0.8465841,1
0.003413843,0
0.71382934,0
0.20785588,0
0.011660229,0
0.74159557,0
0.2934615,1
0.0037657698,0
0.002580575,0
0.17587204,0
0.0030625754,0
0.083118275,0
0.00421535,0
0.03391025,0
0.0058804387,0
0.6402674,1
0.31105182,0
0.6694312,1
0.46175525,0
0.52339506,0
0.008045009,0
0.0027461357,0
0.77935725,0
0.0109601915,0
0.006631821,0
0.0073057543,0
0.017013254,0
0.14578368,1
0.45705986,0
0.6563832,0
0.04574514,0
0.091144904,0
0.78590095,0
0.42611453,0
0.20128193,0
0.00855492,0
0.019738937,0
0.61437607,1
0.024647214,0
0.36249104,0
0.008909426,0
0.61978704,0
0.59756166,0
0.41093406,0
0.030914556,0
0.16162583,0
0.0063675307,0
0.8394842,0
0.040912163,0
0.13992567,0
0.7021749,1
0.33751726,0
0.0056375396,0
0.060456574,0
0.72287035,0
0.20925823,0
0.6132715,1
0.20489869,0
0.08580691,0
0.07892207,0
0.22075889,0
0.017347671,0
0.007698356,0
0.41966358,0
0.7886771,0
0.50027406,0
0.6224612,1
0.0026701118,0
0.013054254,0
0.0024667378,0
0.10506403,0
0.69282615,0
0.8542061,1
0.36674878,0
0.0033853576,0
0.03834392,0
0.48222685,0
0.8709827,1
0.4342932,0
0.586927,1
0.64152384,0
0.017024582,0
0.016883748,0
0.4234658,0
0.35259774,0
0.44200268,0
0.24182108,0
0.5804406,0
0.2696966,0
0.01261094,0
0.07717376,0
0.51959246,0
0.025604613,1
0.0042181085,0
0.0053982856,0
0.0062515447,0
0.478114,0
0.0068312786,0
0.088357866,0
0.0019045261,0
0.4757681,0
0.46885866,0
0.010270192,0
0.0025799985,0
0.009181826,0
0.65401715,1
0.6643097,0
0.6944351,0
0.029820694,0
0.004687487,0
0.6111638,0
0.4643482,0
0.19811428,0
0.49887696,0
0.62309575,0
0.44916293,1
0.0019205277,0
0.10431809,0
0.459175,0
0.67969996,1
0.7119509,0
0.0121704,0
0.0017782231,0
0.63041997,0
0.7943815,1
0.3512167,0
0.60472834,0
0.83913577,1
0.68096507,0
0.8059723,0
0.4204658,0
0.4767725,0
0.5625635,0
0.87506086,0
0.64869225,1
0.011638186,0
0.2252125,0
0.006870965,0
0.024698986,0
0.04795257,0
0.5655026,0
0.003904929,0
0.5606951,1
0.79938203,0
0.005878362,0
0.6836809,1
0.26045376,1
0.005117704,0
0.18970007,0
0.1418462,0
0.0035653336,0
0.4867946,0
0.7537816,0
0.40680137,0
0.002106525,0
0.03648705,0
0.011103672,0
0.57782984,0
0.35972342,0
0.25288257,1
0.012594142,0
0.32148734,1
0.47547922,0
0.096012115,0
0.02516097,0
0.28486508,0
0.0075673442,0
0.0042931153,0
0.0071192374,0
0.17216337,0
0.13639395,0
0.014429369,0
0.020210497,0
0.5903537,0
0.03291166,0
0.009112203,0
0.7435329,1
0.7186851,1
0.6221236,1
0.029056178,0
0.40703395,0
0.13063774,0
0.026618931,0
0.17042892,0
0.043552008,0
0.6934085,1
0.7994229,0
0.8263514,0
0.016699707,0
0.010357795,0
0.28368035,0
0.6833458,0
0.057551716,0
0.0026002182,0
0.0029244968,0
0.0027714188,0
0.010668468,0
0.50021553,1
0.0028929405,0
0.010758978,0
0.75979733,0
0.72227377,1
0.120925,0
0.6381262,1
0.0018848799,0
0.0054101367,0
0.066733204,0
0.039076097,0
0.7338112,1
0.42680925,0
0.016815081,0
0.0034321523,0
0.7672884,0
0.41618657,0
0.6123132,0
0.81191653,0
0.21037662,0
0.037659142,0
0.71759367,0
0.005516,0
0.020614488,0
0.5874227,0
0.25995252,0
0.6931163,0
0.0021058915,0
0.33661377,0
0.0032708785,0
0.0034517138,0
0.042277575,0
0.77608436,0
0.005206576,0
0.4710289,1
0.07965118,0
0.4316404,0
0.76706946,1
0.7127535,1
0.87075645,0
0.0030894424,0
0.5512796,0
0.59536475,1
0.3027233,0
0.15773843,0
0.010238068,0
0.44354853,0
0.3022195,0
0.08314631,0
0.043029703,0
0.07375325,0
0.14990604,0
0.0029563634,0
0.62389326,0
0.61204505,0
0.7412145,0
0.015870871,0
0.0028979215,0
0.24883544,0
0.058289826,0
0.25935,0
0.59084606,0
0.0031654316,0
0.5961639,0
0.18546158,0
0.008180076,0
0.27218717,0
0.0028106193,0
0.0256418,0
0.6793139,0
0.012723198,0
0.2462808,0
0.04308292,0
0.47429377,1
0.10846572,0
0.16948132,0
0.027680293,0
0.002139694,0
0.8147825,0
0.72147244,1
0.0034895209,0
0.02518682,0
0.15737051,0
0.011146273,0
0.02596757,0
0.82494813,1
0.70348555,0
0.004952578,0
0.8076745,1
0.61262363,0
0.3309019,0
0.84377664,0
0.275993,0
0.005302292,0
0.6643961,0
0.6957013,0
0.0048582247,0
0.6632803,0
0.7869848,0
0.7735525,1
0.4923664,0
0.029601064,0
0.31197348,0
0.061443754,0
0.77422106,1
0.72496843,0
0.08832469,0
0.85242224,0
0.21815246,0
0.64163095,0
0.68687075,1
0.59766984,0
0.62200487,0
0.6880014,0
0.08884212,0
0.6365937,0
0.81404996,0
0.0042617177,0
0.29804528,0
0.0034630615,0
0.028610783,0
0.3678777,0
0.005194247,0
0.41314676,0
0.68842375,0
0.0019240892,0
0.04123788,0
0.20783319,0
0.38818565,0
0.0028924604,0
0.30664396,0
0.5082793,1
0.0023738265,0
0.0038422921,0
0.70655584,0
0.022870068,0
0.46744692,0
0.041166607,0
0.033998545,0
0.11211129,0
0.21231529,1
0.0033268281,0
0.47324958,1
0.039654616,0
0.8282737,0
0.786667,0
0.26865444,0
0.15466079,0
0.06551429,0
0.31165296,0
0.018538954,0
0.54695076,0
0.4270548,0
0.61192787,0
0.5971496,0
0.72106904,1
0.64763206,1
0.0027379612,0
0.74309963,0
0.46014565,0
0.8049222,1
0.039277416,0
0.7505049,1
0.04145419,0
0.50107616,1
0.11037433,0
0.0129283685,0
0.030798852,0
0.050900087,0
0.008598922,0
0.0888989,0
0.4137624,0
0.0077932063,0
0.6545406,0
0.013808365,0
0.004616458,0
0.004389741,0
0.7954084,0
0.0046498436,0
0.0031244594,0
0.59509444,1
0.29382834,0
0.83034724,0
0.2939333,0
0.02222402,0
0.7038821,1
0.72630525,0
0.012162428,0
0.38508484,0
0.004100389,0
0.0092445435,0
0.045399953,0
0.0071701747,0
0.053375956,0
0.8388515,1
0.6294779,0
0.015106624,0
0.02909314,0
0.7724677,1
0.7769084,0
0.11223503,0
0.026727514,0
0.6582378,1
0.015636425,0
0.18599856,0
0.1063423,0
0.005812143,0
0.8448631,0
0.8634084,1
0.22619104,0
0.7446216,0
0.4566858,1
0.28734252,0
0.47776905,1
0.70684,0
0.08353668,0
0.01262032,0
0.0022499538,0
0.5483592,0
0.0032153807,0
0.4540756,0
0.025351776,0
0.03808614,0
0.68980646,1
0.016549218,0
0.22282602,0
0.006424276,0
0.059957344,0
0.8377829,1
0.0019174445,0
0.60439706,0
0.8383385,1
0.5142232,0
0.006503198,0
0.009178005,0
0.123588935,0
0.0024206291,0
0.62911755,1
0.0036589163,0
0.09431687,0
0.7623574,1
0.704759,0
0.010214882,0
0.72105426,0
0.16796254,0
0.13926835,0
0.7639532,0
0.28910187,0
0.53632826,1
0.74354666,0
0.80380356,1
0.15809967,0
0.45328087,1
0.13828704,0
0.008215994,0
0.0790713,0
0.7089601,0
0.25544244,0
0.040639702,0
0.54671955,0
0.48835894,0
0.081302814,0
0.732148,0
0.042842615,0
0.6922713,0
0.0056179157,0
0.3794022,0
0.10610561,0
0.27642474,1
0.59495604,0
0.0060596666,0
0.15796609,0
0.8313019,0
0.2549247,1
0.08030494,0
0.7495312,0
0.19374745,0
0.12030759,0
0.70950156,1
0.35182303,1
0.004578708,0
0.77333504,1
0.6876127,0
0.008225433,0
0.3626764,1
0.03770721,0
0.01461977,0
0.22150171,0
0.69401085,0
0.5221271,0
0.070706554,0
0.0122162765,0
0.6527131,1
0.0046327556,0
0.06645662,0
0.09766921,0
0.64579934,0
0.8698095,1
0.2836182,0
0.003313317,0
0.011584879,0
0.011821562,0
0.8764307,0
0.00963347,0
0.87093335,0
0.00988111,0
0.4860776,0
0.010732621,0
0.0056890757,0
0.38801807,0
0.6498569,1
0.0018605243,0
0.09899935,0
0.015030898,0
0.0052705556,0
0.038410876,0
0.0072720665,0
0.8985542,1
0.0052352147,0
0.08299675,0
0.48891398,0
0.69967055,1
0.5778448,1
0.51358026,0
0.0043883347,0
0.56525,1
0.003181142,0
0.01059199,0
0.32444686,0
0.53278804,0
0.17655025,0
0.004349197,0
0.010827459,0
0.12156794,0
0.10065481,0
0.02367401,0
0.7522692,0
0.32734385,0
0.2049059,0
0.0023736323,0
0.8448884,1
0.04940576,0
0.01110979,0
0.0026376445,0
0.004324569,0
0.07129791,0
0.0096186185,0
0.7733496,1
0.024603581,0
0.808185,0
0.54063964,0
0.26814425,0
0.6583537,0
0.041235935,0
0.052363187,0
0.8535477,0
0.0041943933,0
0.0056058005,0
0.21963884,0
0.25357252,0
0.043222636,0
0.030511389,0
0.06423443,0
0.46432957,1
0.60072,0
0.0029867892,0
0.007466652,0
0.7412428,0
0.09437161,0
0.6746752,0
0.016356055,0
0.6147704,1
0.883004,0
0.04893392,0
0.021392534,0
0.010544691,0
0.010038717,0
0.5827886,0
0.61146307,1
0.048456255,0
0.378443,0
0.5606677,0
0.0022721402,0
0.8286316,0
0.0073316675,0
0.6856156,1
0.06448407,0
0.17354888,0
0.5750991,0
0.0026945523,0
0.002097048,0
0.008792463,0
0.41072258,0
0.014623019,0
0.75047874,0
0.39903927,1
0.60723466,0
0.5658747,0
0.29717216,0
0.41884264,0
0.1726071,0
0.0031629768,0
0.13691491,0
0.23417188,0
0.17019679,0
0.8185402,1
0.80817455,1
0.011713002,0
0.07559385,0
0.3089098,0
0.09718967,0
0.15946391,0
0.015703825,0
0.007811083,0
0.30161566,0
0.008889087,0
0.7154497,0
0.39781588,0
0.6609563,1
0.016617496,0
0.06956693,0
0.14766642,1
0.7774015,0
0.7304074,0
0.008626633,0
0.0065273866,0
0.82329154,0
0.7168716,0
0.3837459,0
0.035961047,0
0.04827776,0
0.0036798322,0
0.64356405,0
0.56373847,0
0.0037407456,0
0.0021678468,0
0.041389447,0
0.9103392,0
0.7707816,1
0.0041007707,0
0.39964247,1
0.42490837,0
0.80478513,1
0.117272854,0
0.33428797,0
0.004540584,0
0.6682283,0
0.1979627,0
0.070907705,0
0.010782776,0
0.08916367,0
0.81615883,0
0.0033606756,0
0.02790494,0
0.03909672,0
0.7211147,0
0.016828228,0
0.0040195277,0
0.0023288513,0
0.63952416,0
0.007357003,0
0.5524231,1
0.02838948,0
0.5763154,1
0.8613192,1
0.15380737,0
0.024456289,0
0.05555309,0
0.8389641,0
0.31593177,0
0.6972554,0
0.6174404,0
0.042165164,0
0.01310109,0
0.68934125,0
0.06899633,0
0.43000796,0
0.5888435,0
0.32577476,0
0.003836775,0
0.4548902,1
0.012915967,0
0.81775886,0
0.31578553,1
0.0060121925,0
0.0024422004,0
0.44879857,0
0.07299198,0
0.5162123,0
0.004881865,0
0.006562747,0
0.46683496,0
0.8365736,0
0.17922528,0
0.5609407,1
0.786008,1
0.4423914,0
0.6738362,0
0.42898202,0
0.012108066,0
0.26105946,0
0.0027769436,0
0.67564905,0
0.0017795415,0
0.0037594032,0
0.60950893,0
0.0040037204,0
0.7991733,0
0.25944728,0
0.7089287,0
0.7747398,1
0.0049586887,0
0.0069023864,0
0.3328435,0
0.5349017,0
0.7189559,0
0.0025727737,0
0.013207475,0
0.5949121,0
0.0032931704,0
0.8111402,0
0.0039288946,0
0.8638876,1
0.3333929,0
0.76429427,0
0.006066221,0
0.34638116,0
0.003691862,0
0.2053071,0
0.0017844499,0
0.030128699,0
0.034878887,0
0.0054097935,0
0.0029151386,0
0.05656805,0
0.005494947,0
0.24141113,0
0.6565428,1
0.5303918,0
0.47049004,0
0.0057994053,0
0.015799103,0
0.05694579,0
0.00342306,0
0.6379549,1
0.08945802,0
0.009889923,0
0.13584954,0
0.18084382,0
0.006601147,0
0.60599947,0
0.0119349845,0
0.007428221,0
0.61717063,0
0.44785818,1
0.024555035,0
0.7541336,1
0.008542339,0
0.7030623,1
0.21317212,0
0.005129339,0
0.014845429,0
0.58421075,1
0.0058907196,0
0.713545,0
0.21661244,0
0.026745895,0
0.011939225,0
0.004321683,0
0.030587008,0
0.013950455,0
0.31581587,0
0.7609699,1
0.0039848676,0
0.79265976,1
0.0030616918,0
0.7035861,1
0.05903683,0
0.025929045,0
0.07825197,0
0.008828329,0
0.24547976,0
0.42030296,0
0.6406394,0
0.0036997385,0
0.46611172,0
0.5538425,0
0.0023747403,0
0.18246314,0
0.84186965,0
0.002374601,0
0.16742471,1
0.002964239,0
0.7591825,0
0.41240644,0
0.005534312,0
0.0024720868,0
0.006634796,0
0.062163696,0
0.009617751,0
0.879605,1
0.0086918175,0
0.055726808,0
0.67154795,0
0.4873186,0
0.0021062775,0
0.0432751,0
0.8243272,0
0.21889158,0
0.0069541307,0
0.28959617,1
0.21411282,0
0.22359969,0
0.007622924,0
0.12663122,0
0.47072798,0
0.39267525,0
0.544846,0
0.0823585,0
0.076309584,0
0.04771592,0
0.6965387,0
0.5329221,0
0.15680826,0
0.37262204,0
0.10635945,0
0.5330724,0
0.010779161,0
0.020269183,0
0.0039417376,0
0.77245474,1
0.8020291,0
0.7522272,0
0.57375705,1
0.002242966,0
0.0047963387,0
0.16366856,0
0.010240861,0
0.6193789,0
0.51991755,0
0.0063774404,0
0.72401094,1
0.54184437,1
0.011719886,0
0.107123084,0
0.73479456,0
0.020588387,0
0.010599028,0
0.41789532,0
0.62511045,0
0.0027918105,0
0.0096837105,0
0.20315799,0
0.0038869183,0
0.6927031,0
0.9017131,1
0.7078683,0
0.7306463,1
0.712891,0
0.7297041,1
0.47961444,0
0.061585166,0
0.1801025,0
0.03742145,0
0.15282954,0
0.7477056,1
0.81258917,1
0.01548268,0
0.1527654,0
0.45502767,0
0.0050082738,0
0.09329909,0
0.20481932,0
0.009690183,0
0.008642862,0
0.00344075,0
0.038116198,0
0.13248481,1
0.012203051,0
0.308781,0
0.3981589,0
0.016451016,0
0.84866095,1
0.06001762,0
0.70520496,0
0.017104251,0
0.4029335,0
0.5129743,1
0.0050988216,0
0.51609844,1
0.6010724,1
0.10960322,0
0.0026910293,0
0.00883337,0
0.18078275,0
0.0032875624,0
0.06832946,0
0.13464151,0
0.75739187,0
0.059508685,0
0.6970359,0
0.33487806,0
0.05228993,0
0.0035140922,0
0.75730133,1
0.0029442764,0
0.886377,1
0.009425558,0
0.8260354,0
0.007273037,0
0.005731592,0
0.043798693,0
0.31102926,0
0.056855205,0
0.077461876,0
0.6453495,0
0.6525297,1
0.5863011,1
0.0035247211,0
0.5652139,1
0.21171536,0
0.817476,1
0.03581276,0
0.16427773,0
0.63466066,0
0.7390188,0
0.0017113049,0
0.0067531015,0
0.0062709367,0
0.8302352,0
0.5396578,0
0.61460334,1
0.5820388,1
0.70611155,0
0.19301552,0
0.43452096,0
0.7971299,0
0.52988565,1
0.0039020032,0
0.008871263,0
0.004527271,0
0.1620485,0
0.0023840386,0
0.3263833,0
0.74751335,0
0.55669487,0
0.41940826,0
0.22228055,0
0.08598685,0
0.0923077,1
0.02720079,0
0.012432389,0
0.05239434,0
0.65598357,1
0.74065274,1
0.78656715,0
0.1865222,0
0.6985371,0
0.018997973,0
0.2944918,0
0.79013085,0
0.60179746,0
0.32625946,0
0.32831097,0
0.00769466,0
0.29781654,0
0.6126419,0
0.5463417,0
0.7448275,0
0.60018164,1
0.079191424,0
0.73131377,0
0.03211854,0
0.5451029,0
0.04120943,0
0.3847198,0
0.0017896071,0
0.007985394,0
0.0026182423,0
0.28912234,0
0.72629833,0
0.01660926,0
0.0033741947,0
0.017592344,0
0.021043785,0
0.13265866,0
0.22223079,1
0.011213779,0
0.37579536,0
0.57047814,0
0.80156916,1
0.67881835,0
0.020417666,0
0.58862996,1
0.27194804,0
0.2960841,0
0.022515213,0
0.76383924,1
0.28582215,0
0.7270615,1
0.80701596,0
0.7699705,1
0.3114275,0
0.66712296,1
0.16118063,0
0.26454255,0
0.5013758,0
0.042848997,0
0.042040527,0
0.02862537,0
0.011185348,0
0.5902513,0
0.0043257847,0
0.006954421,0
0.30878204,0
0.15698998,0
0.26395455,0
0.0041747657,0
0.0024893489,0
0.72995615,1
0.006397201,0
0.15350194,0
0.014340555,0
0.20626684,0
0.008708152,0
0.33287364,0
0.8128994,0
0.030471344,0
0.845012,1
0.38730896,0
0.5846205,0
0.27023137,0
0.0055935443,0
0.6873768,0
0.013736776,0
0.31367648,0
0.011101578,0
0.19979544,0
0.1961432,0
0.057231944,0
0.057529505,0
0.011245972,0
0.016541777,0
0.74122155,1
0.0055175223,0
0.011897968,0
0.13754447,0
0.006055469,0
0.45419037,0
0.003781112,0
0.5461628,0
0.72927207,1
0.76995546,1
0.039678566,0
0.046007197,0
0.038983546,0
0.47073555,0
0.04277167,0
0.15276209,0
0.47488177,0
0.06130717,0
0.0092398245,0
0.005897453,0
0.7863945,1
0.03377098,0
0.6469652,0
0.008965129,0
0.02598405,0
0.8367577,1
0.0016556302,0
0.61626637,0
0.0024990137,0
0.72782475,0
0.0044963514,0
0.42302686,0
0.009944237,0
0.33105373,0
0.7571374,0
0.021700656,0
0.38669932,0
0.6781896,1
0.34265622,0
0.76716465,1
0.9343155,0
0.5856088,0
0.43718493,0
0.21544671,0
0.0041728807,0
0.34049395,0
0.06440659,0
0.006154949,0
0.1175812,0
0.45830792,0
0.52065367,0
0.8572794,0
0.062278338,0
0.7735703,0
0.7463565,0
0.02054464,0
0.7306375,0
0.011052901,0
0.7302548,0
0.1505902,0
0.0039105937,0
0.38710317,0
0.6337636,1
0.43865332,1
0.01712455,0
0.12984428,0
0.07233558,0
0.0028011894,0
0.0554104,0
0.012554062,0
0.5894775,0
0.4184191,1
0.0032041827,0
0.015560995,0
0.6728228,0
0.3181843,0
0.11091754,0
0.03301433,0
0.006990679,0
0.6096727,1
0.07540301,0
0.23858309,0
0.6849775,0
0.33667213,0
0.035450548,0
0.004647933,0
0.24214008,0
0.21505195,0
0.6377036,1
0.011283918,0
0.0056708357,0
0.084595956,0
0.43745658,0
0.24974848,0
0.739961,0
0.7042214,0
0.0018470971,0
0.045884393,0
0.33059937,0
0.009627785,0
0.006060888,0
0.049604967,0
0.0055086887,0
0.060016464,0
0.53749776,0
0.31284332,1
0.8603642,1
0.0072237025,0
0.05086005,0
0.012991079,0
0.5587072,0
0.016682716,0
0.67404884,0
0.45255792,0
0.002272161,0
0.46133858,0
0.27840537,0
0.33095938,0
0.6899365,0
0.23837191,0
0.0015580982,0
0.4949912,0
0.6853855,0
0.0070854165,0
0.36424968,0
0.007857264,0
0.024150176,0
0.016224176,0
0.8257456,1
0.7654321,0
0.12501508,0
0.0058527016,0
0.045245275,0
0.54061,0
0.005898946,0
0.83727026,0
0.114383176,0
0.57966757,0
0.27546927,0
0.007114564,0
0.74650764,0
0.026854228,0
0.56959826,1
0.8090239,1
0.032641552,0
0.33620262,0
0.013175967,0
0.3050199,0
0.71432596,1
0.08286773,0
0.2533953,0
0.15116568,0
0.26753724,0
0.41019365,0
0.7175533,1
0.0057926676,0
0.0033916845,0
0.20025037,0
0.5392588,1
0.80036193,0
0.01228744,0
0.05527857,0
0.05381499,0
0.077410094,0
0.5551531,0
0.48232788,0
0.018179864,0
0.76767224,1
0.26093373,1
0.6351174,0
0.0709671,0
0.0027792328,0
0.016141146,0
0.7967679,1
0.0051913084,0
0.28063002,0
0.0021953816,0
0.81176794,1
0.01356148,0
0.78265846,0
0.44607195,1
0.04145744,0
0.15744567,0
0.09973593,0
0.033656616,0
0.08957389,0
0.0040192474,0
0.7345186,0
0.008537624,0
0.2606779,0
0.701848,0
0.8804959,1
0.46881175,0
0.011304727,0
0.3197205,0
0.24529058,0
0.14343622,0
0.2998353,0
0.7996032,0
0.005816876,0
0.38518274,0
0.08376336,0
0.26865754,0
0.10697671,0
0.013884916,0
0.019040508,0
0.31417206,0
0.6037401,1
0.58251786,0
0.51140547,0
0.09153243,0
0.007707855,0
0.0046748924,0
0.0030293842,0
0.09803301,0
0.39991355,0
0.25101215,0
0.011929025,0
0.0067374837,0
0.5146681,0
0.06257563,0
0.013147045,0
0.18783237,0
0.0071188835,0
0.007966983,0
0.45704034,0
0.0048050666,0
0.6620939,0
0.19115919,0
0.68207735,0
0.014231916,0
0.18297797,0
0.41815898,0
0.7729859,0
0.65069383,0
0.66210574,1
0.005055398,0
0.013991143,0
0.8117196,1
0.09581297,0
0.0059939167,0
0.218107,0
0.024955906,0
0.13852623,0
0.005077709,0
0.86766,1
0.6794431,0
0.006675366,0
0.004526891,0
0.56161225,0
0.4276257,1
0.015522145,0
0.6317308,0
0.2552686,0
0.19089852,0
0.7874497,0
0.6730306,0
0.09136199,0
0.0027189893,0
0.7889461,0
0.008596638,0
0.33526856,0
0.002346346,0
0.00675762,0
0.6253073,1
0.5330853,0
0.75025123,0
0.014849196,0
0.0054670186,0
0.22885935,0
0.010349816,0
0.0109348465,0
0.6403648,0
0.022631887,0
0.4314918,0
0.0034389095,0
0.15149836,0
0.45653835,1
0.00690494,0
0.028442701,0
0.6866109,0
0.56447124,0
0.42907104,0
0.66221064,0
0.010099354,0
0.007074794,0
0.7042108,0
0.7197838,0
0.65677124,0
0.2207003,0
0.6276721,0
0.004882599,0
0.14714053,0
0.30147728,0
0.16267519,0
0.23054828,0
0.020620387,0
0.026910543,0
0.65034163,1
0.0602418,0
0.0076575945,0
0.29756027,0
0.004784763,0
0.092100225,0
0.0082344385,0
0.4717982,0
0.0044656848,0
0.0052049686,0
0.0061183143,0
0.06764564,0
0.05181243,0
0.70883167,0
0.61935,0
0.104873836,0
0.005029165,0
0.019840665,0
0.011569671,0
0.012287115,0
0.91503966,0
0.008725536,0
0.9271857,0
0.010999411,0
0.19570008,0
0.8973471,1
0.767415,0
0.45976967,0
0.15230535,0
0.7839347,0
0.20556065,0
0.54461956,0
0.019395959,0
0.79393864,0
0.008463051,0
0.0031149092,0
0.034387995,0
0.22046442,0
0.015658129,0
0.5122716,0
0.15148681,0
0.012065732,0
0.0035714153,0
0.0029256565,0
0.60483736,1
0.5783355,1
0.78305674,1
0.009023618,0
0.06297154,0
0.065610036,0
0.055923164,0
0.009354741,0
0.0059366296,0
0.6782428,0
0.73541236,0
0.8774744,1
0.5290847,0
0.028712502,0
0.3264506,0
0.20878199,1
0.26842156,0
0.0032989539,0
0.18368691,0
0.8600225,0
0.13469122,0
0.70986366,1
0.046798564,1
0.010250305,0
0.042608928,0
0.5025093,1
0.040443394,0
0.84679127,1
0.20165381,0
0.0023978073,0
0.4594004,0
0.01431142,0
0.13661008,0
0.0070095877,0
0.0052617956,0
0.01007421,0
0.22117211,0
0.008245825,0
0.8445353,1
0.18184577,0
0.003219017,0
0.03490196,0
0.0048226863,0
0.0039059734,0
0.6678458,1
0.54646194,0
0.502277,0
0.7835344,0
0.56167126,0
0.75527453,0
0.029201187,0
0.010959029,0
0.1528549,0
0.015761169,0
0.0029198744,0
0.07720516,0
0.004731433,0
0.39115614,0
0.11873546,0
0.50744945,0
0.6276653,0
0.7326022,1
0.54582644,0
0.7631113,0
0.5120961,0
0.015291404,0
0.72349167,1
0.631681,1
0.008814133,0
0.42642158,0
0.7021256,1
0.5091044,1
0.035733964,0
0.04495073,0
0.004099908,0
0.5024016,0
0.25623068,0
0.72218245,0
0.018506968,0
0.5458959,1
0.7261782,0
0.007006668,0
0.3645578,0
0.6326759,0
0.005521779,0
0.03166569,0
0.45223767,0
0.0052699284,0
0.35571122,0
0.003808266,0
0.6470794,0
0.6642699,1
0.41975957,0
0.60721475,0
0.7057567,0
0.101886794,1
0.020443216,0
0.7712317,1
0.24240479,0
0.63344246,0
0.013201542,0
0.3195544,0
0.64445335,0
0.38024884,0
0.09200081,0
0.66928273,0
0.63419646,0
0.026927156,0
0.1292794,0
0.027105782,0
0.003433012,0
0.009680231,0
0.0021258309,0
0.1946918,0
0.0429285,0
0.7054928,0
0.68265,0
0.0049478,0
0.6244816,0
0.5050412,1
0.7180899,1
0.19522977,0
0.13994038,0
0.116971694,0
0.401587,0
0.652122,1
0.008477512,0
0.18229388,0
0.028141221,0
0.33096614,0
0.003130674,0
0.55658597,0
0.06554367,0
0.629674,1
0.006562947,0
0.006795471,0
0.44564465,0
0.37167197,0
0.08705303,0
0.010913677,0
0.56189305,0
0.10142253,0
0.44218916,0
0.5153374,0
0.66811985,0
0.008553436,0
0.79344517,0
0.65617234,0
0.01113603,0
0.40174434,1
0.15072672,0
0.20073958,0
0.8068113,1
0.0026284233,0
0.03776498,0
0.594073,0
0.028908925,0
0.11820031,0
0.72733444,1
0.22772828,0
0.0860672,0
0.81205875,1
0.7208727,0
0.01195712,0
0.73084396,1
0.7002778,1
0.0035863756,0
0.6075678,0
0.0030710674,0
0.23247328,0
0.58486456,1
0.12502131,0
0.67222464,1
0.0036457393,0
0.0070566083,0
0.11632895,0
0.88221747,1
0.75351024,1
0.4067231,0
0.017422974,0
0.012427009,0
0.0067121806,0
0.116712615,0
0.6463195,0
0.6970043,0
0.08658968,0
0.004288652,0
0.03354038,0
0.0055977227,0
0.4591523,0
0.39899713,0
0.54210335,0
0.491015,0
0.03642732,0
0.01468073,0
0.07523001,0
0.10172038,0
0.0034374192,0
0.008530393,0
0.004457431,0
0.00719591,0
0.005614499,0
0.002754207,0
0.5579678,0
0.10327344,0
0.041788068,0
0.17608829,0
0.24225482,0
0.19318128,0
0.7222608,0
0.7134739,0
0.047355756,0
0.023730962,0
0.09953824,0
0.013103001,0
0.020771308,0
0.124541424,0
0.025421027,0
0.011099778,0
0.59775984,0
0.73264086,1
0.8573716,1
0.09534425,0
0.59064794,0
0.51545167,1
0.06567866,0
0.037532434,0
0.23257768,0
0.01700298,0
0.33569676,1
0.82218385,0
0.05210733,0
0.15397145,0
0.0078999335,0
0.008103287,0
0.15435646,0
0.42524788,0
0.51277286,1
0.02636364,0
0.029322896,0
0.0021555936,0
0.003948622,0
0.003139726,0
0.0118508255,0
0.020743372,0
0.5696992,1
0.023815632,0
0.29396966,0
0.508999,0
0.40671718,1
0.5222177,0
0.011085608,0
0.20991634,0
0.60654384,1
0.08803423,0
0.08843162,0
0.14247134,0
0.4050965,0
0.4045851,1
0.0051353974,0
0.7699147,1
0.3504733,0
0.42687988,0
0.6951307,1
0.37478364,0
0.7308223,0
0.21186842,0
0.060612865,0
0.0056687333,0
0.007453309,0
0.52322674,0
0.077124946,0
0.06214155,0
0.40041676,0
0.0018697021,0
0.58901334,1
0.243577,0
0.79418623,1
0.19997223,0
0.5956165,1
0.042899366,0
0.008219911,0
0.5316072,1
0.19848925,0
0.71308887,1
0.55561405,0
0.041443326,0
0.0049300254,0
0.24843298,0
0.03278612,0
0.61089575,0
0.34369484,0
0.0040670927,0
0.038375035,0
0.0048651793,0
0.8325121,0
0.20032562,0
0.0060406616,0
0.054312553,0
0.6140364,1
0.22032604,0
0.7110965,1
0.09143922,0
0.230337,0
0.65259355,1
0.7758849,0
0.7256766,0
0.002178415,0
0.01114115,0
0.00858566,0
0.008578292,0
0.0127041,0
0.010602509,0
0.71892434,1
0.7234835,0
0.037260402,0
0.53813237,0
0.5640457,0
0.072232455,0
0.7385504,0
0.35426533,0
0.002428979,0
0.33295473,0
0.1256052,0
0.121033005,0
0.6563083,0
0.13862918,0
0.02993055,0
0.01034017,0
0.6118145,0
0.0070806616,0
0.5744362,1
0.8123524,0
0.7683059,0
0.6397665,0
0.31067085,0
0.053393606,0
0.004921537,0
0.01482673,0
0.010644529,0
0.005592181,0
0.59828746,1
0.004644268,0
0.7914374,0
0.014072292,0
0.76716185,1
0.5434703,0
0.021716092,0
0.78658295,0
0.24691916,1
0.74737686,1
0.3608972,0
0.00488849,0
0.23523173,0
0.570913,1
0.16737162,0
0.002177011,0
0.008125442,0
0.056713518,0
0.023441592,0
0.68921226,0
0.0034650976,0
0.36733076,0
0.3217084,0
0.0211354,0
0.00362184,0
0.055236418,0
0.38091037,0
0.07815601,0
0.6438033,0
0.0045243665,0
0.6859538,1
0.31946802,0
0.04870051,0
0.25282592,0
0.0772697,0
0.060241148,0
0.3896562,0
0.6611401,0
0.17045355,0
0.016769208,0
0.7040201,1
0.85388064,0
0.21056174,0
0.17870525,1
0.3450032,0
0.75222903,1
0.013460611,0
0.68648326,1
0.073034965,0
0.006094298,0
0.1488461,0
0.73057216,1
0.05720667,0
0.57690144,0
0.0066238525,0
0.0070964685,0
0.7617235,1
0.04911149,0
0.003991552,0
0.843796,1
0.7179184,0
0.0038113587,0
0.5806571,1
0.0061721737,0
0.7011829,0
0.003702005,0
0.89060014,0
0.0011552871,0
0.10058586,0
0.008701861,0
0.7129277,1
0.10727229,0
0.3251585,0
0.76152146,0
0.8015256,0
0.6835098,0
0.5855109,1
0.24085069,0
0.18187065,0
0.21293372,0
0.45079675,0
0.008138146,0
0.010497136,0
0.037907265,0
0.0058142156,0
0.73382044,0
0.54960394,1
0.005600312,0
0.0038475741,0
0.3994946,0
0.007874561,0
0.8517389,0
0.5301964,0
0.005056929,0
0.13687727,1
0.010692754,0
0.051979043,0
0.0056252936,0
0.46696553,1
0.011718677,0
0.020920802,0
0.9066296,0
0.0055865254,0
0.30242857,1
0.10644009,0
0.002627562,0
0.6997308,0
0.06385006,0
0.66202366,0
0.012487301,0
0.5393044,1
0.8153207,1
0.1525705,0
0.027652597,0
0.004623927,0
0.2942719,0
0.035496376,0
0.7456676,0
0.0038615288,0
0.78903335,0
0.31091586,0
0.46365964,0
0.008400151,0
0.20787336,0
0.05636955,0
0.05536998,0
0.6170298,0
0.8216716,0
0.0105530135,0
0.043213617,0
0.08748326,0
0.5183951,0
0.021521753,0
0.62324584,0
0.010091987,0
0.4113264,1
0.7966262,0
0.71892095,0
0.3564856,1
0.77829236,1
0.12538804,0
0.19810739,0
0.073856324,0
0.010788688,0
0.8016329,0
0.0028852618,0
0.30091348,0
0.30630624,0
0.12397265,0
0.63461375,0
0.016511008,0
0.012540161,0
0.4414532,0
0.0089349095,0
0.21926622,0
0.28319335,0
0.7572537,0
0.010131788,0
0.0339842,0
0.06087695,0
0.0054922947,0
0.5791425,0
0.8659523,1
0.011339032,0
0.002202628,0
0.015171099,0
0.29696754,0
0.8441103,1
0.019743089,0
0.8712631,0
0.07060376,0
0.08241601,0
0.034323085,0
0.005509026,0
0.19588731,0
0.1723708,0
0.052655455,0
0.7781481,1
0.28189114,0
0.04740357,0
0.61823237,1
0.6027508,1
0.6113315,1
0.10462014,0
0.6874697,1
0.5138985,1
0.0049497355,0
0.005892697,0
0.005603539,0
0.10152722,0
0.837094,0
0.6913451,1
0.010360913,0
0.054578125,0
0.8351629,0
0.5552281,0
0.019990131,0
0.6363711,0
0.033027396,0
0.3336193,0
0.6514237,0
0.25814888,0
0.66723686,1
0.030013517,0
0.73277557,1
0.015879573,0
0.7221333,0
0.26660225,0
0.0035921123,0
0.8162293,1
0.59994507,0
0.41731724,0
0.0027801516,0
0.24494159,0
0.788155,0
0.0041699847,0
0.6407419,1
0.020053662,0
0.104781896,0
0.08542973,0
0.0019362947,0
0.7396604,1
0.0035196282,0
0.63989663,1
0.0684637,0
0.6278753,0
0.7271254,1
0.010040754,0
0.6634959,0
0.6376171,1
0.6982938,0
0.015216884,0
0.79729265,1
0.6186706,0
0.006601525,0
0.67461634,0
0.0077832537,0
0.2570787,0
0.008603997,0
0.5557441,0
0.36542818,1
0.52639544,0
0.0054265084,0
0.0022348887,0
0.676202,0
0.1221058,0
0.0024282015,0
0.5471723,0
0.803907,1
0.5823106,1
0.019727644,0
0.0060139084,0
0.67663336,1
0.0031679554,0
0.58345395,0
0.5270157,0
0.10049939,1
0.005528979,0
0.74485743,1
0.02406163,0
0.010395939,0
0.008254326,0
0.7238951,0
0.7921227,0
0.09346913,0
0.015686832,0
0.24302955,0
0.0040492443,0
0.38062066,0
0.60370225,0
0.68938893,0
0.45694363,0
0.73823977,1
0.076738834,0
0.5581881,1
0.011063032,0
0.26000184,1
0.09520682,0
0.7312383,0
0.4611948,0
0.7919944,1
0.34709048,0
0.043142885,0
0.013759392,0
0.16978936,0
0.013090692,0
0.0075422996,0
0.004294828,0
0.5432717,0
0.030521823,0
0.54410654,0
0.476153,0
0.67987823,1
0.26904872,0
0.44794023,0
0.05615835,0
0.8419189,0
0.008735341,0
0.5797597,1
0.017089179,0
0.012916934,0
0.22108737,0
0.11639996,0
0.025230484,0
0.0036084533,0
0.09922964,0
0.4426727,0
0.5189006,0
0.011317563,0
0.28442585,0
0.008735763,0
0.014428975,0
0.291189,0
0.001965042,0
0.18811275,0
0.016992118,0
0.0020711925,0
0.33856687,0
0.14188461,0
0.1546453,0
0.45121217,0
0.6900311,0
0.6951304,0
0.014821591,0
0.17880513,0
0.04313634,0
0.24018703,0
0.007965178,0
0.7529309,0
0.7743752,1
0.6943077,1
0.0145766325,0
0.0065841526,0
0.07684747,0
0.17743035,0
0.69263035,0
0.91517943,1
0.111521736,0
0.19170302,0
0.6784125,0
0.0044573843,0
0.12206296,0
0.791796,0
0.49831685,0
0.002650459,0
0.0033887024,0
0.08431799,0
0.17480728,0
0.0066722804,0
0.8045367,1
0.07760026,0
0.6488029,0
0.7086232,0
0.016196974,0
0.48135874,0
0.0010367393,0
0.09921727,0
0.005943351,0
0.00730775,0
0.005041375,0
0.6342037,0
0.51857495,0
0.15023611,0
0.0027086947,0
0.48670942,0
0.63731146,1
0.008983875,0
0.011462797,0
0.6890851,1
0.6069308,0
0.12584578,0
0.12521179,0
0.046150204,0
0.5731481,0
0.44443917,0
0.55523586,0
0.0044521377,0
0.63017726,0
0.027059045,0
0.21150085,0
0.6179268,0
0.8023068,1
0.0037369519,0
0.56173,0
0.0062127397,0
0.82867086,0
0.1736495,0
0.00513967,0
0.7257097,0
0.83118355,0
0.6865008,0
0.050576564,0
0.016425759,0
0.0053192168,0
0.46355888,1
0.59875405,0
0.6890737,1
0.8131606,1
0.045684796,0
0.10323114,0
0.22693832,0
0.2562961,0
0.09271214,0
0.0974625,0
0.011856137,0
0.75305444,0
0.26466343,0
0.19831873,0
0.14394437,0
0.008495162,0
0.1346525,0
0.035021335,0
0.6465993,0
0.021697469,0
0.004710565,0
0.7287232,0
0.0025963588,0
0.007910535,0
0.098935135,0
0.7600656,1
0.5077578,1
0.07448183,0
0.8058043,0
0.14504416,0
0.6253505,0
0.004289552,0
0.0059921104,0
0.04055923,0
0.82867545,1
0.008034919,0
0.001834334,0
0.2631506,0
0.32887405,0
0.43372986,0
0.024719756,0
0.62179494,0
0.004663194,0
0.0084390165,0
0.07067971,0
0.041444756,0
0.63774943,1
0.5852647,0
0.057430483,0
0.52432525,0
0.7586151,1
0.0077763777,0
0.0025450638,0
0.015946597,0
0.042107426,0
0.008347272,0
0.005290169,0
0.15139319,0
0.03213015,0
0.55971265,0
0.019330867,0
0.16747646,0
0.0039088726,0
0.52317196,0
0.009562768,0
0.008139155,0
0.34197113,0
0.86481804,0
0.13512245,0
0.011301594,0
0.07240967,0
0.0063323146,0
0.043812364,0
0.20832422,0
0.0041670236,0
0.27549657,0
0.7532417,1
0.08172886,0
0.82680684,0
0.34936893,0
0.38702074,0
0.69572747,0
0.8672016,0
0.3594721,0
0.5639037,0
0.03065248,0
0.82348406,1
0.0067179343,0
0.0017101559,0
0.018319422,0
0.73394996,0
0.81368804,0
0.2262683,0
0.010101156,0
0.0929697,0
0.013526924,0
0.7061573,0
0.23556533,0
0.021135438,0
0.03367808,0
0.763962,0
0.58651537,0
0.2620809,0
0.019234443,0
0.7999828,1
0.006799093,0
0.18439403,0
0.26414534,0
0.83730215,0
0.10955352,0
0.039171383,0
0.21808177,1
0.81331104,1
0.2625395,0
0.6757351,0
0.64879966,0
0.68129873,0
0.6482314,1
0.010645879,0
0.013612791,0
0.0026373724,0
0.42697257,1
0.61178577,0
0.7458249,1
0.85077566,0
0.72521365,0
0.15152065,0
0.0022946969,0
0.27325067,0
0.34438437,0
0.62552524,1
0.72583055,1
0.020391507,0
0.66249824,0
0.008706963,0
0.006182009,0
0.002408095,0
0.5996082,1
0.20562829,0
0.0026851273,0
0.4438104,0
0.0021312695,0
0.5134707,0
0.0054931906,0
0.75910485,1
0.007407848,0
0.44886962,1
0.6587244,0
0.008692787,0
0.0022861615,0
0.004286909,0
0.5494517,0
0.0020389229,0
0.09392791,0
0.24013272,0
0.2432808,0
0.007827827,0
0.0051208227,0
0.07636124,0
0.7456387,0
0.68425524,1
0.03898423,0
0.81981015,1
0.53819484,0
0.2097328,0
0.6194963,1
0.041593812,0
0.16278206,0
0.025295647,0
0.6279129,1
0.04825639,0
0.088855065,0
0.1082228,0
0.3973777,0
0.81307,1
0.30926716,0
0.714197,0
0.011342144,0
0.001150939,0
0.77437,1
0.011770908,0
0.079434834,0
0.0058156513,0
0.06802633,0
0.8833994,1
0.16093358,0
0.0047692363,0
0.009582741,0
0.008173513,0
0.6808079,0
0.36943662,0
0.8620868,1
0.0040769144,0
0.69212824,1
0.016289385,0
0.0085727945,0
0.1623488,0
0.0024612912,0
0.011946022,0
0.038964435,0
0.42944726,0
0.031732883,0
0.62731254,0
0.041029938,0
0.6533879,0
0.4735884,0
0.09663634,0
0.011107668,0
0.20999992,0
0.032245204,0
0.009465842,0
0.00405553,0
0.7515583,0
0.092690244,0
0.006440602,0
0.017751858,0
0.824869,1
0.11874559,1
0.53920513,0
0.0061833863,0
0.18722941,0
0.0043564728,0
0.03060064,0
0.10116656,0
0.0049577476,0
0.03243782,0
0.86325157,1
0.001556545,0
0.0029392082,0
0.05889598,0
0.0019518287,0
0.039724603,0
0.0071194805,0
0.2255496,1
0.28966233,0
0.12964804,0
0.82290506,0
0.027833851,0
0.24102268,0
0.30221513,0
0.6845293,1
0.21048269,0
0.016532775,0
0.006764575,0
0.75883883,0
0.01643187,0
0.16722597,0
0.1382244,0
0.0038074283,0
0.0050091003,0
0.0069010463,0
0.020501636,0
0.018332602,0
0.57831776,0
0.0024447949,0
0.21769774,0
0.8512173,1
0.019958332,0
0.64432144,1
0.0035894662,0
0.23470399,0
0.78911567,1
0.008200873,0
0.0122032985,0
0.008860021,0
0.6684657,0
0.013437152,0
0.027921055,0
0.017047586,0
0.650928,0
0.81818527,0
0.08219919,0
0.17553571,0
0.10076277,0
0.22733837,0
0.6695771,0
0.43285573,0
0.594815,1
0.020532837,0
0.813076,0
0.311174,1
0.5197779,0
0.012124515,0
0.18330735,0
0.3628868,0
0.051710315,0
0.63359636,0
0.0058985096,0
0.16296214,1
0.0041401484,0
0.5403411,0
0.56180376,0
0.5139134,0
0.10070899,0
0.13248658,0
0.0030467485,0
0.58988285,0
0.009346944,0
0.0038340115,0
0.24554926,0
0.13375936,0
0.10451252,0
0.6424391,0
0.38499385,1
0.010971357,0
0.0074860067,0
0.043236706,0
0.0041138013,0
0.24548347,0
0.83892244,1
0.55553305,1
0.0021209174,0
0.2855837,1
0.045726974,0
0.028930707,0
0.09921217,0
0.7717107,0
0.012896856,0
0.5439741,0
0.2907102,0
0.6129348,1
0.27075386,0
0.4475678,0
0.52980685,1
0.71547306,0
0.79685473,1
0.0023955887,0
0.008468859,0
0.4663088,0
0.7520319,0
0.069172814,0
0.18476622,0
0.47939312,0
0.0067661004,0
0.5434691,0
0.108119324,0
0.22287583,0
0.4172859,0
0.1719225,0
0.4656719,0
0.08684635,0
0.009314482,0
0.550905,0
0.008292763,0
0.23736054,0
0.6467232,0
0.6682922,0
0.102781676,0
0.7336673,1
0.06823496,0
0.03974074,0
0.04639935,0
0.50838155,0
0.024035593,0
0.6443592,0
0.68582237,0
0.11442502,1
0.017387124,0
0.008618575,0
0.56194144,0
0.30248183,0
0.014747503,0
0.008314123,0
0.6742078,0
0.7400861,1
0.31038535,0
0.4109387,1
0.38092014,1
0.5587295,0
0.8076415,1
0.0076741097,0
0.34434235,0
0.007193587,0
0.0509045,0
0.002856215,0
0.58892584,1
0.0016839186,0
0.007254473,0
0.7436199,1
0.6540344,1
0.33589354,0
0.011186804,0
0.01112771,0
0.0048787477,0
0.69752157,0
0.8296262,0
0.011583869,0
0.0027992083,0
0.010458841,0
0.06443794,0
0.66509926,0
0.78727347,0
0.018736515,0
0.6767906,0
0.007144568,0
0.42959166,0
0.008120153,0
0.118938826,1
0.055113383,0
0.72271776,0
0.6559814,0
0.35674176,0
0.8312327,1
0.6343451,0
0.47913995,0
0.4597194,0
0.4063907,0
0.7755586,0
0.023697782,0
0.60746694,1
0.3759479,0
0.011586827,0
0.014143282,0
0.552747,1
0.0410626,1
0.7788974,1
0.0052430998,0
0.3432794,0
0.008565353,0
0.06320014,0
0.021090271,0
0.003214163,0
0.0038276147,0
0.023504363,0
0.0047641443,0
0.58407736,0
0.021270426,0
0.28132427,0
0.007410358,0
0.023280662,0
0.011710385,0
0.02748102,0
0.6038779,0
0.6687251,0
0.9265086,0
0.0063284542,0
0.009666436,0
0.09185214,0
0.004233352,0
0.8506461,1
0.023886174,0
0.6550818,1
0.0041402075,0
0.54753125,0
0.3538285,0
0.26633245,0
0.23127133,0
0.76833016,0
0.05978999,0
0.58550763,0
0.06054775,0
0.077676825,0
0.018890914,0
0.7475137,0
0.72687495,1
0.89950114,1
0.0037013926,0
0.78232324,0
0.014715921,0
0.8595707,1
0.40779328,1
0.0061746603,0
0.6795864,0
0.5372812,1
0.00888649,0
0.844756,1
0.0016804417,0
0.65324247,0
0.0022214148,0
0.028877132,0
0.49181342,0
0.58123106,0
0.013424825,0
0.79000604,0
0.7233,0
0.0054908493,0
0.043564048,0
0.4088147,0
0.3949793,0
0.72912616,0
0.22515196,0
0.7557237,1
0.7807144,0
0.021204289,0
0.011655027,0
0.5672881,0
0.0022570041,0
0.67355025,0
0.60862195,0
0.43858176,0
0.19585143,1
0.4749683,0
0.63718945,0
0.0024154994,0
0.016453924,0
0.22541495,1
0.48373392,1
0.05206402,0
0.030887041,0
0.09208591,0
0.003367478,0
0.07228916,0
0.13188383,0
0.5441451,0
0.64758694,1
0.011072746,0
0.48372155,1
0.0023260799,0
0.2275007,0
0.366437,1
0.41257814,0
0.008845531,0
0.50905454,0
0.07228075,0
0.018531151,0
0.6753863,1
0.0023366062,0
0.0044595306,0
0.0061975904,0
0.26188186,0
0.7631073,1
0.36819142,0
0.015057777,0
0.0043080025,0
0.86545956,1
0.3002225,0
0.0042528925,0
0.009064892,0
0.2840369,0
0.0015368258,0
0.6512776,0
0.006576506,0
0.6751825,0
0.62777704,1
0.03569245,0
0.013209545,0
0.0044631395,0
0.006762989,0
0.12774633,0
0.08069205,0
0.095440246,1
0.008047799,0
0.33174592,0
0.002688369,0
0.32232958,0
0.16409078,0
0.23687313,0
0.7758959,0
0.3688428,0
0.5043927,1
0.00204488,0
0.056039132,0
0.50581264,1
0.0055524413,0
0.5308997,0
0.15256085,0
0.008779017,0
0.52732664,0
0.05251479,0
0.8065894,1
0.7882757,0
0.16678281,0
0.8299502,0
0.013991629,0
0.00807552,0
0.761787,1
0.12452904,0
0.3923884,0
0.06109515,0
0.35947913,0
0.054862633,0
0.12287858,0
0.2355181,0
0.5180732,0
0.6476007,0
0.2908354,0
0.0054163393,0
0.008622796,0
0.13965185,0
0.089098714,0
0.00943707,0
0.006305966,0
0.10855196,0
0.5721588,0
0.5261768,0
0.0014747425,0
0.056567952,0
0.8886281,0
0.006489388,0
0.008698966,0
0.032876544,0
0.0058534257,0
0.58060557,0
0.005854827,0
0.8466846,0
0.004516933,0
0.6647933,0
0.018842626,0
0.0030565276,0
0.065606765,0
0.003096307,0
0.22456938,1
0.0015127115,0
0.23805195,0
0.0029362622,0
0.013081855,0
0.57300186,1
0.20552878,0
0.5866149,0
0.8770942,1
0.57003415,0
0.013164855,0
0.5323411,0
0.47688162,0
0.0021996892,0
0.7645892,0
0.6534626,1
0.69814503,1
0.7804463,1
0.6422729,0
0.0035770396,0
0.011280302,0
0.026105005,0
0.007589083,0
0.7363231,1
0.79123235,0
0.05747077,0
0.38956675,0
0.78227025,1
0.7310321,1
0.0015992161,0
0.73005986,0
0.7802542,0
0.34697697,0
0.1323621,0
0.017707245,0
0.34644526,1
0.014713067,0
0.26588666,0
0.15170085,0
0.24588878,0
0.6394879,0
0.0017927138,0
0.17382357,0
0.31079262,0
0.008362046,0
0.4210692,1
0.6387482,0
0.13476035,0
0.73674786,1
0.024639132,0
0.20655836,0
0.5701921,0
0.8317428,1
0.012184998,0
0.58044827,0
0.0035300292,0
0.5668525,0
0.0029392834,0
0.025294265,0
0.28016284,1
0.5947143,0
0.34725595,0
0.006962206,0
0.17869143,0
0.0025394508,0
0.0064668776,0
0.0072187255,0
0.626975,0
0.22196527,0
0.030164773,0
0.13477233,0
0.006080997,0
0.0071745375,0
0.5553555,0
0.08928002,0
0.7522464,1
0.7861227,0
0.38498387,1
0.023437722,0
0.66115665,0
0.11133441,0
0.52353805,1
0.7011691,0
0.7831965,1
0.15113671,0
0.44280514,0
0.76319623,0
0.04072975,0
0.7974576,0
0.7291509,0
0.20235746,0
0.7062859,0
0.020998102,0
0.003056378,0
0.7105555,0
0.64661473,1
0.4983603,0
0.062636465,0
0.2447573,1
0.5438962,1
0.2929831,0
0.7920379,0
0.021949748,0
0.003011613,0
0.4119374,0
0.008324363,0
0.035772298,0
0.748414,0
0.13513,0
0.59224576,1
0.07279163,1
0.24123518,0
0.16680826,0
0.64774275,0
0.004348249,0
0.5075996,0
0.003173408,0
0.58147186,0
0.29802582,0
0.015512742,0
0.013088826,0
0.5337675,0
0.0075377715,0
0.17637481,0
0.021275751,0
0.0034697934,0
0.0074325437,0
0.22369982,0
0.0045217513,0
0.057096116,0
0.007950027,0
0.015951335,0
0.20975338,0
0.6858454,0
0.18570724,0
0.6441953,1
0.0893423,0
0.22796877,0
0.19878809,0
0.13758507,0
0.7943474,1
0.40668088,0
0.0031449776,0
0.015464728,0
0.01085861,0
0.004981641,0
0.26474708,0
0.0044183764,0
0.3305039,0
0.6327657,0
0.03967854,0
0.011389427,0
0.7953152,0
0.52867115,0
0.0040548635,0
0.3261653,0
0.0040533408,0
0.817679,1
0.020653626,0
0.0896138,0
0.10405774,0
0.6527621,0
0.07462224,0
0.7967015,0
0.25064284,0
0.6528661,0
0.04082346,0
0.0074888417,0
0.007937018,0
0.20294835,0
0.004493277,0
0.68759567,0
0.015136407,0
0.0035430978,0
0.20616244,0
0.3658818,0
0.69115347,1
0.40671375,0
0.67193013,1
0.49093843,0
0.81722987,0
0.7128567,0
0.7399912,0
0.008364143,0
0.03866349,0
0.0031610408,0
0.15859391,0
0.004549572,0
0.56112546,0
0.6605717,1
0.8057036,0
0.038554233,0
0.81351936,0
0.7113697,1
0.08384038,0
0.7487867,1
0.77188814,0
0.010218846,0
0.13084906,1
0.0023743752,0
0.04744925,0
0.23157899,0
0.049131427,0
0.0058924817,0
0.6612883,0
0.09225123,0
0.0020931503,0
0.07566229,0
0.8136502,0
0.31938344,0
0.00470403,0
0.0054232716,0
0.0025233005,0
0.44850597,0
0.3747476,0
0.007754105,0
0.007250593,0
0.6717987,0
0.0028365217,0
0.51489836,0
0.7450731,0
0.8115091,0
0.6752715,0
0.07729956,0
0.0021996703,0
0.8381491,0
0.1822965,0
0.49732286,1
0.90589184,0
0.5357001,0
0.06204339,0
0.16473275,0
0.7785007,0
0.04222449,0
0.57185876,0
0.004111477,0
0.6112636,0
0.0064721485,0
0.42840812,0
0.3717695,0
0.02267211,0
0.7972555,1
0.0066911774,0
0.5309165,1
0.4334818,0
0.70517474,1
0.2611724,1
0.37492675,1
0.003452019,0
0.72920275,0
0.8042396,0
0.011832396,0
0.061510563,0
0.81574744,1
0.7950165,0
0.0032399523,0
0.77574474,0
0.7065614,1
0.028712468,1
0.002391881,0
0.4627428,1
0.0049105873,0
0.0028207141,0
0.6391071,1
0.36081177,1
0.04629447,0
0.023803124,0
0.0018351489,0
0.51034385,0
0.47661808,0
0.0047846064,0
0.83257204,1
0.01266517,0
0.0048692147,0
0.72436374,1
0.18004213,0
0.57471406,0
0.11928383,0
0.001887043,0
0.060178764,0
0.6675828,0
0.0043212995,0
0.618618,1
0.008407848,0
0.0042415126,0
0.86944616,1
0.54730165,0
0.7890453,0
0.11503096,0
0.37250984,1
0.63661134,0
0.736719,0
0.05850478,0
0.0061661806,0
0.46888596,0
0.67248225,1
0.6558126,1
0.23538925,0
0.6087844,0
0.011414884,0
0.01336906,0
0.5450503,0
0.0054484685,0
0.7811025,0
0.6342054,0
0.29145935,0
0.06835978,0
0.037145812,0
0.30015412,0
0.76431835,0
0.50021595,0
0.5915585,1
0.007044637,0
0.12209207,0
0.8755898,1
0.6604052,0
0.0052039097,0
0.008431069,0
0.019362938,0
0.7000308,1
0.6436629,1
0.015201572,0
0.064569294,0
0.7272776,0
0.0017344309,0
0.0032804639,0
0.006301641,0
0.8244422,0
0.23375723,0
0.38547832,0
0.58695453,0
0.004511375,0
0.016736642,0
0.5365121,0
0.5787723,1
0.7318852,0
0.06312229,0
0.0793673,0
0.64597636,0
0.01371252,0
0.01909054,0
0.057427514,0
0.4765402,0
0.49337313,0
0.5452616,1
0.04689489,0
0.007826309,0
0.04947996,0
0.6742263,0
0.0053413683,0
0.0056503145,0
0.15814672,0
0.13840646,0
0.045492876,0
0.007534733,0
0.3404167,0
0.49858198,0
0.19155699,0
0.30758,0
0.0045860554,0
0.622607,0
0.0022754518,0
0.010062785,0
0.8009022,1
0.14241855,0
0.47884938,0
0.51012856,0
0.59877473,0
0.38307893,0
0.6099838,0
0.030541392,0
0.027787132,0
0.6065509,0
0.696702,1
0.39591885,0
0.3895845,0
0.74687326,1
0.33907843,0
0.022893274,0
0.49140155,1
0.75394386,0
0.005864524,0
0.8228218,1
0.004382836,0
0.6777284,1
0.7314287,0
0.002719244,0
0.014111383,0
0.032988336,0
0.4440252,0
0.66978997,0
0.5029659,0
0.42642447,0
0.10532841,0
0.11298401,0
0.0049871155,0
0.42296606,0
0.0034989666,0
0.07660971,0
0.8802171,0
0.31588823,0
0.29054964,1
0.0137893,0
0.6008247,1
0.003182181,0
0.5148526,1
0.7225693,1
0.24861665,0
0.021625603,0
0.016194839,0
0.41695112,0
0.74973565,1
0.016938798,0
0.02499594,0
0.03293939,0
0.5471285,0
0.18549447,0
0.029700683,0
0.44413307,0
0.016035391,0
0.10026377,0
0.60157955,0
0.032497402,0
0.006250165,0
0.053235795,0
0.4431087,0
0.70775384,1
0.020002063,0
0.0022364384,0
0.24198468,0
0.6903281,0
0.05125806,0
0.29607025,0
0.1666024,0
0.012532121,0
0.47740287,0
0.40514502,1
0.14859934,0
0.7250151,0
0.030820578,0
0.04908866,0
0.62944305,0
0.009538275,0
0.0061017512,0
0.31125227,0
0.69671875,1
0.0065023014,0
0.0065066796,0
0.32924485,0
0.66762954,1
0.0039653783,0
0.5014399,0
0.0061675804,0
0.81188434,1
0.08404878,0
0.73418593,1
0.055013407,0
0.6235769,0
0.037424594,0
0.6680391,0
0.2823923,1
0.29061723,0
0.5394929,0
0.11961172,0
0.0055876486,0
0.09181278,0
0.006084765,0
0.5392508,0
0.73466456,0
0.014033906,0
0.00321312,0
0.002543539,0
0.0040787733,0
0.034624655,0
0.71899325,1
0.5446272,0
0.69896615,0
0.016905043,0
0.7105056,0
0.03804887,0
0.003497484,0
0.00455982,0
0.007388099,0
0.7394008,1
0.68527776,0
0.6106543,0
0.024713254,0
0.36252877,0
0.08181851,0
0.08835219,0
0.031691734,0
0.5175253,0
0.80430776,1
0.01740543,0
0.559864,0
0.028832082,0
0.022506325,0
0.82737136,1
0.0033577795,0
0.006058087,0
0.010189881,0
0.8965586,1
0.711016,0
0.34124112,0
0.00730775,0
0.023473127,0
0.54491234,0
0.69745016,0
0.001992265,0
0.5485444,0
0.12845084,0
0.014377362,0
0.0025969849,0
0.014036288,0
0.04543557,0
0.11507531,0
0.7845093,1
0.0027126507,0
0.5535795,0
0.1820814,0
0.7188101,1
0.68389195,0
0.14260398,0
0.0047507724,0
0.021044938,0
0.21940015,0
0.53693897,0
0.0028699287,0
0.39483845,0
0.22473232,0
0.19356057,0
0.007052981,0
0.16112025,0
0.85744673,0
0.27808058,0
0.31807435,0
0.0051168376,0
0.7502548,1
0.007726159,0
0.45560044,0
0.68185174,1
0.6148236,0
0.11335307,0
0.04232058,0
0.025674028,0
0.063358374,0
0.14991508,0
0.003918561,0
0.004221523,0
0.59390587,0
0.02210897,0
0.003925897,0
0.7159031,0
0.44377455,0
0.009289005,1
0.030270318,0
0.62668,1
0.8280487,0
0.4164557,0
0.80658996,0
0.72663015,1
0.039883826,0
0.21700841,0
0.24226148,0
0.005913115,0
0.0973096,0
0.5444136,0
0.048798572,0
0.023794407,0
0.7907353,1
0.7685474,0
0.011263253,0
0.18970972,0
0.00425514,0
0.09299492,0
0.45849872,0
0.0041905018,0
0.018431894,0
0.119389564,0
0.6695201,0
0.60526127,0
0.0030383721,0
0.005759667,0
0.66538167,0
0.019508181,0
0.006172384,0
0.41403365,0
0.5591409,0
0.018118331,0
0.47601372,1
0.6935274,1
0.042711463,0
0.12404069,0
0.045805316,0
0.6781506,0
0.01607929,0
0.0019810325,0
0.68731356,0
0.8267928,1
0.00672842,0
0.020326631,0
0.48687047,0
0.390039,0
0.8236845,1
0.5008431,0
0.018805187,0
0.009393077,0
0.71066785,1
0.0037040508,0
0.5103548,0
0.80825275,1
0.61682767,0
0.12978718,1
0.47389266,0
0.73520666,0
0.66579807,1
0.03974382,0
0.110217206,0
0.021367902,0
0.056210425,1
0.6037183,1
0.5099726,1
0.13502562,0
0.015440674,0
0.07998408,0
0.003675939,0
0.7630531,0
0.8238487,1
0.09824927,0
0.07270454,0
0.0033019297,0
0.8782423,0
0.0036653208,0
0.0044884975,0
0.8470779,0
0.007178414,0
0.79066473,0
0.007844799,0
0.25550124,0
0.017007641,0
0.0052789967,0
0.5899191,1
0.0087308,0
0.0052309353,0
0.44179168,0
0.44140875,1
0.002586424,0
0.0028630975,0
0.24545076,1
0.73248106,1
0.31782076,0
0.5513675,0
0.029134983,0
0.64693975,0
0.4716523,0
0.6300465,1
0.10588897,0
0.83863354,0
0.22113785,0
0.20775439,0
0.6553693,1
0.5513863,0
0.24603859,0
0.0056220456,0
0.6225916,0
0.0024378907,0
0.30387735,0
0.005072434,0
0.37691703,0
0.025005465,0
0.005800384,0
0.031912714,0
0.71559674,1
0.09361828,0
0.35771865,0
0.52147156,0
0.013118747,0
0.86290264,1
0.8580829,1
0.044335082,0
0.12099298,0
0.004060024,0
0.027403427,0
0.78978735,0
0.0042729992,0
0.09456765,0
0.67369944,0
0.007886938,0
0.7596581,1
0.122147225,0
0.6773396,0
0.6687449,1
0.05633718,0
0.4967551,0
0.8358548,0
0.54199,0
0.46625355,0
0.22006632,0
0.45395172,0
0.07704685,0
0.0043791276,0
0.83328307,1
0.054944072,0
0.046498053,0
0.54665565,1
0.00764425,0
0.7989898,1
0.31766742,0
0.024960682,0
0.5333301,1
0.7113901,1
0.05672596,0
0.77289236,1
0.40143833,0
0.5417433,0
0.012497288,0
0.49336046,1
0.052015092,0
0.0100440355,0
0.83843154,1
0.009112698,0
0.02498942,0
0.60087067,0
0.07492768,0
0.0029133265,0
0.44057125,1
0.003275533,0
0.10505507,0
0.6891797,1
0.23366295,1
0.6879989,0
0.42890692,1
0.0421748,0
0.064578146,0
0.87862325,0
0.03281069,0
0.45832184,0
0.0015271977,0
0.15295896,0
0.4620178,0
0.028021226,0
0.26068392,0
0.08282113,0
0.004716518,0
0.30017662,0
0.47391552,1
0.837725,0
0.0024076458,0
0.7140639,1
0.0032160778,0
0.011678784,0
0.85147846,1
0.66958535,1
0.54303294,0
0.5860064,1
0.5145114,0
0.6404461,0
0.023546694,0
0.58774775,1
0.1909137,0
0.24385676,0
0.7873889,0
0.0057476703,0
0.25905734,0
0.0030033507,0
0.46165544,0
0.080313325,0
0.0020441727,0
0.027146434,0
0.7115925,1
0.006714162,0
0.5714826,0
0.07922448,0
0.5167041,0
0.85483795,0
0.3774129,1
0.5938061,0
0.4622063,1
0.13271199,0
0.07668401,0
0.17966144,0
0.035873145,0
0.5550403,1
0.0038532577,0
0.032875717,0
0.021657368,0
0.07546974,0
0.7097829,1
0.49513835,0
0.105658926,0
0.84084433,1
0.41632673,0
0.45308766,0
0.21139412,0
0.78708196,0
0.7685557,1
0.626037,1
0.08322668,0
0.003662621,0
0.21667665,1
0.7339386,1
0.80996996,1
0.59999776,0
0.072112314,0
0.0059379446,0
0.12145695,0
0.0055787666,0
0.2766476,0
0.20459972,0
0.09113405,0
0.8348922,1
0.6988205,1
0.2715984,0
0.005409395,0
0.53533804,1
0.23408552,0
0.42227137,0
0.35786283,0
0.13435161,0
0.0026342096,0
0.1563244,0
0.37477934,1
0.6760062,1
0.0059874207,0
0.01565677,0
0.037704002,0
0.002303359,0
0.0050631897,0
0.54529333,0
0.16289486,0
0.59795153,1
0.6447677,0
0.5875389,0
0.5593148,0
0.017175099,0
0.0013853359,0
0.56814444,0
0.22088975,0
0.49700162,0
0.0030662636,0
0.031474773,0
0.6731606,1
0.54726714,1
0.826984,0
0.18377028,0
0.6431689,0
0.31956387,0
0.0036882157,0
0.68858874,0
0.1760701,0
0.30065292,0
0.046712577,0
0.5711543,0
0.0054335305,0
0.009042322,0
0.30737665,0
0.8200456,1
0.006466044,0
0.003265032,0
0.70698583,0
0.026082123,0
0.3950784,0
0.011872661,0
0.010955928,0
0.114017196,0
0.03463292,0
0.45641947,0
0.030293183,0
0.20069484,0
0.034912094,0
0.45424992,0
0.0023783012,0
0.003560211,0
0.7027204,0
0.7216646,1
0.3326651,0
0.0071435673,0
0.012075467,0
0.50351954,0
0.21504906,1
0.009777987,0
0.0067256233,0
0.1985535,0
0.006544694,0
0.014350662,0
0.008689251,0
0.007901096,0
0.116914675,0
0.63763666,1
0.565271,1
0.37105447,0
0.007378699,0
0.07017043,0
0.025726194,0
0.6973623,1
0.2576916,0
0.012090506,0
0.005727987,0
0.003846074,0
0.0033119202,0
0.080034606,0
0.0027318213,0
0.008202545,0
0.13799296,0
0.29211488,0
0.004084111,0
0.5963233,0
0.011249922,0
0.06186893,0
0.0067791482,0
0.05261578,0
0.004189543,0
0.03274561,0
0.8826663,0
0.0143160075,0
0.0044002696,0
0.021641294,0
0.68980765,0
0.29458573,0
0.013936393,0
0.47913316,0
0.59765875,1
0.7431422,0
0.2091701,1
0.57771873,1
0.009835812,0
0.67941684,1
0.33931452,1
0.08125958,0
0.5244849,1
0.06972887,0
0.7778901,0
0.24981084,0
0.33417532,0
0.65854347,0
0.6349213,0
0.011408514,0
0.029493954,0
0.007964704,0
0.026989806,0
0.70335686,0
0.019154154,0
0.0722834,0
0.16919237,0
0.26259914,0
0.8648405,0
0.25128382,0
0.07281759,0
0.06919938,0
0.076570824,0
0.28320867,0
0.3531711,0
0.0108500095,0
0.00885296,0
0.031878408,0
0.5690572,0
0.49387065,0
0.0038774752,0
0.7238252,0
0.57618386,0
0.0052534435,0
0.5604898,0
0.014343501,0
0.015479662,0
0.67830145,0
0.07737679,0
0.10036774,0
0.11677663,1
0.75518686,1
0.0024435949,0
0.48316783,0
0.03597705,0
0.38092452,1
0.6087369,0
0.6522241,1
0.3624922,0
0.39702868,0
0.77880013,0
0.52314734,0
0.007728178,0
0.006937311,0
0.44314817,0
0.8060732,0
0.0082873525,0
0.04626574,0
0.011812591,0
0.0059716087,0
0.008573597,0
0.54942054,0
0.1791615,0
0.8459242,0
0.44771105,0
0.6730495,0
0.15238844,0
0.5185769,0
0.008142381,0
0.62116784,0
0.45341095,0
0.73560077,1
0.63302875,0
0.0076611647,0
0.5235242,0
0.56435573,0
0.0028719257,0
0.66555846,1
0.29240838,1
0.64831144,0
0.0045258426,0
0.6338427,0
0.31781927,0
0.33260915,1
0.09283547,0
0.7389282,1
0.012826738,0
0.6885426,0
0.7118384,0
0.005401082,0
0.0075801783,0
0.0017311111,0
0.09887616,0
0.0021954253,0
0.020479007,0
0.0023731275,0
0.03890436,0
0.12338877,0
0.7546258,0
0.009656221,0
0.13107032,0
0.32747528,0
0.023851566,0
0.15923657,0
0.11474622,0
0.50148916,0
0.005658124,0
0.67872083,0
0.32862636,0
0.76381665,0
0.0023151042,0
0.0033082392,0
0.08217666,1
0.56716865,1
0.12281853,0
0.56206095,1
0.007880922,0
0.008321128,0
0.003587853,0
0.0027881865,0
0.23273809,0
0.6620032,0
0.47312102,1
0.7487976,0
0.120286524,0
0.75788504,0
0.04557858,0
0.8445624,0
0.58840555,1
0.7078781,1
0.69881004,0
0.42846715,0
0.043335117,0
0.011879841,0
0.018909285,0
0.03142581,0
0.7310089,0
0.048191935,0
0.016772471,0
0.8830076,1
0.06725395,0
0.009122326,0
0.004010364,0
0.22796132,0
0.77366906,0
0.45933816,0
0.13723671,0
0.55051506,0
0.7111187,1
0.13725889,0
0.0028286763,0
0.81715876,0
0.011906772,0
0.78274584,1
0.084977515,0
0.6472901,1
0.21137905,0
0.012050327,0
0.31888145,0
0.25102928,0
0.008987247,0
0.704124,0
0.21029559,1
0.011871343,0
0.6961243,0
0.13187273,0
0.6692374,1
0.2894493,0
0.83514524,1
0.4928517,1
0.0035070246,0
0.1696949,0
0.007250391,0
0.14526601,0
0.7173205,0
0.47225994,0
0.008265337,0
0.8386206,0
0.73953146,1
0.005803206,0
0.82362443,1
0.30708897,0
0.10211813,0
0.5490458,0
0.47701123,0
0.4512492,1
0.14024015,1
0.0030501424,0
0.61161387,0
0.0025795922,0
0.26003063,0
0.09297979,0
0.7406218,1
0.65133697,1
0.16930102,0
0.23500092,0
0.86642796,0
0.5520999,1
0.5552863,0
0.20243236,0
0.609161,1
0.7496021,1
0.0042854054,0
0.791043,0
0.0211737,0
0.003843665,0
0.5129079,1
0.013524206,0
0.029578812,0
0.18438044,0
0.007724752,0
0.21487981,0
0.018195791,0
0.58545953,1
0.22861783,0
0.5674894,1
0.5600503,0
0.76762843,0
0.7808696,0
0.7734306,0
0.6616514,0
0.014501391,0
0.0044321343,0
0.44056937,0
0.28080335,0
0.7294991,0
0.014244276,0
0.84124017,1
0.081008725,0
0.003906526,0
0.10380733,0
0.17237014,0
0.08264629,0
0.18887468,0
0.005634995,0
0.48559752,0
0.86638373,0
0.4093571,0
0.0023663142,0
0.3709174,0
0.12119211,0
0.14631602,0
0.007828386,0
0.33835962,0
0.47914857,0
0.11750678,0
0.21678391,0
0.015689725,0
0.26012185,0
0.043368675,0
0.012005495,0
0.16253409,1
0.0037561613,0
0.8189158,1
0.016934415,0
0.004454457,0
0.6896703,0
0.14454274,0
0.0018392822,0
0.81884265,0
0.09677467,0
0.018538417,0
0.017368617,0
0.028739296,0
0.012186956,0
0.80691,0
0.6597312,1
0.07963642,0
0.6180683,0
0.0032010772,0
0.58330107,0
0.29151788,0
0.036501136,0
0.2841984,0
0.6992365,1
0.7831357,0
0.10810364,0
0.040908474,0
0.47574544,0
0.07633959,0
0.5568243,0
0.024709225,0
0.016378233,0
0.70242625,0
0.009464812,0
0.12646608,0
0.4811667,0
0.6970532,1
0.09118086,0
0.16567156,0
0.078812584,1
0.6292332,0
0.6554042,0
0.79409724,1
0.8213929,1
0.815209,0
0.050788198,0
0.0147180725,0
0.02090843,0
0.27324167,0
0.032729473,0
0.06654793,0
0.00846556,0
0.5835318,0
0.004314409,0
0.7098942,1
0.0057691177,0
0.16232963,1
0.004621619,0
0.21837267,0
0.012022322,0
0.0022301609,0
0.14965898,0
0.03682171,0
0.5035078,1
0.21567619,0
0.003371406,0
0.011997399,0
0.03891844,0
0.667254,1
0.0023479436,0
0.6515972,0
0.004135723,0
0.021891741,0
0.7983912,1
0.5401169,0
0.01841511,0
0.11820287,0
0.2956616,0
0.5470714,0
0.09835895,1
0.004517407,0
0.039798513,0
0.5586234,1
0.026703544,0
0.7236207,0
0.0076703196,0
0.8208329,1
0.096241936,0
0.03053571,0
0.26467663,0
0.03816692,0
0.021531058,0
0.71598816,0
0.00226492,0
0.37759534,1
0.5312973,1
0.8080756,1
0.0028185758,0
0.7832431,1
0.002845095,0
0.3356852,0
0.2454525,0
0.47257116,0
0.61220884,1
0.004328293,0
0.026968623,0
0.0029082668,0
0.18373598,0
0.65316343,0
0.6699976,0
0.06988983,0
0.2931473,0
0.0114186555,0
0.23067462,0
0.0044642137,0
0.36757776,0
0.70936495,1
0.0070691053,0
0.08955322,0
0.004506921,0
0.8135216,1
0.3368184,0
0.7044342,1
0.008073634,0
0.004382129,0
0.004068947,0
0.8581897,1
0.122034036,0
0.5643519,1
0.021169141,0
0.7288669,1
0.07483639,0
0.553824,0
0.6014546,0
0.6596822,1
0.028282361,0
0.0015923097,0
0.052706737,0
0.60897124,0
0.010933161,0
0.5466622,1
0.1895049,1
0.09685465,0
0.34019262,0
0.011306491,0
0.33947214,0
0.45507348,0
0.648396,1
0.13587403,0
0.046808954,0
0.6127224,0
0.004255288,0
0.7734457,1
0.68960404,0
0.007865402,0
0.010729559,0
0.7011723,0
0.0063450695,0
0.82768065,1
0.07268751,0
0.57372016,0
0.87559825,1
0.071812384,0
0.028564403,0
0.61975735,0
0.07477762,0
0.7404579,1
0.0022038135,0
0.5774326,0
0.0136557445,0
0.047054846,0
0.7592402,0
0.6743949,0
0.7239078,1
0.031653665,0
0.6724841,1
0.052776646,0
0.025729971,0
0.46167308,0
0.0025743025,0
0.021080954,0
0.7707046,1
0.44865763,0
0.20466597,0
0.5633879,0
0.0058992784,0
0.71416193,0
0.0012325246,0
0.006272093,0
0.018694071,0
0.47653675,0
0.0022935267,0
0.0031365051,0
0.1287327,0
0.73322135,0
0.009173856,0
0.48113877,1
0.17972282,0
0.7709551,1
0.005076984,0
0.0025808404,0
0.63338876,0
0.019414622,0
0.7010083,0
0.10865577,0
0.51858974,1
0.2371163,0
0.0076887202,0
0.02625765,0
0.07635915,0
0.02576553,0
0.78400713,0
0.68312335,0
0.33617747,0
0.0035171292,0
0.18868503,0
0.78411365,0
0.0065251947,0
0.8379553,1
0.6179786,0
0.5546636,0
0.16196848,0
0.51873106,0
0.10093866,0
0.77925885,0
0.7626809,0
0.006040398,0
0.8491328,1
0.055983793,0
0.84638876,0
0.03173745,0
0.5582168,1
0.52138156,0
0.60744923,0
0.8697544,0
0.006160146,0
0.061559126,0
0.02266745,0
0.6359113,0
0.0368474,0
0.27933016,0
0.014883682,0
0.19584782,0
0.67148656,0
0.5535311,0
0.50785786,0
0.0022011267,0
0.73988974,0
0.07496936,0
0.027181605,0
0.22993328,0
0.8323623,1
0.66633236,1
0.8301821,1
0.42521283,1
0.009456935,0
0.0015482082,0
0.124389336,0
0.6441528,0
0.65154177,0
0.005598769,0
0.0042914487,0
0.41020626,0
0.0035792494,0
0.07708111,0
0.106432684,0
0.5379382,0
0.009643393,0
0.0029761433,0
0.014430338,0
0.69541967,0
0.006094589,0
0.5295513,0
0.0027121063,0
0.0044962107,0
0.0016864616,0
0.5761628,1
0.34015727,0
0.0032536848,0
0.15825693,0
0.032376964,0
0.5342384,0
0.5515019,1
0.69026333,0
0.011407122,0
0.0021687627,0
0.25423917,0
0.0065203337,0
0.82709825,1
0.0077572507,0
0.107016675,0
0.8432792,1
0.52573365,0
0.011966311,0
0.7105398,0
0.0062990165,0
0.14731465,0
0.33466944,1
0.0032210099,0
0.6795318,0
0.006218572,0
0.5573744,0
0.8200512,1
0.47588885,1
0.022626547,0
0.035940778,0
0.7774217,0
0.012582472,0
0.0019704236,0
0.00360455,0
0.0024118505,0
0.48611993,0
0.032319583,0
0.0050567747,0
0.0023114705,0
0.8570577,0
0.019365264,1
0.06466939,0
0.36580825,0
0.13362555,0
0.50821495,1
0.4845198,1
0.0019362431,0
0.0020771874,0
0.0022358,0
0.006380075,0
0.0023861455,0
0.4596306,0
0.30521497,0
0.031033859,0
0.66800934,1
0.6316028,0
0.6352711,1
0.0072598457,0
0.5488831,1
0.55714,0
0.26164156,0
0.0071403957,0
0.44774652,0
0.012180808,0
0.6116895,0
0.7124918,1
0.6329089,1
0.2868839,1
0.0017204473,0
0.76654965,0
0.6995687,0
0.0024483767,0
0.6594914,1
0.001716488,0
0.0034485252,0
0.52097714,1
0.0046224045,0
0.0025585222,0
0.40042955,0
0.5699534,1
0.76592654,0
0.008791969,0
0.16204877,0
0.7428884,0
0.002941211,0
0.008965664,0
0.7794121,0
0.0017099247,0
0.023341767,0
0.015530432,0
0.13800584,0
0.43380874,0
0.0032476904,0
0.6357235,0
0.4879694,1
0.014051791,0
0.006345253,0
0.012471439,0
0.18751788,0
0.028533388,0
0.044724822,0
0.0047621033,0
0.26072627,0
0.41365552,0
0.88824755,0
0.0028388859,0
0.73621035,0
0.1334222,0
0.559447,1
0.2414522,0
0.4442178,0
0.019424126,0
0.47107735,0
0.23315693,0
0.0036799826,0
0.029162358,0
0.006905096,0
0.35494873,0
0.33911374,0
0.0028578397,0
0.77909297,1
0.061622437,0
0.8508907,1
0.0054582492,0
0.007761076,0
0.77745783,1
0.0044625527,0
0.6769989,0
0.29293972,0
0.75574046,0
0.729908,0
0.063944824,0
0.29210952,1
0.3490602,0
0.0061292443,0
0.6685098,1
0.46255994,0
0.5458018,1
0.8470736,0
0.7942682,1
0.008966201,0
0.021935252,0
0.79005367,0
0.7266897,0
0.82656354,1
0.74032,0
0.0037840859,0
0.3120485,0
0.74954164,0
0.016429156,0
0.32573885,0
0.14460362,0
0.017381659,0
0.60596275,1
0.5648398,1
0.0029461905,0
0.7582412,0
0.07297324,0
0.4394936,0
0.64813274,0
0.009408602,0
0.0080362735,0
0.2924899,0
0.009801021,0
0.44923863,1
0.024524936,0
0.19445433,0
0.5045195,0
0.119903885,0
0.28182212,0
0.019530987,0
0.0037012417,0
0.0031788293,0
0.0057562524,0
0.4239467,1
0.6909454,0
0.12856549,0
0.0020479916,0
0.8426574,1
0.63537556,0
0.8589308,0
0.003065637,0
0.1263176,0
0.31993014,0
0.78498757,1
0.0044087945,0
0.008104309,0
0.6262851,0
0.4340428,0
0.0092802765,0
0.041114073,0
0.73445743,0
0.044222504,0
0.010293609,0
0.789507,0
0.026735958,0
0.003666479,0
0.6964064,0
0.17245905,0
0.63931876,0
0.01670667,0
0.009947166,0
0.58352387,0
0.062433492,0
0.6569073,0
0.3685741,0
0.0032428252,0
0.003957758,0
0.0051792758,0
0.43778443,0
0.007974546,0
0.005848006,0
0.040978525,0
0.1165912,0
0.58599937,0
0.24818942,0
0.023041027,0
0.23558126,0
0.0036151407,0
0.83230466,1
0.0029268474,0
0.15275826,0
0.8524581,0
0.015280768,0
0.04016692,0
0.84132653,1
0.014033911,0
0.13739449,0
0.79441005,1
0.0034862212,0
0.008760812,0
0.03776963,0
0.28344277,0
0.5697547,0
0.83840984,1
0.64763784,1
0.012641949,0
0.059418064,0
0.58713484,0
0.048358705,0
0.019217527,0
0.5873428,0
0.028517837,0
0.6996764,0
0.40646893,1
0.014754877,0
0.6816645,1
0.6804993,0
0.051299933,0
0.0036293613,0
0.74565446,1
0.2339498,0
0.07993413,0
0.7175233,0
0.05708714,0
0.537593,0
0.049967177,0
0.50599855,0
0.06971984,0
0.16874428,0
0.28799716,0
0.853751,0
0.6719823,0
0.7356626,1
0.0027933936,0
0.5038928,1
0.009452634,0
0.0058415085,0
0.54551345,0
0.7372242,1
0.32196477,1
0.09605323,0
0.2801842,0
0.24939983,0
0.35827225,0
0.7182251,0
0.7456405,0
0.4273046,0
0.7703657,0
0.15584795,0
0.09063452,0
0.0056915386,0
0.7470807,0
0.004453028,0
0.217749,0
0.7624011,0
0.0055533685,0
0.2946846,0
0.8416092,1
0.5247984,1
0.67884815,0
0.7307813,1
0.011563898,0
0.0049388427,0
0.49243137,0
0.8408767,1
0.36139265,0
0.06783689,0
0.14549732,0
0.009637701,0
0.8320621,1
0.60686785,0
0.0032709176,0
0.010471512,0
0.013772217,0
0.74694854,0
0.2005948,0
0.17584161,0
0.0043906374,0
0.05566244,0
0.008886053,0
0.008326123,0
0.002949389,0
0.07864613,1
0.72313255,1
0.7258685,0
0.5577354,0
0.04950466,0
0.23969813,0
0.6132455,0
0.19516881,0
0.09434531,0
0.67381424,1
0.09572056,0
0.0035875547,0
0.0058099614,0
0.80866665,0
0.0736777,0
0.0034400392,0
0.18156284,0
0.21107765,0
0.0067297905,0
0.017125105,1
0.59412414,1
0.5851945,0
0.67136115,1
0.023610327,0
0.74028057,0
0.8468029,0
0.008692386,0
0.55529535,0
0.0013832629,0
0.07949092,0
0.43406916,0
0.5350834,0
0.0049298266,0
0.7547957,0
0.57162577,1
0.71290636,0
0.033510815,1
0.0108113885,0
0.0032818983,0
0.76615036,1
0.1527531,0
0.0033092,0
0.0163353,0
0.013210683,0
0.017551105,0
0.010177336,0
0.0064994427,0
0.24727017,0
0.51431906,0
0.005514222,0
0.0027810745,0
0.0036626938,0
0.015577883,0
0.798356,1
0.03165453,0
0.30665588,1
0.6312218,0
0.43503013,0
0.34310842,0
0.42562714,0
0.004320208,0
0.63090235,0
0.8598463,0
0.1924703,0
0.093548246,0
0.20863435,0
0.0949977,0
0.4078649,0
0.76994896,0
0.21947798,0
0.53692657,0
0.022076666,0
0.16614611,0
0.1828972,0
0.29226866,0
0.19585022,0
0.0053844224,0
0.43648872,0
0.55039847,0
0.3374467,0
0.004955608,0
0.09437069,0
0.08798789,0
0.10489708,0
0.010712889,0
0.0035117466,0
0.8522645,0
0.77986425,0
0.51804,0
0.7119996,0
0.044999063,0
0.55747545,0
0.5406945,0
0.11370442,0
0.7689727,1
0.01987539,0
0.15167822,0
0.6816126,0
0.002898088,0
0.007307598,0
0.14131057,0
0.63937795,0
0.003577179,0
0.50772476,0
0.8128793,1
0.67044145,1
0.8338163,0
0.4078974,0
0.044133227,0
0.009472474,0
0.815344,0
0.685628,1
0.0764268,0
0.02246257,0
0.84544086,1
0.80949306,1
0.5900092,0
0.19871941,1
0.0059112874,0
0.050449908,0
0.82584596,0
0.5982307,0
0.003216122,0
0.006869007,0
0.006814196,0
0.110762514,0
0.48555622,0
0.039582316,0
0.017554436,0
0.026397323,0
0.39096275,0
0.007321711,0
0.19853166,0
0.5264543,0
0.71003515,0
0.7704764,1
0.027216274,0
0.18765284,1
0.005388553,0
0.07641179,0
0.42839247,0
0.0035165292,0
0.70922196,1
0.27204552,0
0.007762471,0
0.8364042,1
0.13274173,0
0.0029452215,0
0.707913,0
0.11638929,0
0.46563622,1
0.80398196,1
0.39634496,0
0.2132146,0
0.075842835,0
0.5864775,0
0.0028284679,0
0.7022552,1
0.70577556,1
0.2796151,0
0.09303746,0
0.2690254,0
0.060928144,0
0.7666758,0
0.007633493,0
0.7297738,0
0.009266857,0
0.18849733,0
0.23215452,0
0.002251288,0
0.03256639,0
0.010799451,0
0.65803003,0
0.42442477,0
0.0031846883,0
0.014476227,0
0.8681316,1
0.6249158,0
0.035781592,0
0.6900723,1
0.06481059,0
0.7297834,1
0.1319294,0
0.11201972,0
0.010151889,0
0.8443948,0
0.07428237,0
0.004613972,0
0.76014656,0
0.437059,0
0.0060173557,0
0.38008738,0
0.3914922,0
0.11053348,0
0.008548137,0
0.53266555,0
0.6658603,0
0.9196809,1
0.18750392,0
0.0015966417,0
0.006048474,0
0.007304862,0
0.010284403,0
0.003307769,0
0.038274817,0
0.18335347,0
0.074909076,0
0.046296395,0
0.14846331,0
0.67158294,1
0.6811916,1
0.03153579,0
0.12831026,0
0.35398227,0
0.28057796,0
0.13199578,0
0.6431845,0
0.0030622475,0
0.33202577,1
0.83352524,1
0.15480015,0
0.059299167,0
0.030481668,0
0.038304046,0
0.9243546,1
0.68532187,0
0.7089917,0
0.004807669,0
0.046257775,0
0.04135763,0
0.20900571,0
0.07194114,0
0.010845332,0
0.7164658,0
0.007778136,0
0.8588896,0
0.003559697,0
0.5451067,1
0.73149496,0
0.095454074,0
0.6840951,1
0.7723658,0
0.4560166,0
0.06875121,0
0.5527985,0
0.009986403,0
0.5615323,0
0.099459454,0
0.491658,0
0.85856575,0
0.5603969,1
0.55884385,0
0.19908907,0
0.009376166,0
0.027432462,0
0.80574507,0
0.0063557574,0
0.020221036,0
0.014542671,0
0.030210325,0
0.80511475,1
0.7424579,0
0.18405266,0
0.6574412,1
0.78717226,1
0.7862986,1
0.004094911,0
0.0068979464,0
0.013486484,0
0.24904361,0
0.004156903,0
0.8079496,0
0.71489275,0
0.0047597196,0
0.45158502,0
0.14580552,0
0.8846726,0
0.19264288,0
0.68723536,0
0.46689624,0
0.0322623,1
0.60004866,0
0.31115827,0
0.0020080227,0
0.045206882,0
0.7100435,0
0.80724674,1
0.8028583,0
0.8353318,1
0.19352497,0
0.7635232,1
0.8128934,1
0.64623296,1
0.10316444,0
0.66409576,1
0.26165593,0
0.0032502352,0
0.81368625,1
0.0017461253,0
0.5362356,1
0.26959378,0
0.0063357535,0
0.016037144,0
0.0610924,0
0.040205617,0
0.2945785,0
0.03011538,0
0.13501354,0
0.26526448,1
0.011823372,0
0.15102562,0
0.7987702,0
0.5899557,0
0.34915859,0
0.0040780394,0
0.08843898,0
0.61661,0
0.8292732,0
0.52017784,0
0.23160923,0
0.010260081,0
0.5293677,0
0.78795993,0
0.7363064,0
0.008480009,0
0.5107662,0
0.49215993,0
0.0039033827,0
0.0036664456,0
0.37122965,0
0.010992213,0
0.11582232,0
0.03328898,0
0.003289457,0
0.36025685,1
0.14898844,0
0.6121037,0
0.022111438,0
0.5753806,0
0.4311172,0
0.39357,0
0.0031893952,0
0.7512325,0
0.81241804,1
0.5830925,0
0.47696507,0
0.062436838,0
0.54402554,0
0.42817664,0
0.5743242,0
0.8763928,1
0.0033125423,0
0.16081674,0
0.24867885,0
0.0105965035,0
0.29171365,0
0.5852292,0
0.6189083,1
0.57723874,0
0.012862706,0
0.6297456,1
0.021712339,1
0.052835718,0
0.035581727,0
0.4482205,0
0.007445546,0
0.0053716586,0
0.21725465,0
0.009261325,0
0.13771471,0
0.64975125,0
0.12281675,0
0.67348707,0
0.58835596,0
0.7660621,1
0.6118806,0
0.0814169,0
0.53338283,0
0.009599242,0
0.005448447,0
0.79913425,0
0.52452016,1
0.0061794166,0
0.44794947,1
0.01639079,0
0.1728196,0
0.36949652,0
0.28302714,0
0.010357682,0
0.89522624,0
0.0072262096,0
0.008102245,0
0.008671979,0
0.0026090431,0
0.0060110525,0
0.7879281,1
0.41942206,0
0.17109647,0
0.0020132689,0
0.014559067,0
0.002735716,0
0.005212255,0
0.0040816953,0
0.13838693,0
0.025513645,0
0.7357659,1
0.006264293,0
0.10238028,0
0.57224876,0
0.3448525,0
0.039649166,0
0.6012687,0
0.0044775675,0
0.004712007,0
0.012552548,0
0.45493233,0
0.19549412,0
0.0062321713,0
0.50778705,1
0.36314225,0
0.045585215,0
0.010134439,0
0.042906817,0
0.18365565,0
0.21328412,0
0.897766,0
0.047431182,0
0.0025939075,0
0.05379416,0
0.10776475,0
0.0051936805,0
0.009648705,0
0.16565628,1
0.85564864,0
0.00279184,0
0.62005925,1
0.006774466,0
0.0022441829,0
0.009149746,0
0.18788593,0
0.433909,1
0.0111294,0
0.6599087,0
0.18140002,0
0.76495975,1
0.05824238,0
0.08324187,0
0.60619164,0
0.7026502,1
0.3236282,0
0.5408912,0
0.0031803558,0
0.0040978137,0
0.6077191,0
0.53543556,0
0.39663124,0
0.6087841,1
0.0069676745,0
0.010024567,0
0.73600703,0
0.012776618,0
0.33479288,0
0.003620519,0
0.01590366,0
0.8216038,1
0.0069804606,0
0.7434115,0
0.669924,0
0.22380288,0
0.0029503875,0
0.5766794,0
0.0017364515,0
0.4684379,0
0.7534724,0
0.27652746,0
0.64612347,1
0.80355114,1
0.09426491,0
0.33334118,0
0.003082212,0
0.0034945484,0
0.0040400974,0
0.0108983945,0
0.010874411,0
0.068718255,0
0.07523648,0
0.6870904,1
0.72675693,0
0.5837196,0
0.68135536,1
0.076545276,0
0.43086186,1
0.09696341,0
0.1533138,0
0.7674299,1
0.6036319,0
0.0035598795,0
0.78055745,1
0.001770421,0
0.043822736,0
0.07966264,0
0.26415944,0
0.72515845,0
0.18287876,0
0.0036401835,0
0.6754029,0
0.12179118,0
0.014749533,0
0.17209776,0
0.05450132,0
0.03627817,0
0.0056828535,0
0.0650937,0
0.43327278,1
0.003132938,0
0.008518171,0
0.43049493,0
0.16681983,0
0.10254511,1
0.14871193,0
0.35055643,0
0.066371225,0
0.027310664,0
0.6766544,0
0.0019616354,0
0.725602,1
0.798588,0
0.019193482,0
0.030580657,0
0.24649507,0
0.02689433,0
0.003678357,0
0.41047788,0
0.0026724138,0
0.018735426,0
0.08482618,0
0.44402853,0
0.77168226,1
0.5306284,0
0.32353497,0
0.59981215,1
0.063053645,0
0.10141795,0
0.7198587,1
0.021552501,0
0.06906935,1
0.66250384,1
0.017362643,0
0.005365072,0
0.03650021,0
0.0020821353,0
0.21862088,0
0.43792757,0
0.0064552734,0
0.62153506,1
0.09495114,0
0.28368536,0
0.7394471,1
0.003101144,0
0.29033062,0
0.0741158,0
0.079461925,0
0.59935546,0
0.067437135,0
0.23282152,0
0.6894529,0
0.04509688,0
0.27454713,1
0.79066247,1
0.7234811,0
0.03828261,0
0.3564655,0
0.27145678,1
0.050474856,0
0.079749055,0
0.03826348,0
0.7223615,0
0.016182575,0
0.78684354,1
0.023015365,0
0.27797028,0
0.7433174,1
0.0043883095,0
0.7276794,1
0.005083692,0
0.5580098,0
0.07485643,0
0.041821957,0
0.82333046,0
0.0025912244,0
0.19667768,1
0.7694983,1
0.0053903316,0
0.0015003998,0
0.14153393,0
0.017616687,0
0.6642686,1
0.7930294,0
0.7489154,1
0.7497928,0
0.002879936,0
0.00439311,0
0.008740028,0
0.7145197,1
0.7303832,0
0.032282166,0
0.68565506,1
0.02843612,0
0.7426108,0
0.012632661,0
0.46815965,0
0.009003543,0
0.23940119,0
0.0036923233,0
0.85746354,0
0.43199185,0
0.8292511,1
0.010558367,0
0.2719211,0
0.5183769,0
0.2837119,0
0.23150837,0
0.0774957,0
0.04173737,0
0.0515189,0
0.4549686,0
0.2750701,1
0.003052819,0
0.76642686,0
0.8573797,1
0.0033228511,0
0.107016444,0
0.0062648924,0
0.18327807,0
0.16776764,0
0.0130810365,0
0.873679,1
0.18382075,0
0.75976884,0
0.8645217,1
0.6957191,1
0.013276979,0
0.31433713,1
0.2587254,0
0.62011015,0
0.08640894,0
0.14888594,0
0.030614277,0
0.0025089884,0
0.7072498,0
0.5092278,0
0.06683736,0
0.6697958,0
0.5311027,0
0.40112406,0
0.4808721,0
0.074383244,0
0.23840296,0
0.6010009,0
0.031499483,0
0.13779475,0
0.0042384686,0
0.044186886,0
0.027156271,0
0.008740417,0
0.14265262,0
0.109325506,0
0.022456996,0
0.44668317,0
0.79768366,0
0.43067977,0
0.5981683,0
0.02319089,0
0.011226788,0
0.004177038,0
0.0034241455,0
0.65780103,0
0.79163486,1
0.47708014,1
0.77934563,1
0.07574819,0
0.016604394,0
0.2764722,0
0.33054978,0
0.0017902078,0
0.7042451,0
0.25458768,0
0.002535971,0
0.70536,0
0.0052222386,0
0.20663784,0
0.5789699,0
0.0034872189,0
0.0059098275,0
0.7115148,1
0.6080575,0
0.81245685,1
0.5053322,0
0.02160602,0
0.81811506,1
0.022791555,0
0.015447364,0
0.18060757,0
0.5998252,0
0.5062574,0
0.50044996,0
0.026114415,0
0.053455636,0
0.36417246,0
0.35099563,1
0.3936562,0
0.20074631,0
0.0033299192,0
0.0039592884,0
0.6327019,0
0.7779221,1
0.0062287385,0
0.4949524,0
0.2056441,1
0.17704359,0
0.27989954,0
0.52254,0
0.6683442,0
0.0076017966,0
0.010476419,0
0.7283599,0
0.47932756,0
0.6310021,0
0.6030481,0
0.7059901,1
0.10337552,0
0.30316013,0
0.09484114,0
0.015238193,0
0.0020159218,0
0.527791,1
0.7118145,1
0.0019319096,0
0.0080392845,0
0.61684805,1
0.006131341,0
0.5489282,0
0.097232945,0
0.066022485,0
0.057017073,0
0.6466015,1
0.19113863,1
0.0352325,0
0.54288477,0
0.021666484,0
0.76696014,0
0.19517331,0
0.058237404,0
0.23241274,0
0.121674836,0
0.45704162,0
0.64774257,1
0.5563384,1
0.002489062,0
0.86381674,0
0.6198195,0
0.16733485,0
0.71145064,0
0.51843506,0
0.21649246,0
0.67652684,1
0.007007876,0
0.017029202,0
0.45252812,0
0.3809209,0
0.28993845,0
0.0962911,0
0.04214853,0
0.41092718,0
0.53900313,0
0.0023875432,0
0.67061985,1
0.008532237,0
0.40005127,0
0.58873194,0
0.35994574,1
0.10139736,0
0.085047655,0
0.0387692,0
0.47073433,0
0.0049458616,0
0.0050645038,0
0.12261262,0
0.027127095,0
0.17366566,0
0.017308975,0
0.43322864,0
0.36154133,0
0.01231764,0
0.100439124,0
0.0055744145,0
0.0036997118,0
0.21983458,0
0.007666437,0
0.4107402,0
0.0032023538,0
0.5605969,1
0.05079615,0
0.019504216,0
0.28917065,0
0.0029935231,0
0.08038256,0
0.6662702,0
0.019183924,0
0.3391585,0
0.34539914,0
0.12133065,1
0.030541409,0
0.57340527,0
0.017738558,0
0.11441815,0
0.0035933482,0
0.006381629,0
0.7273538,0
0.0019380961,0
0.54766506,0
0.26070112,0
0.40270466,1
0.025281794,0
0.37047797,0
0.25428402,0
0.7835494,0
0.19119437,0
0.52804554,0
0.026706258,0
0.81583256,0
0.06286379,0
0.0096698925,0
0.0023760498,0
0.043920003,0
0.044795685,0
0.38836095,0
0.6459307,0
0.012724954,0
0.004780385,0
0.011625101,0
0.007665171,0
0.016350847,0
0.3510173,0
0.7468558,0
0.0045053763,0
0.7136416,1
0.38563338,1
0.010182741,0
0.0026219746,0
0.44901502,0
0.0039328416,0
0.37113652,0
0.15593861,0
0.006417255,0
0.004814939,0
0.23349932,0
0.34453914,1
0.55705035,0
0.013004127,0
0.08702423,0
0.009749454,0
0.01778687,0
0.0057462677,0
0.19704394,0
0.19455734,1
0.28165084,0
0.0028316262,0
0.37040225,1
0.6238391,1
0.02986602,0
0.07822984,0
0.052795656,0
0.76554596,1
0.12713964,0
0.71393114,0
0.6112585,1
0.04525165,0
0.15777177,0
0.8189694,1
0.66721183,1
0.7031386,1
0.005651445,0
0.26998028,0
0.2722919,1
0.39005643,0
0.0023954064,0
0.47081438,1
0.8645774,1
0.53177613,0
0.84361374,0
0.7533868,0
0.23268627,1
0.006846066,0
0.7565959,1
0.034230992,0
0.48941556,0
0.0075899563,0
0.008150943,0
0.13031289,0
0.7046298,1
0.674138,0
0.020768704,0
0.041020855,0
0.77002406,0
0.77173597,0
0.7679648,0
0.14348578,0
0.001953216,0
0.5595704,0
0.1544043,0
0.52517164,0
0.004420065,0
0.40692177,0
0.031209797,0
0.00641324,0
0.011476346,0
0.01860325,0
0.7286162,0
0.3456393,0
0.029527254,0
0.030940533,0
0.583512,0
0.1773339,0
0.21201712,0
0.13697846,0
0.19825211,0
0.84053886,1
0.5311819,0
0.5555404,0
0.0064741145,0
0.50441426,0
0.37402135,0
0.24411018,0
0.0028973098,0
0.7202002,0
0.029642325,0
0.83711773,1
0.6947405,0
0.002042721,0
0.006127777,0
0.32313406,0
0.41612312,0
0.14139925,0
0.01784955,0
0.0028851288,0
0.4874759,0
0.82577306,0
0.6707375,0
0.18167564,0
0.77614784,0
0.00654311,0
0.08719729,0
0.19153257,0
0.010231571,0
0.052554093,0
0.13446265,0
0.79343504,0
0.003680727,0
0.004347624,0
0.5018075,0
0.665482,1
0.43095446,0
0.6437352,0
0.8629371,0
0.0057538324,0
0.06922331,0
0.3234468,0
0.7904096,1
0.9010218,1
0.0028302313,0
0.22846891,0
0.28849855,0
0.0020980702,0
0.7578719,0
0.664168,1
0.15370381,0
0.073629014,0
0.0048452467,0
0.0028916604,0
0.029932164,0
0.30024058,0
0.0039442116,0
0.027804952,0
0.38365334,0
0.11121237,0
0.19790863,0
0.63665885,0
0.017664384,0
0.009739001,0
0.041702867,0
0.0030241278,0
0.007567728,0
0.58988845,0
0.019833231,0
0.008568436,0
0.005215952,0
0.41999143,0
0.28600296,0
0.66875935,1
0.45101795,0
0.60422444,0
0.7344499,1
0.04507948,0
0.88324165,1
0.28918543,1
0.30731985,0
0.0053967317,0
0.7807096,0
0.8009333,1
0.00359733,0
0.8191012,1
0.22281025,0
0.33846098,0
0.5102133,0
0.5969916,0
0.054222424,0
0.0037728571,0
0.7212143,0
0.03399435,0
0.65874326,1
0.005184081,0
0.021021124,0
0.0051218723,0
0.023985857,0
0.7111563,0
0.6063309,1
0.003385152,0
0.101027,0
0.6907315,0
0.0020741925,0
0.053649195,0
0.5275678,0
0.002834982,0
0.7594923,1
0.10248538,1
0.12585285,0
0.0036778885,0
0.30400077,0
0.36845422,0
0.0038792752,0
0.617472,0
0.37842143,0
0.35766634,0
0.073365755,0
0.69828165,0
0.30870038,1
0.02861076,0
0.20338988,0
0.006723792,0
0.05711858,0
0.63136536,0
0.0025617334,0
0.004988123,0
0.0081763165,0
0.001997995,0
0.8197741,1
0.0069472645,0
0.7624614,1
0.60712415,0
0.0039258357,0
0.72690165,1
0.66426784,1
0.30135536,0
0.51706207,0
0.20832552,0
0.040031653,0
0.0039252113,0
0.0046688393,0
0.3920568,0
0.013015369,0
0.7397126,0
0.76159817,1
0.005692224,0
0.0040150727,0
0.27276024,0
0.7166422,1
0.65054154,0
0.83475316,1
0.42598763,0
0.19527303,0
0.59800035,0
0.019598674,0
0.029523363,0
0.8542532,0
0.5946063,1
0.012018856,0
0.86872226,0
0.6372653,0
0.5940257,1
0.047542896,0
0.029124662,0
0.0032163695,0
0.19506377,0
0.0049460707,0
0.61749315,1
0.59239584,0
0.0056704944,0
0.0042603947,0
0.08276071,0
0.039517425,0
0.002709541,0
0.0049776575,0
0.86136806,1
0.80768794,1
0.77800757,0
0.003359505,0
0.005949535,0
0.62950885,1
0.35320914,0
0.023225203,0
0.28280228,1
0.009838631,0
0.13008817,0
0.6169633,0
0.013946573,0
0.8410081,0
0.080703035,0
0.52450836,1
0.21367072,0
0.32374078,1
0.010457385,0
0.0066850726,0
0.30047122,0
0.24588925,0
0.79712117,1
0.7896909,0
0.010633962,0
0.81079763,1
0.4829855,0
0.19174048,0
0.6693211,1
0.0027091312,0
0.025542395,0
0.0940393,0
0.13287066,0
0.004782248,0
0.02355981,0
0.038863815,0
0.31217086,0
0.01280435,0
0.6925711,0
0.7906632,1
0.623158,0
0.003874224,0
0.019170936,0
0.057063896,0
0.15724148,0
0.055568762,0
0.71198756,0
0.7148278,0
0.88669,1
0.543134,0
0.8587323,0
0.0020526005,0
0.009865113,0
0.036847435,0
0.7191119,1
0.005411607,0
0.6739367,1
0.0341508,0
0.18876754,0
0.5127166,0
0.8051411,0
0.29841796,0
0.011667518,0
0.72749877,1
0.02401212,0
0.4345795,0
0.6890423,0
0.0045730784,0
0.18862295,0
0.5216692,0
0.02036442,0
0.0069696438,0
0.03690478,0
0.866063,0
0.21219033,0
0.51960444,0
0.6979561,0
0.053912066,0
0.29473916,0
0.0045901993,0
0.056356322,0
0.14486453,0
0.20431748,1
0.4665502,0
0.007603473,0
0.24686366,0
0.13736854,0
0.0044662254,0
0.577357,0
0.034018483,0
0.006233264,0
0.0018634072,0
0.0068572573,0
0.5568276,1
0.010000929,0
0.4366295,1
0.5943828,0
0.57379556,0
0.035925142,0
0.5103714,0
0.005120908,0
0.09044383,0
0.75336677,0
0.14120504,0
0.7071569,0
0.0015192212,0
0.46410254,0
0.008791462,0
0.7523395,1
0.70512617,0
0.7869994,0
0.24509753,0
0.49309713,0
0.81064785,0
0.26478472,0
0.7727385,1
0.13988256,0
0.0018875378,0
0.018090444,0
0.14063963,0
0.0028560043,0
0.12909777,0
0.9129649,1
0.25771645,0
0.52399904,0
0.13756606,0
0.88923943,1
0.07944177,0
0.042445593,0
0.72763175,1
0.0046370984,0
0.26282886,0
0.026517246,0
0.004002986,0
0.08688097,0
0.8483241,1
0.35792762,0
0.74693644,0
0.8675718,1
0.5313742,0
0.004864402,0
0.0065576695,0
0.055508334,0
0.4891158,0
0.016795991,0
0.027448539,0
0.6508033,0
0.0033803533,0
0.22054645,0
0.48454082,0
0.00859022,0
0.0033557648,0
0.26805833,0
0.008785522,0
0.6848086,0
0.7784486,1
0.08352525,1
0.64185774,0
0.1448599,0
0.10893713,0
0.0034213315,0
0.22807992,0
0.28310657,0
0.064546905,0
0.6659747,0
0.009742874,0
0.85372275,0
0.07068024,0
0.6516704,0
0.13600789,0
0.0020730302,0
0.0052870605,0
0.5275086,0
0.002614624,0
0.004969141,0
0.08987582,0
0.21866216,0
0.41695386,0
0.490842,0
0.51315004,1
0.029960122,0
0.8773652,1
0.22817275,0
0.32774287,0
0.033505417,0
0.36823446,0
0.110714674,0
0.0017474764,0
0.0031856815,0
0.0058580614,0
0.76941097,0
0.07866289,0
0.4149765,0
0.5039957,1
0.23423554,0
0.12344167,0
0.8508861,1
0.06608001,0
0.14610295,0
0.39381066,1
0.007290606,0
0.004746168,0
0.42807752,0
0.7284257,0
0.73061335,1
0.010896786,0
0.7690469,1
0.004374184,0
0.11681257,0
0.81638134,0
0.33010054,0
0.28245258,0
0.004239479,0
0.0025023285,0
0.038036913,0
0.7127859,0
0.37380725,0
0.6940224,0
0.7681304,1
0.66107,1
0.6387736,0
0.0057583516,0
0.100751564,0
0.0037503985,0
0.8816447,0
0.49884206,1
0.003142113,0
0.008296545,0
0.005927691,0
0.007011772,0
0.08572643,0
0.048523016,0
0.76236075,0
0.7285394,1
0.5479684,0
0.4926007,0
0.0047959723,0
0.55537724,1
0.6221321,1
0.0026664434,0
0.0040443805,0
0.0057381657,0
0.4437797,0
0.45552006,0
0.09027734,0
0.8752453,1
0.5211326,0
0.047947906,0
0.40865275,0
0.049404472,0
0.75390744,0
0.47535163,0
0.0359655,0
0.053506915,0
0.095377766,0
0.5901882,1
0.010596328,0
0.0020897058,0
0.45159003,0
0.0039740605,0
0.6786352,1
0.29449794,0
0.5963323,1
0.0016856911,0
0.034504384,0
0.34294906,0
0.36002907,0
0.45322394,1
0.014765126,0
0.6362335,0
0.011353464,0
0.0019134161,0
0.6165588,1
0.7771813,1
0.56550604,0
0.042699058,0
0.011717508,0
0.7595575,1
0.7287859,0
0.06754986,0
0.01732035,0
0.28638095,1
0.48061705,0
0.09390415,0
0.35749838,0
0.26066887,0
0.013898267,0
0.40397093,1
0.030144477,0
0.8416925,0
0.57294416,0
0.010786057,0
0.33605307,0
0.23289247,0
0.8400218,0
0.7087127,1
0.014551449,0
0.42629433,0
0.0061372956,0
0.0020916178,0
0.1781051,0
0.62141436,0
0.008508756,1
0.011094995,0
0.023090323,0
0.004130142,0
0.5174209,0
0.8058681,0
0.1357756,0
0.014039184,0
0.11686678,0
0.054877803,0
0.7794684,1
0.25930193,0
0.006166826,0
0.31737348,0
0.656175,0
0.6732246,1
0.67922413,0
0.023236394,0
0.008214136,0
0.004039602,0
0.0066017257,0
0.8321105,0
0.77024454,1
0.0017420638,0
0.021642663,0
0.0021493256,0
0.7602473,1
0.59525883,0
0.02899356,0
0.30926538,1
0.31458762,0
0.81190187,1
0.0070605823,0
0.82188004,1
0.8000625,0
0.117679484,0
0.850545,0
0.4850486,0
0.0030206451,0
0.020074949,0
0.0051088063,0
0.07129,0
0.075296216,0
0.22619954,0
0.41161692,0
0.013508515,0
0.007265429,0
0.33357623,0
0.022674583,0
0.0045620236,0
0.8029141,0
0.35628787,1
0.0047732037,0
0.020294258,0
0.50766486,0
0.52003175,0
0.51387644,1
0.43282163,0
0.7404664,1
0.0017983629,0
0.023689948,0
0.08538506,0
0.4406385,0
0.7782259,0
0.38680547,0
0.24996912,1
0.8276039,0
0.6058966,0
0.7762602,1
0.6202223,0
0.5379086,0
0.008951582,0
0.8462281,1
0.10089966,0
0.004336836,0
0.5811032,0
0.69496596,0
0.02062673,0
0.025883935,0
0.29418418,0
0.67903143,1
0.79155695,0
0.094280586,0
0.7661141,1
0.7381117,0
0.022717254,0
0.010955701,0
0.5447584,0
0.004736279,0
0.38761118,0
0.08231817,0
0.031481396,0
0.8254709,0
0.02195767,0
0.009475391,0
0.0033575292,0
0.09694768,0
0.725464,1
0.28485146,0
0.023314657,0
0.66425365,0
0.3851038,0
0.0066192984,0
0.46057743,0
0.04848087,0
0.031190516,0
0.7034675,1
0.06746313,0
0.7837518,0
0.77636725,1
0.68943113,0
0.04391835,0
0.19355859,0
0.0032543563,0
0.7386973,1
0.0060639963,0
0.002932497,0
0.025578657,0
0.083078325,0
0.0025037322,0
0.7996475,1
0.49580124,0
0.37858263,1
0.004139466,0
0.28170148,0
0.7988051,1
0.011473073,0
0.33921507,1
0.44158173,0
0.6614826,1
0.006807087,0
0.0019526846,0
0.06955977,0
0.0042169574,0
0.08936774,0
0.82757616,0
0.014927306,0
0.15782309,0
0.0046588387,0
0.75188226,1
0.7069022,0
0.05057005,0
0.5865791,0
0.7433603,1
0.19563082,0
0.00479208,0
0.6029624,0
0.35332003,1
0.6344283,0
0.0125052,0
0.80523443,1
0.08113496,0
0.6476864,1
0.13960764,0
0.60876644,0
0.6591848,0
0.70565367,0
0.0051673194,0
0.8889509,0
0.016315047,0
0.8489605,0
0.0052816346,0
0.00689219,0
0.0047988296,0
0.40899453,1
0.6034314,1
0.057430346,0
0.07136639,0
0.0030781457,0
0.051546402,0
0.6146397,1
0.056162596,0
0.03193047,0
0.72455674,1
0.15020491,0
0.35295263,0
0.010794466,0
0.52515996,0
0.012611856,0
0.29599565,0
0.016150836,0
0.023176242,0
0.007275788,0
0.31422925,0
0.648529,0
0.12659504,0
0.33264926,1
0.3272032,0
0.3162046,0
0.34227416,0
0.30758607,1
0.061631825,0
0.013366318,0
0.298,0
0.2870237,0
0.27818674,0
0.00511501,0
0.42667642,0
0.23474702,0
0.5906166,0
0.26964793,0
0.15406708,0
0.0031242843,0
0.6169017,0
0.45050806,0
0.00630013,0
0.048544254,0
0.3079311,0
0.67561626,1
0.14640495,0
0.0017872627,0
0.7938721,0
0.010275879,0
0.0060545253,0
0.005124915,0
0.802682,0
0.5075291,1
0.002888975,0
0.0048150504,0
0.004900332,0
0.0021478739,0
0.70946246,1
0.005564049,0
0.39741302,0
0.03368029,0
0.7602786,0
0.006715481,0
0.05352274,0
0.11208497,0
0.7401475,0
0.58263636,0
0.06600092,0
0.0026759147,0
0.058413308,0
0.16249004,0
0.010923688,0
0.72612244,0
0.13146777,0
0.7510392,0
0.004002553,0
0.69090307,0
0.009504104,0
0.665434,1
0.65009725,1
0.092588104,0
0.008675325,0
0.81839377,0
0.769059,1
0.200629,0
0.6269757,0
0.0066565354,0
0.088367134,0
0.003976328,0
0.70950526,0
0.6739343,0
0.80430466,0
0.16005102,0
0.8067676,1
0.002188518,0
0.008668312,0
0.038557168,0
0.009141259,0
0.58497906,0
0.3286863,0
0.0025618805,0
0.0247683,0
0.024853446,0
0.56740844,0
0.003687841,0
0.4075883,1
0.010608794,0
0.48664084,0
0.69710505,0
0.41955367,1
0.88923734,1
0.13902798,1
0.24753761,0
0.4920119,0
0.08197608,0
0.7421765,0
0.0041138674,0
0.08514088,0
0.4661407,0
0.009468332,0
0.71626824,0
0.74033666,0
0.05681086,0
0.13756888,0
0.15595154,0
0.8061675,0
0.32250473,1
0.003164583,0
0.11374295,0
0.6157535,1
0.059242293,0
0.010371813,0
0.81326777,1
0.72076356,0
0.6104453,1
0.86523134,1
0.7368268,0
0.8624865,1
0.4567583,0
0.0074566444,0
0.009595658,0
0.66452175,0
0.033586126,0
0.13411744,0
0.8489556,0
0.0050064083,0
0.12336388,0
0.6537902,0
0.0026570947,0
0.6611293,1
0.8330875,0
0.049384717,0
0.05074719,0
0.0024707478,0
0.0075953854,0
0.0025363583,0
0.68569535,1
0.0026266647,0
0.051029317,0
0.008533363,0
0.5234083,0
0.15115127,0
0.4530572,1
0.008016763,0
0.0049136337,0
0.6139042,0
0.8305546,1
0.6225482,0
0.66359806,0
0.010163175,0
0.3968628,0
0.3315523,0
0.72713566,0
0.006370883,0
0.006377715,0
0.7268092,0
0.25118497,0
0.51937115,0
0.06172645,0
0.06328248,0
0.05022845,0
0.8675103,1
0.1291199,0
0.18730229,0
0.58459836,0
0.019204987,0
0.69691324,0
0.5829526,0
0.7200051,0
0.032676555,0
0.6404835,0
0.01997225,0
0.013688692,0
0.24612443,0
0.1040001,0
0.002501522,0
0.010538604,0
0.0070269615,0
0.17084038,0
0.4778015,0
0.48514566,0
0.8411697,0
0.5099527,0
0.24449013,0
0.39358845,0
0.004990853,0
0.0050648735,0
0.016565345,0
0.78214353,0
0.7200127,0
0.006318025,0
0.76692575,0
0.0058695134,0
0.017211786,0
0.08735233,0
0.07590759,0
0.008310043,0
0.0049856845,0
0.2813912,0
0.04576394,0
0.74810624,0
0.69840807,1
0.0632842,0
0.48793116,0
0.19622459,0
0.025951449,0
0.0029480597,0
0.0013322453,0
0.75350416,0
0.722081,1
0.1352331,0
0.0048872787,0
0.0044072336,0
0.6331552,1
0.003114896,0
0.0031059699,0
0.004416805,0
0.0020851158,0
0.12522575,0
0.6818818,0
0.32020998,0
0.0040354203,0
0.025857449,0
0.35766038,0
0.045097742,0
0.58318645,0
0.040940702,0
0.04215713,0
0.0018989643,0
0.7759338,1
0.3704687,0
0.006136786,0
0.64488363,1
0.7029219,1
0.04168142,0
0.04658933,0
0.41874465,0
0.0037668399,0
0.0032223235,0
0.008359043,0
0.6586279,0
0.0037741547,0
0.018411007,0
0.0068060714,0
0.010218512,0
0.0040241326,0
0.0232202,0
0.0050869416,0
0.583284,0
0.0056353505,1
0.028715894,0
0.021357318,0
0.105681546,0
0.44856045,0
0.051875535,0
0.06904334,0
0.008258208,0
0.15534718,0
0.41401488,0
0.85439795,0
0.064668745,0
0.8365585,0
0.626054,1
0.019425573,0
0.24657881,0
0.0029202877,0
0.46868277,0
0.05840367,0
0.5545798,0
0.0044112043,0
0.59143275,1
0.0072976463,0
0.7597258,1
0.6080507,0
0.0044118157,0
0.0074551897,0
0.6800175,1
0.37111607,0
0.009852485,0
0.13985811,0
0.003304743,0
0.7200842,0
0.859369,0
0.004229523,0
0.6112905,0
0.009890991,0
0.0051614814,0
0.28116226,0
0.3085072,0
0.00721184,0
0.002663778,0
0.0076853265,0
0.32242754,0
0.008363605,0
0.007245553,0
0.68351114,1
0.7495822,0
0.44017792,0
0.1873286,0
0.0065147113,0
0.008869167,0
0.49442118,0
0.43161595,0
0.6280484,0
0.0025223335,0
0.55365276,0
0.42974293,0
0.035102572,0
0.546219,1
0.4449864,0
0.7789023,0
0.46560428,0
0.5376426,0
0.8878914,1
0.0036305077,0
0.6440116,1
0.7354461,0
0.0065537384,0
0.3729477,0
0.7459972,1
0.37543774,0
0.0125989225,0
0.0036216562,0
0.005950254,0
0.002501536,1
0.18903868,0
0.07504531,0
0.035678167,0
0.666389,0
0.25074723,1
0.60800546,0
0.5746231,0
0.0042128065,0
0.61463183,0
0.010039461,0
0.8363179,1
0.59004486,0
0.6065425,0
0.29108807,0
0.004707427,0
0.0061067124,0
0.17341317,0
0.004532077,0
0.39327037,0
0.01952739,0
0.004831876,0
0.03892859,0
0.11110624,0
0.39252046,1
0.74803007,0
0.60085845,0
0.009482255,0
0.7233861,1
0.26392016,0
0.008324516,0
0.8110185,1
0.0033536062,0
0.0059398497,0
0.33263335,1
0.47901234,0
0.12513669,0
0.043289457,0
0.006730218,0
0.0043065115,0
0.66914654,0
0.006878437,0
0.0062281773,0
0.032974012,0
0.100191645,0
0.120362654,0
0.6534292,1
0.054402478,0
0.7626886,1
0.32585314,0
0.72757906,1
0.08876518,0
0.42263073,0
0.032224394,0
0.007543285,0
0.3211344,0
0.011525335,0
0.8038378,1
0.71722144,0
0.03622168,0
0.8134186,1
0.41775274,0
0.002291496,0
0.0028264083,0
0.3236802,1
0.0030868205,0
0.34471467,1
0.66027844,0
0.010094903,0
0.004164727,0
0.0032410813,0
0.025618423,0
0.06806912,0
0.029142005,0
0.012612716,0
0.46409243,0
0.42659193,0
0.006745996,0
0.5959615,0
0.29027396,0
0.18517363,0
0.6159554,0
0.63772756,0
0.046217255,0
0.0028137818,0
0.7983381,0
0.83256054,1
0.30172497,0
0.0019526825,0
0.04298722,0
0.4415754,0
0.8236973,1
0.7313416,1
0.7434174,1
0.64154255,1
0.17400089,0
0.72936416,1
0.018677015,0
0.15616566,0
0.5604276,0
0.7467274,0
0.0027755718,0
0.7927563,0
0.0026093656,0
0.62849957,0
0.019311039,0
0.8632797,0
0.73985136,0
0.895053,1
0.6066474,0
0.48476475,0
0.0022567508,0
0.01178983,0
0.1585262,0
0.11507308,0
0.009419866,0
0.32571524,0
0.37200424,0
0.7843176,1
0.35560903,0
0.1289645,0
0.10273809,0
0.29118145,0
0.0054383054,0
0.002835803,0
0.30316773,0
0.005931893,0
0.775875,0
0.0055591254,0
0.20579168,0
0.6642434,1
0.7594402,0
0.49554607,0
0.10366838,0
0.8473163,1
0.29968166,0
0.15095124,0
0.47493264,0
0.021725379,0
0.49344817,0
0.029835513,0
0.7048915,1
0.85392857,1
0.023891643,0
0.082265,0
0.005974743,0
0.64443374,0
0.017467257,0
0.061359417,0
0.046089333,0
0.18682711,0
0.23274453,0
0.35777226,1
0.1987234,0
0.32346198,0
0.8247885,0
0.73975104,0
0.004671038,0
0.8872791,0
0.021437306,0
0.007934116,0
0.5991129,0
0.0037733803,0
0.49428466,1
0.8951219,0
0.23310725,0
0.100857906,0
0.36340505,0
0.003978304,0
0.75404966,1
0.053456157,0
0.058126673,0
0.8192979,0
0.30268332,0
0.6697116,0
0.18437783,0
0.72964686,0
0.009954749,0
0.06420425,0
0.39438316,0
0.53762585,0
0.6861615,0
0.72737247,1
0.005660985,0
0.03064621,0
0.003954789,0
0.0077898297,0
0.012938919,0
0.63188076,0
0.012520884,0
0.030429194,0
0.84779376,1
0.41344658,0
0.48120788,0
0.018749172,0
0.021010607,0
0.0049139177,0
0.0101714535,0
0.43155414,0
0.004449539,0
0.4876965,0
0.024011683,0
0.77494586,1
0.011602535,0
0.00725424,0
0.18569352,0
0.19525747,0
0.80329907,1
0.06012024,0
0.0049003223,0
0.011265442,0
0.007585274,0
0.0029682089,0
0.37673596,0
0.47812825,1
0.6484132,0
0.050039824,0
0.43789136,0
0.34688333,0
0.004388658,0
0.51170653,0
0.018366178,0
0.069181554,0
0.0037423507,0
0.015347222,0
0.12693132,0
0.8089688,0
0.008615376,0
0.030934434,0
0.7831245,0
0.20455106,0
0.32865024,0
0.59298503,1
0.12797,0
0.6993178,0
0.06568044,0
0.45003575,0
0.22664694,0
0.0017431024,0
0.37227967,0
0.7749677,1
0.5341278,0
0.80016613,0
0.020530185,0
0.0056583197,0
0.0129656745,0
0.19656475,0
0.0058644926,0
0.8085648,0
0.60583717,0
0.79245955,1
0.0032023618,0
0.84576774,0
0.13161711,0
0.27486628,0
0.004817885,0
0.67247856,1
0.034902714,0
0.0023167357,0
0.8350067,0
0.11413558,0
0.03781982,1
0.034997772,0
0.010145844,0
0.15076359,1
0.56792635,0
0.682274,1
0.03958981,0
0.0030181804,0
0.30736244,1
0.3824586,0
0.0033972596,0
0.2540845,0
0.0026540763,0
0.78030217,1
0.73114717,1
0.0124005,0
0.7754543,0
0.0061299377,0
0.6114307,1
0.25875703,0
0.7652241,0
0.005190767,0
0.26888573,0
0.51852214,0
0.0018423306,0
0.29384133,0
0.6867108,0
0.49519107,0
0.39431542,0
0.0034728998,0
0.0051085283,0
0.010013443,0
0.005410337,0
0.023173135,0
0.22835565,0
0.11944002,0
0.548085,0
0.01918487,0
0.46950153,0
0.0070403563,0
0.84745806,0
0.0033334168,0
0.2647932,0
0.011638554,0
0.025117237,0
0.07243554,0
0.0045225522,0
0.14465895,0
0.5585057,0
0.34289658,0
0.7330491,0
0.0026805268,0
0.83751327,0
0.018856807,0
0.7569813,1
0.6496441,0
0.61421794,0
0.7134823,0
0.0050992155,0
0.7901496,1
0.13125606,0
0.5875447,0
0.12177935,0
0.3684447,0
0.13987775,0
0.0026798944,0
0.17372142,0
0.026323289,0
0.12677625,0
0.006331501,0
0.013797324,0
0.76133597,0
0.6791029,0
0.0017578036,0
0.05459734,0
0.35367876,0
0.0047682747,0
0.7568599,0
0.33911052,1
0.26602703,0
0.72174275,1
0.41110188,0
0.013235445,0
0.0056567723,0
0.37284145,0
0.51636416,0
0.86723274,0
0.0059516896,0
0.11956833,0
0.002625406,0
0.0033000733,0
0.17926365,0
0.008101512,0
0.68273747,1
0.008326135,0
0.06359963,0
0.021351792,0
0.7034352,1
0.08562892,0
0.37627476,0
0.03766253,0
0.0036070289,0
0.8738425,0
0.38811,0
0.14688319,0
0.19044854,0
0.48933646,0
0.74428904,0
0.00405584,0
0.0023256007,0
0.25114176,0
0.3767896,0
0.0056455154,0
0.6332947,0
0.005820975,0
0.70446295,1
0.8051815,0
0.41087428,0
0.30896035,0
0.16500789,0
0.568336,0
0.12871702,0
0.41240424,0
0.6442555,0
0.5096003,0
0.66713125,0
0.030789755,0
0.24398635,0
0.678573,1
0.5255447,1
0.008927008,0
0.018824834,0
0.481067,0
0.0070301094,0
0.7766627,1
0.3803874,0
0.06688495,0
0.12463578,0
0.0060596294,0
0.004933575,0
0.001407215,0
0.015992345,0
0.40452978,0
0.21434234,0
0.8247831,1
0.017553153,0
0.11961491,0
0.7105962,0
0.7044067,0
0.0026049477,0
0.012559537,0
0.0103083,0
0.018029572,0
0.37689373,0
0.07452269,0
0.005752875,0
0.4776411,0
0.5008268,0
0.34846017,1
0.0026595513,0
0.09889756,0
0.014925919,0
0.120369084,1
0.41537666,1
0.6784273,1
0.030581364,0
0.376143,0
0.69005525,0
0.7505336,1
0.003451599,0
0.01765393,0
0.024065476,0
0.0031679675,0
0.08733439,0
0.20978376,0
0.28309053,0
0.76889503,0
0.013457307,0
0.0069013145,0
0.10782274,0
0.7397983,0
0.35194513,0
0.32040057,0
0.011103474,0
0.006963842,0
0.27933237,0
0.32658648,0
0.0035341345,0
0.7257194,1
0.013968059,0
0.10054311,1
0.07904033,0
0.38522568,0
0.6109589,0
0.002723217,0
0.012120044,0
0.5139513,0
0.16548452,0
0.013442703,0
0.67325133,1
0.48564172,0
0.07227575,0
0.02032795,0
0.3382527,0
0.4969743,1
0.008095844,0
0.8041453,1
0.18221028,0
0.7513943,1
0.39686173,0
0.020792855,0
0.0052155247,0
0.0033544193,0
0.17621538,0
0.52670515,1
0.46253312,0
0.22476241,0
0.0040471335,0
0.09459079,0
0.3348112,0
0.8301437,0
0.015153115,0
0.83226246,0
0.006188129,0
0.7729074,1
0.7251747,0
0.0110267345,0
0.019485598,0
0.5406393,0
0.1350988,0
0.35833463,0
0.45186627,0
0.008835892,0
0.31056345,0
0.25788942,0
0.113167256,0
0.76841235,0
0.0086370995,0
0.016811535,0
0.0018555147,0
0.0042695943,0
0.0054031545,0
0.2586493,0
0.009509915,0
0.21459202,0
0.24854611,0
0.026834983,0
0.79110354,1
0.4632343,0
0.048793934,0
0.21375866,0
0.003374891,0
0.36379814,1
0.004774801,0
0.5287941,0
0.021154542,0
0.5226887,0
0.38822338,0
0.04228797,0
0.002983192,0
0.00295657,0
0.23505686,0
0.009060465,0
0.0391672,0
0.22760394,0
0.051969253,0
0.5603316,0
0.3631065,0
0.002877449,0
0.53973675,1
0.30195528,0
0.7483453,1
0.47219265,0
0.7776515,1
0.36289343,0
0.79270524,0
0.014657497,0
0.03517322,0
0.04090034,0
0.44159642,0
0.0065588313,0
0.08596544,0
0.008372865,0
0.37763864,0
0.0057768333,0
0.6629819,0
0.0040433607,0
0.2226106,0
0.31753066,0
0.7376425,1
0.018483784,0
0.031300247,0
0.54721785,0
0.010793805,0
0.689143,1
0.027328731,0
0.111183144,0
0.76683444,1
0.7143464,0
0.0031446696,0
0.45069522,1
0.0056448625,0
0.51057243,0
0.71776253,1
0.82565695,1
0.78555727,1
0.024177285,0
0.122778855,0
0.5679116,1
0.70604056,0
0.01518179,0
0.56605965,0
0.47469527,0
0.0036022456,0
0.40422204,0
0.62428117,0
0.012947495,0
0.0027250953,0
0.66442966,1
0.5851195,0
0.003910291,0
0.026972413,0
0.6949736,1
0.16774079,1
0.217795,0
0.229555,0
0.7506346,0
0.20497034,0
0.6828367,0
0.39527544,0
0.72647834,1
