model,strategy,method,cal_logloss,cal_ece,cal_auc,cal_f1,logloss_rank,ece_rank,avg_rank
stack_meta,weighted_blend,base,0.4634784425812691,0.011511580398244927,0.8283360767575041,0.669248456976885,1.0,1.0,1.0
stack_meta,weighted_blend,isotonic,0.46551854530137504,0.014337545692345336,0.8278507026056626,0.6727488151658768,2.0,2.0,2.0
stack_meta,weighted_blend,venn_abers,0.46568397675801243,0.01577611871566977,0.8278016423457908,0.6731406916153482,3.0,3.0,3.0
stack_meta,weighted_blend,platt,0.4696110718388502,0.031187068982079066,0.8283360767575041,0.6591078993271866,4.0,4.0,4.0
